2022-02-04 02:59:36,607 [Worker-5: Loading available Gradle versions] INFO  o.e.b.c.i.u.g.PublishedGradleVersions - Gradle version information cache is up-to-date. Trying to read.
2022-02-04 03:06:41,560 [Worker-5: Loading available Gradle versions] INFO  o.e.b.c.i.u.g.PublishedGradleVersions - Gradle version information cache is up-to-date. Trying to read.
2022-02-04 03:09:43,442 [Worker-10: Enabling Maven Dependency Management] INFO  o.e.m.c.i.e.AbstractTransferListenerAdapter - Downloading https://repo.maven.apache.org/maven2/org/apache/maven/plugins/maven-compiler-plugin/3.8.1/maven-compiler-plugin-3.8.1.jar
2022-02-04 03:09:43,916 [Worker-10: Enabling Maven Dependency Management] INFO  o.e.m.c.i.e.AbstractTransferListenerAdapter - Downloaded https://repo.maven.apache.org/maven2/org/apache/maven/plugins/maven-compiler-plugin/3.8.1/maven-compiler-plugin-3.8.1.jar
2022-02-04 03:09:44,219 [Worker-10: Enabling Maven Dependency Management] INFO  o.e.m.c.i.e.AbstractTransferListenerAdapter - Downloading https://repo.maven.apache.org/maven2/org/apache/maven/plugins/maven-compiler-plugin/3.8.1/maven-compiler-plugin-3.8.1.pom
2022-02-04 03:09:44,468 [Worker-10: Enabling Maven Dependency Management] INFO  o.e.m.c.i.e.AbstractTransferListenerAdapter - Downloaded https://repo.maven.apache.org/maven2/org/apache/maven/plugins/maven-compiler-plugin/3.8.1/maven-compiler-plugin-3.8.1.pom
2022-02-04 03:09:44,745 [Worker-10: Enabling Maven Dependency Management] INFO  o.e.m.c.i.e.AbstractTransferListenerAdapter - Downloading https://repo.maven.apache.org/maven2/org/apache/maven/plugins/maven-plugins/33/maven-plugins-33.pom
2022-02-04 03:09:44,985 [Worker-10: Enabling Maven Dependency Management] INFO  o.e.m.c.i.e.AbstractTransferListenerAdapter - Downloaded https://repo.maven.apache.org/maven2/org/apache/maven/plugins/maven-plugins/33/maven-plugins-33.pom
2022-02-04 03:09:45,843 [Worker-10: Enabling Maven Dependency Management] INFO  o.e.m.c.i.l.LifecycleMappingFactory - Using org.eclipse.m2e.jdt.JarLifecycleMapping lifecycle mapping for MavenProject: CucumberAPITesting:CucumberAPITesting:0.0.1-SNAPSHOT @ D:\Documents\QA Engineer\Learn and Teach\JAVA BDD Cucumber Web, Mobile and API Testing\JavaAPITesting\CucumberAPITesting\pom.xml.
2022-02-04 03:09:46,299 [Worker-1: Building] WARN  o.e.m.c.i.embedder.EclipseLogger - Using platform encoding (Cp1252 actually) to copy filtered resources, i.e. build is platform dependent!
2022-02-04 03:09:46,301 [Worker-1: Building] INFO  o.e.m.c.i.embedder.EclipseLogger - skip non existing resourceDirectory D:\Documents\QA Engineer\Learn and Teach\JAVA BDD Cucumber Web, Mobile and API Testing\JavaAPITesting\CucumberAPITesting\src\main\resources
2022-02-04 03:09:46,305 [Worker-1: Building] WARN  o.e.m.c.i.embedder.EclipseLogger - Using platform encoding (Cp1252 actually) to copy filtered resources, i.e. build is platform dependent!
2022-02-04 03:09:46,306 [Worker-1: Building] INFO  o.e.m.c.i.embedder.EclipseLogger - skip non existing resourceDirectory D:\Documents\QA Engineer\Learn and Teach\JAVA BDD Cucumber Web, Mobile and API Testing\JavaAPITesting\CucumberAPITesting\src\test\resources
2022-02-04 03:09:46,487 [Worker-10: Enabling Maven Dependency Management] INFO  o.e.m.j.i.AbstractJavaProjectConfigurator - Adding source folder /CucumberAPITesting/src
2022-02-04 03:09:46,493 [Worker-10: Enabling Maven Dependency Management] INFO  o.e.m.j.i.AbstractJavaProjectConfigurator - Not adding source folder /CucumberAPITesting/src/test/java because it overlaps with /CucumberAPITesting/src
2022-02-04 03:09:46,833 [Worker-10: Enabling Maven Dependency Management] INFO  o.e.m.c.i.p.ProjectConfigurationManager - Update started
2022-02-04 03:09:47,539 [Worker-10: Enabling Maven Dependency Management] INFO  o.e.m.c.i.l.LifecycleMappingFactory - Using org.eclipse.m2e.jdt.JarLifecycleMapping lifecycle mapping for MavenProject: CucumberAPITesting:CucumberAPITesting:0.0.1-SNAPSHOT @ D:\Documents\QA Engineer\Learn and Teach\JAVA BDD Cucumber Web, Mobile and API Testing\JavaAPITesting\CucumberAPITesting\pom.xml.
2022-02-04 03:09:48,097 [Worker-10: Enabling Maven Dependency Management] INFO  o.e.m.j.i.AbstractJavaProjectConfigurator - Adding source folder /CucumberAPITesting/src
2022-02-04 03:09:48,099 [Worker-10: Enabling Maven Dependency Management] INFO  o.e.m.j.i.AbstractJavaProjectConfigurator - Not adding source folder /CucumberAPITesting/src/test/java because it overlaps with /CucumberAPITesting/src
2022-02-04 03:09:48,143 [Worker-10: Enabling Maven Dependency Management] INFO  o.e.m.c.i.p.ProjectConfigurationManager - Update completed: 1 sec
2022-02-04 03:09:48,301 [Worker-11: Building] WARN  o.e.m.c.i.embedder.EclipseLogger - Using platform encoding (Cp1252 actually) to copy filtered resources, i.e. build is platform dependent!
2022-02-04 03:09:48,305 [Worker-11: Building] INFO  o.e.m.c.i.embedder.EclipseLogger - skip non existing resourceDirectory D:\Documents\QA Engineer\Learn and Teach\JAVA BDD Cucumber Web, Mobile and API Testing\JavaAPITesting\CucumberAPITesting\src\main\resources
2022-02-04 03:09:48,308 [Worker-11: Building] WARN  o.e.m.c.i.embedder.EclipseLogger - Using platform encoding (Cp1252 actually) to copy filtered resources, i.e. build is platform dependent!
2022-02-04 03:09:48,309 [Worker-11: Building] INFO  o.e.m.c.i.embedder.EclipseLogger - skip non existing resourceDirectory D:\Documents\QA Engineer\Learn and Teach\JAVA BDD Cucumber Web, Mobile and API Testing\JavaAPITesting\CucumberAPITesting\src\test\resources
2022-02-04 03:13:11,861 [Worker-12: Building] INFO  o.e.m.c.i.l.LifecycleMappingFactory - Using org.eclipse.m2e.jdt.JarLifecycleMapping lifecycle mapping for MavenProject: CucumberAPITesting:CucumberAPITesting:0.0.1-SNAPSHOT @ D:\Documents\QA Engineer\Learn and Teach\JAVA BDD Cucumber Web, Mobile and API Testing\JavaAPITesting\CucumberAPITesting\pom.xml.
2022-02-04 03:13:12,839 [Worker-12: Building] INFO  o.e.m.c.i.e.AbstractTransferListenerAdapter - Downloading https://repo.maven.apache.org/maven2/org/apache/httpcomponents/httpcomponents-client/4.5.13/httpcomponents-client-4.5.13.pom
2022-02-04 03:13:13,124 [Worker-12: Building] INFO  o.e.m.c.i.e.AbstractTransferListenerAdapter - Downloaded https://repo.maven.apache.org/maven2/org/apache/httpcomponents/httpcomponents-client/4.5.13/httpcomponents-client-4.5.13.pom
2022-02-04 03:13:13,569 [Worker-12: Building] INFO  o.e.m.c.i.e.AbstractTransferListenerAdapter - Downloading https://repo.maven.apache.org/maven2/org/apache/httpcomponents/httpcomponents-core/4.4.13/httpcomponents-core-4.4.13.pom
2022-02-04 03:13:13,836 [Worker-12: Building] INFO  o.e.m.c.i.e.AbstractTransferListenerAdapter - Downloaded https://repo.maven.apache.org/maven2/org/apache/httpcomponents/httpcomponents-core/4.4.13/httpcomponents-core-4.4.13.pom
2022-02-04 03:13:14,112 [Worker-12: Building] INFO  o.e.m.c.i.e.AbstractTransferListenerAdapter - Downloading https://repo.maven.apache.org/maven2/org/apache/httpcomponents/httpmime/4.5.13/httpmime-4.5.13.pom
2022-02-04 03:13:14,371 [Worker-12: Building] INFO  o.e.m.c.i.e.AbstractTransferListenerAdapter - Downloaded https://repo.maven.apache.org/maven2/org/apache/httpcomponents/httpmime/4.5.13/httpmime-4.5.13.pom
2022-02-04 03:13:14,602 [Worker-12: Building] INFO  o.e.m.c.i.e.AbstractTransferListenerAdapter - Downloading https://repo.maven.apache.org/maven2/org/hamcrest/hamcrest/2.1/hamcrest-2.1.pom
2022-02-04 03:13:14,846 [Worker-12: Building] INFO  o.e.m.c.i.e.AbstractTransferListenerAdapter - Downloaded https://repo.maven.apache.org/maven2/org/hamcrest/hamcrest/2.1/hamcrest-2.1.pom
2022-02-04 03:13:15,072 [Worker-12: Building] INFO  o.e.m.c.i.e.AbstractTransferListenerAdapter - Downloading https://repo.maven.apache.org/maven2/org/ccil/cowan/tagsoup/tagsoup/1.2.1/tagsoup-1.2.1.pom
2022-02-04 03:13:15,301 [Worker-12: Building] INFO  o.e.m.c.i.e.AbstractTransferListenerAdapter - Downloaded https://repo.maven.apache.org/maven2/org/ccil/cowan/tagsoup/tagsoup/1.2.1/tagsoup-1.2.1.pom
2022-02-04 03:13:15,541 [Worker-12: Building] INFO  o.e.m.c.i.e.AbstractTransferListenerAdapter - Downloading https://repo.maven.apache.org/maven2/io/rest-assured/json-path/4.5.0/json-path-4.5.0.pom
2022-02-04 03:13:15,792 [Worker-12: Building] INFO  o.e.m.c.i.e.AbstractTransferListenerAdapter - Downloaded https://repo.maven.apache.org/maven2/io/rest-assured/json-path/4.5.0/json-path-4.5.0.pom
2022-02-04 03:13:16,037 [Worker-12: Building] INFO  o.e.m.c.i.e.AbstractTransferListenerAdapter - Downloading https://repo.maven.apache.org/maven2/org/codehaus/groovy/groovy-json/3.0.9/groovy-json-3.0.9.pom
2022-02-04 03:13:16,325 [Worker-12: Building] INFO  o.e.m.c.i.e.AbstractTransferListenerAdapter - Downloaded https://repo.maven.apache.org/maven2/org/codehaus/groovy/groovy-json/3.0.9/groovy-json-3.0.9.pom
2022-02-04 03:13:16,562 [Worker-12: Building] INFO  o.e.m.c.i.e.AbstractTransferListenerAdapter - Downloading https://repo.maven.apache.org/maven2/io/rest-assured/rest-assured-common/4.5.0/rest-assured-common-4.5.0.pom
2022-02-04 03:13:16,806 [Worker-12: Building] INFO  o.e.m.c.i.e.AbstractTransferListenerAdapter - Downloaded https://repo.maven.apache.org/maven2/io/rest-assured/rest-assured-common/4.5.0/rest-assured-common-4.5.0.pom
2022-02-04 03:13:17,080 [Worker-12: Building] INFO  o.e.m.c.i.e.AbstractTransferListenerAdapter - Downloading https://repo.maven.apache.org/maven2/org/apache/commons/commons-lang3/3.11/commons-lang3-3.11.pom
2022-02-04 03:13:17,435 [Worker-12: Building] INFO  o.e.m.c.i.e.AbstractTransferListenerAdapter - Downloaded https://repo.maven.apache.org/maven2/org/apache/commons/commons-lang3/3.11/commons-lang3-3.11.pom
2022-02-04 03:13:17,670 [Worker-12: Building] INFO  o.e.m.c.i.e.AbstractTransferListenerAdapter - Downloading https://repo.maven.apache.org/maven2/org/apache/commons/commons-parent/51/commons-parent-51.pom
2022-02-04 03:13:18,145 [Worker-12: Building] INFO  o.e.m.c.i.e.AbstractTransferListenerAdapter - Downloaded https://repo.maven.apache.org/maven2/org/apache/commons/commons-parent/51/commons-parent-51.pom
2022-02-04 03:13:18,398 [Worker-12: Building] INFO  o.e.m.c.i.e.AbstractTransferListenerAdapter - Downloading https://repo.maven.apache.org/maven2/io/rest-assured/xml-path/4.5.0/xml-path-4.5.0.pom
2022-02-04 03:13:18,628 [Worker-12: Building] INFO  o.e.m.c.i.e.AbstractTransferListenerAdapter - Downloaded https://repo.maven.apache.org/maven2/io/rest-assured/xml-path/4.5.0/xml-path-4.5.0.pom
2022-02-04 03:13:18,872 [AetherRepositoryConnector-repo.maven.apache.org-0-1] INFO  o.e.m.c.i.e.AbstractTransferListenerAdapter - Downloading https://repo.maven.apache.org/maven2/org/codehaus/groovy/groovy/3.0.9/groovy-3.0.9.jar
2022-02-04 03:13:19,431 [AetherRepositoryConnector-repo.maven.apache.org-0-0] INFO  o.e.m.c.i.e.AbstractTransferListenerAdapter - Downloading https://repo.maven.apache.org/maven2/io/rest-assured/rest-assured/4.5.0/rest-assured-4.5.0.jar
2022-02-04 03:13:19,432 [AetherRepositoryConnector-repo.maven.apache.org-0-4] INFO  o.e.m.c.i.e.AbstractTransferListenerAdapter - Downloading https://repo.maven.apache.org/maven2/org/apache/httpcomponents/httpcore/4.4.13/httpcore-4.4.13.jar
2022-02-04 03:13:19,432 [AetherRepositoryConnector-repo.maven.apache.org-0-2] INFO  o.e.m.c.i.e.AbstractTransferListenerAdapter - Downloading https://repo.maven.apache.org/maven2/org/codehaus/groovy/groovy-xml/3.0.9/groovy-xml-3.0.9.jar
2022-02-04 03:13:19,572 [AetherRepositoryConnector-repo.maven.apache.org-0-3] INFO  o.e.m.c.i.e.AbstractTransferListenerAdapter - Downloading https://repo.maven.apache.org/maven2/org/apache/httpcomponents/httpclient/4.5.13/httpclient-4.5.13.jar
2022-02-04 03:13:20,634 [AetherRepositoryConnector-repo.maven.apache.org-0-4] INFO  o.e.m.c.i.e.AbstractTransferListenerAdapter - Downloaded https://repo.maven.apache.org/maven2/org/apache/httpcomponents/httpcore/4.4.13/httpcore-4.4.13.jar
2022-02-04 03:13:20,634 [AetherRepositoryConnector-repo.maven.apache.org-0-2] INFO  o.e.m.c.i.e.AbstractTransferListenerAdapter - Downloaded https://repo.maven.apache.org/maven2/org/codehaus/groovy/groovy-xml/3.0.9/groovy-xml-3.0.9.jar
2022-02-04 03:13:20,972 [AetherRepositoryConnector-repo.maven.apache.org-0-0] INFO  o.e.m.c.i.e.AbstractTransferListenerAdapter - Downloaded https://repo.maven.apache.org/maven2/io/rest-assured/rest-assured/4.5.0/rest-assured-4.5.0.jar
2022-02-04 03:13:20,997 [AetherRepositoryConnector-repo.maven.apache.org-0-3] INFO  o.e.m.c.i.e.AbstractTransferListenerAdapter - Downloaded https://repo.maven.apache.org/maven2/org/apache/httpcomponents/httpclient/4.5.13/httpclient-4.5.13.jar
2022-02-04 03:13:21,211 [AetherRepositoryConnector-repo.maven.apache.org-0-2] INFO  o.e.m.c.i.e.AbstractTransferListenerAdapter - Downloading https://repo.maven.apache.org/maven2/org/hamcrest/hamcrest/2.1/hamcrest-2.1.jar
2022-02-04 03:13:21,211 [AetherRepositoryConnector-repo.maven.apache.org-0-4] INFO  o.e.m.c.i.e.AbstractTransferListenerAdapter - Downloading https://repo.maven.apache.org/maven2/org/apache/httpcomponents/httpmime/4.5.13/httpmime-4.5.13.jar
2022-02-04 03:13:21,564 [AetherRepositoryConnector-repo.maven.apache.org-0-3] INFO  o.e.m.c.i.e.AbstractTransferListenerAdapter - Downloading https://repo.maven.apache.org/maven2/io/rest-assured/json-path/4.5.0/json-path-4.5.0.jar
2022-02-04 03:13:21,564 [AetherRepositoryConnector-repo.maven.apache.org-0-0] INFO  o.e.m.c.i.e.AbstractTransferListenerAdapter - Downloading https://repo.maven.apache.org/maven2/org/ccil/cowan/tagsoup/tagsoup/1.2.1/tagsoup-1.2.1.jar
2022-02-04 03:13:21,833 [AetherRepositoryConnector-repo.maven.apache.org-0-4] INFO  o.e.m.c.i.e.AbstractTransferListenerAdapter - Downloaded https://repo.maven.apache.org/maven2/org/apache/httpcomponents/httpmime/4.5.13/httpmime-4.5.13.jar
2022-02-04 03:13:21,901 [AetherRepositoryConnector-repo.maven.apache.org-0-2] INFO  o.e.m.c.i.e.AbstractTransferListenerAdapter - Downloaded https://repo.maven.apache.org/maven2/org/hamcrest/hamcrest/2.1/hamcrest-2.1.jar
2022-02-04 03:13:22,186 [AetherRepositoryConnector-repo.maven.apache.org-0-3] INFO  o.e.m.c.i.e.AbstractTransferListenerAdapter - Downloaded https://repo.maven.apache.org/maven2/io/rest-assured/json-path/4.5.0/json-path-4.5.0.jar
2022-02-04 03:13:22,187 [AetherRepositoryConnector-repo.maven.apache.org-0-4] INFO  o.e.m.c.i.e.AbstractTransferListenerAdapter - Downloading https://repo.maven.apache.org/maven2/org/codehaus/groovy/groovy-json/3.0.9/groovy-json-3.0.9.jar
2022-02-04 03:13:22,189 [AetherRepositoryConnector-repo.maven.apache.org-0-0] INFO  o.e.m.c.i.e.AbstractTransferListenerAdapter - Downloaded https://repo.maven.apache.org/maven2/org/ccil/cowan/tagsoup/tagsoup/1.2.1/tagsoup-1.2.1.jar
2022-02-04 03:13:22,213 [AetherRepositoryConnector-repo.maven.apache.org-0-2] INFO  o.e.m.c.i.e.AbstractTransferListenerAdapter - Downloading https://repo.maven.apache.org/maven2/io/rest-assured/rest-assured-common/4.5.0/rest-assured-common-4.5.0.jar
2022-02-04 03:13:22,449 [AetherRepositoryConnector-repo.maven.apache.org-0-3] INFO  o.e.m.c.i.e.AbstractTransferListenerAdapter - Downloading https://repo.maven.apache.org/maven2/io/rest-assured/xml-path/4.5.0/xml-path-4.5.0.jar
2022-02-04 03:13:22,468 [AetherRepositoryConnector-repo.maven.apache.org-0-0] INFO  o.e.m.c.i.e.AbstractTransferListenerAdapter - Downloading https://repo.maven.apache.org/maven2/org/apache/commons/commons-lang3/3.11/commons-lang3-3.11.jar
2022-02-04 03:13:22,637 [AetherRepositoryConnector-repo.maven.apache.org-0-4] INFO  o.e.m.c.i.e.AbstractTransferListenerAdapter - Downloaded https://repo.maven.apache.org/maven2/org/codehaus/groovy/groovy-json/3.0.9/groovy-json-3.0.9.jar
2022-02-04 03:13:22,732 [AetherRepositoryConnector-repo.maven.apache.org-0-2] INFO  o.e.m.c.i.e.AbstractTransferListenerAdapter - Downloaded https://repo.maven.apache.org/maven2/io/rest-assured/rest-assured-common/4.5.0/rest-assured-common-4.5.0.jar
2022-02-04 03:13:22,732 [AetherRepositoryConnector-repo.maven.apache.org-0-1] INFO  o.e.m.c.i.e.AbstractTransferListenerAdapter - Downloaded https://repo.maven.apache.org/maven2/org/codehaus/groovy/groovy/3.0.9/groovy-3.0.9.jar
2022-02-04 03:13:22,733 [AetherRepositoryConnector-repo.maven.apache.org-0-3] INFO  o.e.m.c.i.e.AbstractTransferListenerAdapter - Downloaded https://repo.maven.apache.org/maven2/io/rest-assured/xml-path/4.5.0/xml-path-4.5.0.jar
2022-02-04 03:13:22,957 [AetherRepositoryConnector-repo.maven.apache.org-0-0] INFO  o.e.m.c.i.e.AbstractTransferListenerAdapter - Downloaded https://repo.maven.apache.org/maven2/org/apache/commons/commons-lang3/3.11/commons-lang3-3.11.jar
2022-02-04 03:13:23,441 [Worker-12: Building] WARN  o.e.m.c.i.embedder.EclipseLogger - Using platform encoding (Cp1252 actually) to copy filtered resources, i.e. build is platform dependent!
2022-02-04 03:13:23,442 [Worker-12: Building] INFO  o.e.m.c.i.embedder.EclipseLogger - skip non existing resourceDirectory D:\Documents\QA Engineer\Learn and Teach\JAVA BDD Cucumber Web, Mobile and API Testing\JavaAPITesting\CucumberAPITesting\src\main\resources
2022-02-04 03:13:23,450 [Worker-12: Building] WARN  o.e.m.c.i.embedder.EclipseLogger - Using platform encoding (Cp1252 actually) to copy filtered resources, i.e. build is platform dependent!
2022-02-04 03:13:23,451 [Worker-12: Building] INFO  o.e.m.c.i.embedder.EclipseLogger - skip non existing resourceDirectory D:\Documents\QA Engineer\Learn and Teach\JAVA BDD Cucumber Web, Mobile and API Testing\JavaAPITesting\CucumberAPITesting\src\test\resources
2022-02-04 03:13:24,707 [Worker-5: Building] WARN  o.e.m.c.i.embedder.EclipseLogger - Using platform encoding (Cp1252 actually) to copy filtered resources, i.e. build is platform dependent!
2022-02-04 03:13:24,708 [Worker-5: Building] INFO  o.e.m.c.i.embedder.EclipseLogger - skip non existing resourceDirectory D:\Documents\QA Engineer\Learn and Teach\JAVA BDD Cucumber Web, Mobile and API Testing\JavaAPITesting\CucumberAPITesting\src\main\resources
2022-02-04 03:13:24,711 [Worker-5: Building] WARN  o.e.m.c.i.embedder.EclipseLogger - Using platform encoding (Cp1252 actually) to copy filtered resources, i.e. build is platform dependent!
2022-02-04 03:13:24,714 [Worker-5: Building] INFO  o.e.m.c.i.embedder.EclipseLogger - skip non existing resourceDirectory D:\Documents\QA Engineer\Learn and Teach\JAVA BDD Cucumber Web, Mobile and API Testing\JavaAPITesting\CucumberAPITesting\src\test\resources
2022-02-04 03:13:25,217 [Worker-14: Download sources and javadoc] INFO  o.e.m.c.i.e.AbstractTransferListenerAdapter - Downloading https://repo.maven.apache.org/maven2/io/rest-assured/rest-assured/4.5.0/rest-assured-4.5.0-sources.jar
2022-02-04 03:13:26,774 [Worker-14: Download sources and javadoc] INFO  o.e.m.c.i.e.AbstractTransferListenerAdapter - Downloaded https://repo.maven.apache.org/maven2/io/rest-assured/rest-assured/4.5.0/rest-assured-4.5.0-sources.jar
2022-02-04 03:13:26,779 [Worker-14: Download sources and javadoc] INFO  o.e.m.j.internal.DownloadSourcesJob - Downloaded sources for io.rest-assured:rest-assured:4.5.0
2022-02-04 03:13:27,777 [Worker-14: Download sources and javadoc] INFO  o.e.m.c.i.e.AbstractTransferListenerAdapter - Downloading https://repo.maven.apache.org/maven2/org/codehaus/groovy/groovy/3.0.9/groovy-3.0.9-sources.jar
2022-02-04 03:13:31,926 [Worker-14: Download sources and javadoc] INFO  o.e.m.c.i.e.AbstractTransferListenerAdapter - Downloaded https://repo.maven.apache.org/maven2/org/codehaus/groovy/groovy/3.0.9/groovy-3.0.9-sources.jar
2022-02-04 03:13:31,930 [Worker-14: Download sources and javadoc] INFO  o.e.m.j.internal.DownloadSourcesJob - Downloaded sources for org.codehaus.groovy:groovy:3.0.9
2022-02-04 03:13:33,098 [Worker-14: Download sources and javadoc] INFO  o.e.m.c.i.e.AbstractTransferListenerAdapter - Downloading https://repo.maven.apache.org/maven2/org/codehaus/groovy/groovy-xml/3.0.9/groovy-xml-3.0.9-sources.jar
2022-02-04 03:13:34,245 [Worker-14: Download sources and javadoc] INFO  o.e.m.c.i.e.AbstractTransferListenerAdapter - Downloaded https://repo.maven.apache.org/maven2/org/codehaus/groovy/groovy-xml/3.0.9/groovy-xml-3.0.9-sources.jar
2022-02-04 03:13:34,249 [Worker-14: Download sources and javadoc] INFO  o.e.m.j.internal.DownloadSourcesJob - Downloaded sources for org.codehaus.groovy:groovy-xml:3.0.9
2022-02-04 03:13:35,204 [Worker-14: Download sources and javadoc] INFO  o.e.m.c.i.e.AbstractTransferListenerAdapter - Downloading https://repo.maven.apache.org/maven2/org/apache/httpcomponents/httpclient/4.5.13/httpclient-4.5.13-sources.jar
2022-02-04 03:13:37,141 [Worker-14: Download sources and javadoc] INFO  o.e.m.c.i.e.AbstractTransferListenerAdapter - Downloaded https://repo.maven.apache.org/maven2/org/apache/httpcomponents/httpclient/4.5.13/httpclient-4.5.13-sources.jar
2022-02-04 03:13:37,147 [Worker-14: Download sources and javadoc] INFO  o.e.m.j.internal.DownloadSourcesJob - Downloaded sources for org.apache.httpcomponents:httpclient:4.5.13
2022-02-04 03:13:38,081 [Worker-14: Download sources and javadoc] INFO  o.e.m.c.i.e.AbstractTransferListenerAdapter - Downloading https://repo.maven.apache.org/maven2/org/apache/httpcomponents/httpcore/4.4.13/httpcore-4.4.13-sources.jar
2022-02-04 03:13:39,553 [Worker-14: Download sources and javadoc] INFO  o.e.m.c.i.e.AbstractTransferListenerAdapter - Downloaded https://repo.maven.apache.org/maven2/org/apache/httpcomponents/httpcore/4.4.13/httpcore-4.4.13-sources.jar
2022-02-04 03:13:39,557 [Worker-14: Download sources and javadoc] INFO  o.e.m.j.internal.DownloadSourcesJob - Downloaded sources for org.apache.httpcomponents:httpcore:4.4.13
2022-02-04 03:13:40,491 [Worker-14: Download sources and javadoc] INFO  o.e.m.c.i.e.AbstractTransferListenerAdapter - Downloading https://repo.maven.apache.org/maven2/org/apache/httpcomponents/httpmime/4.5.13/httpmime-4.5.13-sources.jar
2022-02-04 03:13:40,975 [Worker-14: Download sources and javadoc] INFO  o.e.m.c.i.e.AbstractTransferListenerAdapter - Downloaded https://repo.maven.apache.org/maven2/org/apache/httpcomponents/httpmime/4.5.13/httpmime-4.5.13-sources.jar
2022-02-04 03:13:40,979 [Worker-14: Download sources and javadoc] INFO  o.e.m.j.internal.DownloadSourcesJob - Downloaded sources for org.apache.httpcomponents:httpmime:4.5.13
2022-02-04 03:13:41,906 [Worker-14: Download sources and javadoc] INFO  o.e.m.c.i.e.AbstractTransferListenerAdapter - Downloading https://repo.maven.apache.org/maven2/org/hamcrest/hamcrest/2.1/hamcrest-2.1-sources.jar
2022-02-04 03:13:42,467 [Worker-14: Download sources and javadoc] INFO  o.e.m.c.i.e.AbstractTransferListenerAdapter - Downloaded https://repo.maven.apache.org/maven2/org/hamcrest/hamcrest/2.1/hamcrest-2.1-sources.jar
2022-02-04 03:13:42,473 [Worker-14: Download sources and javadoc] INFO  o.e.m.j.internal.DownloadSourcesJob - Downloaded sources for org.hamcrest:hamcrest:2.1
2022-02-04 03:13:43,496 [Worker-14: Download sources and javadoc] INFO  o.e.m.c.i.e.AbstractTransferListenerAdapter - Downloading https://repo.maven.apache.org/maven2/org/ccil/cowan/tagsoup/tagsoup/1.2.1/tagsoup-1.2.1-sources.jar
2022-02-04 03:13:44,024 [Worker-14: Download sources and javadoc] INFO  o.e.m.c.i.e.AbstractTransferListenerAdapter - Downloaded https://repo.maven.apache.org/maven2/org/ccil/cowan/tagsoup/tagsoup/1.2.1/tagsoup-1.2.1-sources.jar
2022-02-04 03:13:44,028 [Worker-14: Download sources and javadoc] INFO  o.e.m.j.internal.DownloadSourcesJob - Downloaded sources for org.ccil.cowan.tagsoup:tagsoup:1.2.1
2022-02-04 03:13:44,958 [Worker-14: Download sources and javadoc] INFO  o.e.m.c.i.e.AbstractTransferListenerAdapter - Downloading https://repo.maven.apache.org/maven2/io/rest-assured/json-path/4.5.0/json-path-4.5.0-sources.jar
2022-02-04 03:13:45,425 [Worker-14: Download sources and javadoc] INFO  o.e.m.c.i.e.AbstractTransferListenerAdapter - Downloaded https://repo.maven.apache.org/maven2/io/rest-assured/json-path/4.5.0/json-path-4.5.0-sources.jar
2022-02-04 03:13:45,430 [Worker-14: Download sources and javadoc] INFO  o.e.m.j.internal.DownloadSourcesJob - Downloaded sources for io.rest-assured:json-path:4.5.0
2022-02-04 03:13:46,390 [Worker-14: Download sources and javadoc] INFO  o.e.m.c.i.e.AbstractTransferListenerAdapter - Downloading https://repo.maven.apache.org/maven2/org/codehaus/groovy/groovy-json/3.0.9/groovy-json-3.0.9-sources.jar
2022-02-04 03:13:46,975 [Worker-14: Download sources and javadoc] INFO  o.e.m.c.i.e.AbstractTransferListenerAdapter - Downloaded https://repo.maven.apache.org/maven2/org/codehaus/groovy/groovy-json/3.0.9/groovy-json-3.0.9-sources.jar
2022-02-04 03:13:46,979 [Worker-14: Download sources and javadoc] INFO  o.e.m.j.internal.DownloadSourcesJob - Downloaded sources for org.codehaus.groovy:groovy-json:3.0.9
2022-02-04 03:13:47,939 [Worker-14: Download sources and javadoc] INFO  o.e.m.c.i.e.AbstractTransferListenerAdapter - Downloading https://repo.maven.apache.org/maven2/io/rest-assured/rest-assured-common/4.5.0/rest-assured-common-4.5.0-sources.jar
2022-02-04 03:13:48,445 [Worker-14: Download sources and javadoc] INFO  o.e.m.c.i.e.AbstractTransferListenerAdapter - Downloaded https://repo.maven.apache.org/maven2/io/rest-assured/rest-assured-common/4.5.0/rest-assured-common-4.5.0-sources.jar
2022-02-04 03:13:48,449 [Worker-14: Download sources and javadoc] INFO  o.e.m.j.internal.DownloadSourcesJob - Downloaded sources for io.rest-assured:rest-assured-common:4.5.0
2022-02-04 03:13:49,377 [Worker-14: Download sources and javadoc] INFO  o.e.m.c.i.e.AbstractTransferListenerAdapter - Downloading https://repo.maven.apache.org/maven2/io/rest-assured/xml-path/4.5.0/xml-path-4.5.0-sources.jar
2022-02-04 03:13:49,864 [Worker-14: Download sources and javadoc] INFO  o.e.m.c.i.e.AbstractTransferListenerAdapter - Downloaded https://repo.maven.apache.org/maven2/io/rest-assured/xml-path/4.5.0/xml-path-4.5.0-sources.jar
2022-02-04 03:13:49,869 [Worker-14: Download sources and javadoc] INFO  o.e.m.j.internal.DownloadSourcesJob - Downloaded sources for io.rest-assured:xml-path:4.5.0
2022-02-04 03:13:50,810 [Worker-14: Download sources and javadoc] INFO  o.e.m.c.i.e.AbstractTransferListenerAdapter - Downloading https://repo.maven.apache.org/maven2/org/apache/commons/commons-lang3/3.11/commons-lang3-3.11-sources.jar
2022-02-04 03:13:52,472 [Worker-14: Download sources and javadoc] INFO  o.e.m.c.i.e.AbstractTransferListenerAdapter - Downloaded https://repo.maven.apache.org/maven2/org/apache/commons/commons-lang3/3.11/commons-lang3-3.11-sources.jar
2022-02-04 03:13:52,477 [Worker-14: Download sources and javadoc] INFO  o.e.m.j.internal.DownloadSourcesJob - Downloaded sources for org.apache.commons:commons-lang3:3.11
2022-02-04 03:13:52,752 [Worker-4: Building] WARN  o.e.m.c.i.embedder.EclipseLogger - Using platform encoding (Cp1252 actually) to copy filtered resources, i.e. build is platform dependent!
2022-02-04 03:13:52,753 [Worker-4: Building] INFO  o.e.m.c.i.embedder.EclipseLogger - skip non existing resourceDirectory D:\Documents\QA Engineer\Learn and Teach\JAVA BDD Cucumber Web, Mobile and API Testing\JavaAPITesting\CucumberAPITesting\src\main\resources
2022-02-04 03:13:52,755 [Worker-4: Building] WARN  o.e.m.c.i.embedder.EclipseLogger - Using platform encoding (Cp1252 actually) to copy filtered resources, i.e. build is platform dependent!
2022-02-04 03:13:52,755 [Worker-4: Building] INFO  o.e.m.c.i.embedder.EclipseLogger - skip non existing resourceDirectory D:\Documents\QA Engineer\Learn and Teach\JAVA BDD Cucumber Web, Mobile and API Testing\JavaAPITesting\CucumberAPITesting\src\test\resources
2022-02-04 03:14:46,462 [Worker-14: Building] INFO  o.e.m.c.i.l.LifecycleMappingFactory - Using org.eclipse.m2e.jdt.JarLifecycleMapping lifecycle mapping for MavenProject: CucumberAPITesting:CucumberAPITesting:0.0.1-SNAPSHOT @ D:\Documents\QA Engineer\Learn and Teach\JAVA BDD Cucumber Web, Mobile and API Testing\JavaAPITesting\CucumberAPITesting\pom.xml.
2022-02-04 03:14:46,622 [Worker-14: Building] WARN  o.e.m.c.i.embedder.EclipseLogger - The artifact info.cukes:cucumber-java:pom:1.2.6 has been relocated to io.cucumber:cucumber-java:pom:1.2.6
2022-02-04 03:14:48,149 [Worker-14: Building] INFO  o.e.m.c.i.e.AbstractTransferListenerAdapter - Downloading https://repo.maven.apache.org/maven2/io/cucumber/cucumber-core/1.2.6/cucumber-core-1.2.6.jar
2022-02-04 03:14:48,996 [Worker-14: Building] INFO  o.e.m.c.i.e.AbstractTransferListenerAdapter - Downloaded https://repo.maven.apache.org/maven2/io/cucumber/cucumber-core/1.2.6/cucumber-core-1.2.6.jar
2022-02-04 03:14:49,231 [Worker-14: Building] WARN  o.e.m.c.i.embedder.EclipseLogger - Using platform encoding (Cp1252 actually) to copy filtered resources, i.e. build is platform dependent!
2022-02-04 03:14:49,232 [Worker-14: Building] INFO  o.e.m.c.i.embedder.EclipseLogger - skip non existing resourceDirectory D:\Documents\QA Engineer\Learn and Teach\JAVA BDD Cucumber Web, Mobile and API Testing\JavaAPITesting\CucumberAPITesting\src\main\resources
2022-02-04 03:14:49,235 [Worker-14: Building] WARN  o.e.m.c.i.embedder.EclipseLogger - Using platform encoding (Cp1252 actually) to copy filtered resources, i.e. build is platform dependent!
2022-02-04 03:14:49,236 [Worker-14: Building] INFO  o.e.m.c.i.embedder.EclipseLogger - skip non existing resourceDirectory D:\Documents\QA Engineer\Learn and Teach\JAVA BDD Cucumber Web, Mobile and API Testing\JavaAPITesting\CucumberAPITesting\src\test\resources
2022-02-04 03:14:49,582 [Worker-12: reload maven project] WARN  o.e.m.c.i.embedder.EclipseLogger - The artifact info.cukes:cucumber-java:pom:1.2.6 has been relocated to io.cucumber:cucumber-java:pom:1.2.6
2022-02-04 03:14:50,769 [Worker-5: Building] INFO  o.e.m.c.i.l.LifecycleMappingFactory - Using org.eclipse.m2e.jdt.JarLifecycleMapping lifecycle mapping for MavenProject: CucumberAPITesting:CucumberAPITesting:0.0.1-SNAPSHOT @ D:\Documents\QA Engineer\Learn and Teach\JAVA BDD Cucumber Web, Mobile and API Testing\JavaAPITesting\CucumberAPITesting\pom.xml.
2022-02-04 03:14:50,852 [Worker-5: Building] WARN  o.e.m.c.i.embedder.EclipseLogger - The artifact info.cukes:cucumber-java:pom:1.2.6 has been relocated to io.cucumber:cucumber-java:pom:1.2.6
2022-02-04 03:14:51,036 [Worker-13: Download sources and javadoc] INFO  o.e.m.c.i.e.AbstractTransferListenerAdapter - Downloading https://repo.maven.apache.org/maven2/io/cucumber/cucumber-core/1.2.6/cucumber-core-1.2.6-sources.jar
2022-02-04 03:14:51,099 [Worker-5: Building] WARN  o.e.m.c.i.embedder.EclipseLogger - Using platform encoding (Cp1252 actually) to copy filtered resources, i.e. build is platform dependent!
2022-02-04 03:14:51,100 [Worker-5: Building] INFO  o.e.m.c.i.embedder.EclipseLogger - skip non existing resourceDirectory D:\Documents\QA Engineer\Learn and Teach\JAVA BDD Cucumber Web, Mobile and API Testing\JavaAPITesting\CucumberAPITesting\src\main\resources
2022-02-04 03:14:51,103 [Worker-5: Building] WARN  o.e.m.c.i.embedder.EclipseLogger - Using platform encoding (Cp1252 actually) to copy filtered resources, i.e. build is platform dependent!
2022-02-04 03:14:51,104 [Worker-5: Building] INFO  o.e.m.c.i.embedder.EclipseLogger - skip non existing resourceDirectory D:\Documents\QA Engineer\Learn and Teach\JAVA BDD Cucumber Web, Mobile and API Testing\JavaAPITesting\CucumberAPITesting\src\test\resources
2022-02-04 03:14:51,919 [Worker-13: Download sources and javadoc] INFO  o.e.m.c.i.e.AbstractTransferListenerAdapter - Downloaded https://repo.maven.apache.org/maven2/io/cucumber/cucumber-core/1.2.6/cucumber-core-1.2.6-sources.jar
2022-02-04 03:14:51,923 [Worker-13: Download sources and javadoc] INFO  o.e.m.j.internal.DownloadSourcesJob - Downloaded sources for io.cucumber:cucumber-core:1.2.6
2022-02-04 03:14:52,022 [Worker-13: Download sources and javadoc] WARN  o.e.m.c.i.embedder.EclipseLogger - The artifact info.cukes:cucumber-java:pom:1.2.6 has been relocated to io.cucumber:cucumber-java:pom:1.2.6
2022-02-04 03:14:52,343 [Worker-4: Building] WARN  o.e.m.c.i.embedder.EclipseLogger - Using platform encoding (Cp1252 actually) to copy filtered resources, i.e. build is platform dependent!
2022-02-04 03:14:52,343 [Worker-4: Building] INFO  o.e.m.c.i.embedder.EclipseLogger - skip non existing resourceDirectory D:\Documents\QA Engineer\Learn and Teach\JAVA BDD Cucumber Web, Mobile and API Testing\JavaAPITesting\CucumberAPITesting\src\main\resources
2022-02-04 03:14:52,346 [Worker-4: Building] WARN  o.e.m.c.i.embedder.EclipseLogger - Using platform encoding (Cp1252 actually) to copy filtered resources, i.e. build is platform dependent!
2022-02-04 03:14:52,346 [Worker-4: Building] INFO  o.e.m.c.i.embedder.EclipseLogger - skip non existing resourceDirectory D:\Documents\QA Engineer\Learn and Teach\JAVA BDD Cucumber Web, Mobile and API Testing\JavaAPITesting\CucumberAPITesting\src\test\resources
2022-02-04 03:14:59,677 [Worker-14: Building] INFO  o.e.m.c.i.l.LifecycleMappingFactory - Using org.eclipse.m2e.jdt.JarLifecycleMapping lifecycle mapping for MavenProject: CucumberAPITesting:CucumberAPITesting:0.0.1-SNAPSHOT @ D:\Documents\QA Engineer\Learn and Teach\JAVA BDD Cucumber Web, Mobile and API Testing\JavaAPITesting\CucumberAPITesting\pom.xml.
2022-02-04 03:14:59,774 [Worker-14: Building] WARN  o.e.m.c.i.embedder.EclipseLogger - The artifact info.cukes:cucumber-java:pom:1.2.6 has been relocated to io.cucumber:cucumber-java:pom:1.2.6
2022-02-04 03:15:00,065 [Worker-14: Building] WARN  o.e.m.c.i.embedder.EclipseLogger - Using platform encoding (Cp1252 actually) to copy filtered resources, i.e. build is platform dependent!
2022-02-04 03:15:00,066 [Worker-14: Building] INFO  o.e.m.c.i.embedder.EclipseLogger - skip non existing resourceDirectory D:\Documents\QA Engineer\Learn and Teach\JAVA BDD Cucumber Web, Mobile and API Testing\JavaAPITesting\CucumberAPITesting\src\main\resources
2022-02-04 03:15:00,069 [Worker-14: Building] WARN  o.e.m.c.i.embedder.EclipseLogger - Using platform encoding (Cp1252 actually) to copy filtered resources, i.e. build is platform dependent!
2022-02-04 03:15:00,070 [Worker-14: Building] INFO  o.e.m.c.i.embedder.EclipseLogger - skip non existing resourceDirectory D:\Documents\QA Engineer\Learn and Teach\JAVA BDD Cucumber Web, Mobile and API Testing\JavaAPITesting\CucumberAPITesting\src\test\resources
2022-02-04 03:15:55,515 [Worker-14: Building] WARN  o.e.m.c.i.embedder.EclipseLogger - The artifact info.cukes:cucumber-java:pom:1.2.6 has been relocated to io.cucumber:cucumber-java:pom:1.2.6
2022-02-04 03:15:55,532 [Worker-14: Building] WARN  o.e.m.c.i.embedder.EclipseLogger - Using platform encoding (Cp1252 actually) to copy filtered resources, i.e. build is platform dependent!
2022-02-04 03:15:55,532 [Worker-14: Building] INFO  o.e.m.c.i.embedder.EclipseLogger - skip non existing resourceDirectory D:\Documents\QA Engineer\Learn and Teach\JAVA BDD Cucumber Web, Mobile and API Testing\JavaAPITesting\CucumberAPITesting\src\main\resources
2022-02-04 03:15:55,534 [Worker-14: Building] WARN  o.e.m.c.i.embedder.EclipseLogger - Using platform encoding (Cp1252 actually) to copy filtered resources, i.e. build is platform dependent!
2022-02-04 03:15:55,535 [Worker-14: Building] INFO  o.e.m.c.i.embedder.EclipseLogger - skip non existing resourceDirectory D:\Documents\QA Engineer\Learn and Teach\JAVA BDD Cucumber Web, Mobile and API Testing\JavaAPITesting\CucumberAPITesting\src\test\resources
2022-02-04 03:16:06,557 [Worker-13: Building] WARN  o.e.m.c.i.embedder.EclipseLogger - Using platform encoding (Cp1252 actually) to copy filtered resources, i.e. build is platform dependent!
2022-02-04 03:16:06,558 [Worker-13: Building] INFO  o.e.m.c.i.embedder.EclipseLogger - skip non existing resourceDirectory D:\Documents\QA Engineer\Learn and Teach\JAVA BDD Cucumber Web, Mobile and API Testing\JavaAPITesting\CucumberAPITesting\src\main\resources
2022-02-04 03:16:06,561 [Worker-13: Building] WARN  o.e.m.c.i.embedder.EclipseLogger - Using platform encoding (Cp1252 actually) to copy filtered resources, i.e. build is platform dependent!
2022-02-04 03:16:06,562 [Worker-13: Building] INFO  o.e.m.c.i.embedder.EclipseLogger - skip non existing resourceDirectory D:\Documents\QA Engineer\Learn and Teach\JAVA BDD Cucumber Web, Mobile and API Testing\JavaAPITesting\CucumberAPITesting\src\test\resources
2022-02-04 03:16:14,186 [Worker-4: Building] WARN  o.e.m.c.i.embedder.EclipseLogger - Using platform encoding (Cp1252 actually) to copy filtered resources, i.e. build is platform dependent!
2022-02-04 03:16:14,188 [Worker-4: Building] INFO  o.e.m.c.i.embedder.EclipseLogger - skip non existing resourceDirectory D:\Documents\QA Engineer\Learn and Teach\JAVA BDD Cucumber Web, Mobile and API Testing\JavaAPITesting\CucumberAPITesting\src\main\resources
2022-02-04 03:16:14,189 [Worker-4: Building] WARN  o.e.m.c.i.embedder.EclipseLogger - Using platform encoding (Cp1252 actually) to copy filtered resources, i.e. build is platform dependent!
2022-02-04 03:16:14,190 [Worker-4: Building] INFO  o.e.m.c.i.embedder.EclipseLogger - skip non existing resourceDirectory D:\Documents\QA Engineer\Learn and Teach\JAVA BDD Cucumber Web, Mobile and API Testing\JavaAPITesting\CucumberAPITesting\src\test\resources
2022-02-04 03:16:30,226 [Worker-12: Building] WARN  o.e.m.c.i.embedder.EclipseLogger - Using platform encoding (Cp1252 actually) to copy filtered resources, i.e. build is platform dependent!
2022-02-04 03:16:30,226 [Worker-12: Building] INFO  o.e.m.c.i.embedder.EclipseLogger - skip non existing resourceDirectory D:\Documents\QA Engineer\Learn and Teach\JAVA BDD Cucumber Web, Mobile and API Testing\JavaAPITesting\CucumberAPITesting\src\main\resources
2022-02-04 03:16:30,227 [Worker-12: Building] WARN  o.e.m.c.i.embedder.EclipseLogger - Using platform encoding (Cp1252 actually) to copy filtered resources, i.e. build is platform dependent!
2022-02-04 03:16:30,228 [Worker-12: Building] INFO  o.e.m.c.i.embedder.EclipseLogger - skip non existing resourceDirectory D:\Documents\QA Engineer\Learn and Teach\JAVA BDD Cucumber Web, Mobile and API Testing\JavaAPITesting\CucumberAPITesting\src\test\resources
2022-02-04 03:16:34,780 [Worker-14: Building] WARN  o.e.m.c.i.embedder.EclipseLogger - Using platform encoding (Cp1252 actually) to copy filtered resources, i.e. build is platform dependent!
2022-02-04 03:16:34,781 [Worker-14: Building] INFO  o.e.m.c.i.embedder.EclipseLogger - skip non existing resourceDirectory D:\Documents\QA Engineer\Learn and Teach\JAVA BDD Cucumber Web, Mobile and API Testing\JavaAPITesting\CucumberAPITesting\src\main\resources
2022-02-04 03:16:34,782 [Worker-14: Building] WARN  o.e.m.c.i.embedder.EclipseLogger - Using platform encoding (Cp1252 actually) to copy filtered resources, i.e. build is platform dependent!
2022-02-04 03:16:34,783 [Worker-14: Building] INFO  o.e.m.c.i.embedder.EclipseLogger - skip non existing resourceDirectory D:\Documents\QA Engineer\Learn and Teach\JAVA BDD Cucumber Web, Mobile and API Testing\JavaAPITesting\CucumberAPITesting\src\test\resources
2022-02-04 03:16:44,629 [Worker-4: Building] WARN  o.e.m.c.i.embedder.EclipseLogger - Using platform encoding (Cp1252 actually) to copy filtered resources, i.e. build is platform dependent!
2022-02-04 03:16:44,630 [Worker-4: Building] INFO  o.e.m.c.i.embedder.EclipseLogger - skip non existing resourceDirectory D:\Documents\QA Engineer\Learn and Teach\JAVA BDD Cucumber Web, Mobile and API Testing\JavaAPITesting\CucumberAPITesting\src\main\resources
2022-02-04 03:16:44,636 [Worker-4: Building] WARN  o.e.m.c.i.embedder.EclipseLogger - Using platform encoding (Cp1252 actually) to copy filtered resources, i.e. build is platform dependent!
2022-02-04 03:16:44,637 [Worker-4: Building] INFO  o.e.m.c.i.embedder.EclipseLogger - skip non existing resourceDirectory D:\Documents\QA Engineer\Learn and Teach\JAVA BDD Cucumber Web, Mobile and API Testing\JavaAPITesting\CucumberAPITesting\src\test\resources
2022-02-04 03:16:56,439 [Worker-13: Building] WARN  o.e.m.c.i.embedder.EclipseLogger - Using platform encoding (Cp1252 actually) to copy filtered resources, i.e. build is platform dependent!
2022-02-04 03:16:56,445 [Worker-13: Building] INFO  o.e.m.c.i.embedder.EclipseLogger - Copying 0 resource
2022-02-04 03:16:56,450 [Worker-13: Building] WARN  o.e.m.c.i.embedder.EclipseLogger - Using platform encoding (Cp1252 actually) to copy filtered resources, i.e. build is platform dependent!
2022-02-04 03:16:56,451 [Worker-13: Building] INFO  o.e.m.c.i.embedder.EclipseLogger - skip non existing resourceDirectory D:\Documents\QA Engineer\Learn and Teach\JAVA BDD Cucumber Web, Mobile and API Testing\JavaAPITesting\CucumberAPITesting\src\test\resources
2022-02-04 03:17:08,237 [Worker-12: Building] WARN  o.e.m.c.i.embedder.EclipseLogger - Using platform encoding (Cp1252 actually) to copy filtered resources, i.e. build is platform dependent!
2022-02-04 03:17:08,238 [Worker-12: Building] INFO  o.e.m.c.i.embedder.EclipseLogger - skip non existing resourceDirectory D:\Documents\QA Engineer\Learn and Teach\JAVA BDD Cucumber Web, Mobile and API Testing\JavaAPITesting\CucumberAPITesting\src\main\resources
2022-02-04 03:17:08,239 [Worker-12: Building] WARN  o.e.m.c.i.embedder.EclipseLogger - Using platform encoding (Cp1252 actually) to copy filtered resources, i.e. build is platform dependent!
2022-02-04 03:17:08,240 [Worker-12: Building] INFO  o.e.m.c.i.embedder.EclipseLogger - skip non existing resourceDirectory D:\Documents\QA Engineer\Learn and Teach\JAVA BDD Cucumber Web, Mobile and API Testing\JavaAPITesting\CucumberAPITesting\src\test\resources
2022-02-04 03:17:23,472 [Worker-4: Building] WARN  o.e.m.c.i.embedder.EclipseLogger - Using platform encoding (Cp1252 actually) to copy filtered resources, i.e. build is platform dependent!
2022-02-04 03:17:23,473 [Worker-4: Building] INFO  o.e.m.c.i.embedder.EclipseLogger - skip non existing resourceDirectory D:\Documents\QA Engineer\Learn and Teach\JAVA BDD Cucumber Web, Mobile and API Testing\JavaAPITesting\CucumberAPITesting\src\main\resources
2022-02-04 03:17:23,475 [Worker-4: Building] WARN  o.e.m.c.i.embedder.EclipseLogger - Using platform encoding (Cp1252 actually) to copy filtered resources, i.e. build is platform dependent!
2022-02-04 03:17:23,476 [Worker-4: Building] INFO  o.e.m.c.i.embedder.EclipseLogger - skip non existing resourceDirectory D:\Documents\QA Engineer\Learn and Teach\JAVA BDD Cucumber Web, Mobile and API Testing\JavaAPITesting\CucumberAPITesting\src\test\resources
2022-02-04 03:17:31,749 [Worker-4: Building] WARN  o.e.m.c.i.embedder.EclipseLogger - Using platform encoding (Cp1252 actually) to copy filtered resources, i.e. build is platform dependent!
2022-02-04 03:17:31,750 [Worker-4: Building] INFO  o.e.m.c.i.embedder.EclipseLogger - skip non existing resourceDirectory D:\Documents\QA Engineer\Learn and Teach\JAVA BDD Cucumber Web, Mobile and API Testing\JavaAPITesting\CucumberAPITesting\src\main\resources
2022-02-04 03:17:31,752 [Worker-4: Building] WARN  o.e.m.c.i.embedder.EclipseLogger - Using platform encoding (Cp1252 actually) to copy filtered resources, i.e. build is platform dependent!
2022-02-04 03:17:31,754 [Worker-4: Building] INFO  o.e.m.c.i.embedder.EclipseLogger - skip non existing resourceDirectory D:\Documents\QA Engineer\Learn and Teach\JAVA BDD Cucumber Web, Mobile and API Testing\JavaAPITesting\CucumberAPITesting\src\test\resources
2022-02-04 03:17:49,532 [Worker-15: Building] WARN  o.e.m.c.i.embedder.EclipseLogger - Using platform encoding (Cp1252 actually) to copy filtered resources, i.e. build is platform dependent!
2022-02-04 03:17:49,533 [Worker-15: Building] INFO  o.e.m.c.i.embedder.EclipseLogger - skip non existing resourceDirectory D:\Documents\QA Engineer\Learn and Teach\JAVA BDD Cucumber Web, Mobile and API Testing\JavaAPITesting\CucumberAPITesting\src\main\resources
2022-02-04 03:17:49,534 [Worker-15: Building] WARN  o.e.m.c.i.embedder.EclipseLogger - Using platform encoding (Cp1252 actually) to copy filtered resources, i.e. build is platform dependent!
2022-02-04 03:17:49,536 [Worker-15: Building] INFO  o.e.m.c.i.embedder.EclipseLogger - skip non existing resourceDirectory D:\Documents\QA Engineer\Learn and Teach\JAVA BDD Cucumber Web, Mobile and API Testing\JavaAPITesting\CucumberAPITesting\src\test\resources
2022-02-04 03:18:45,065 [Worker-5: Building] WARN  o.e.m.c.i.embedder.EclipseLogger - Using platform encoding (Cp1252 actually) to copy filtered resources, i.e. build is platform dependent!
2022-02-04 03:18:45,066 [Worker-5: Building] INFO  o.e.m.c.i.embedder.EclipseLogger - skip non existing resourceDirectory D:\Documents\QA Engineer\Learn and Teach\JAVA BDD Cucumber Web, Mobile and API Testing\JavaAPITesting\CucumberAPITesting\src\main\resources
2022-02-04 03:18:45,068 [Worker-5: Building] WARN  o.e.m.c.i.embedder.EclipseLogger - Using platform encoding (Cp1252 actually) to copy filtered resources, i.e. build is platform dependent!
2022-02-04 03:18:45,070 [Worker-5: Building] INFO  o.e.m.c.i.embedder.EclipseLogger - skip non existing resourceDirectory D:\Documents\QA Engineer\Learn and Teach\JAVA BDD Cucumber Web, Mobile and API Testing\JavaAPITesting\CucumberAPITesting\src\test\resources
2022-02-04 03:18:59,633 [Worker-14: Building] WARN  o.e.m.c.i.embedder.EclipseLogger - Using platform encoding (Cp1252 actually) to copy filtered resources, i.e. build is platform dependent!
2022-02-04 03:18:59,634 [Worker-14: Building] INFO  o.e.m.c.i.embedder.EclipseLogger - skip non existing resourceDirectory D:\Documents\QA Engineer\Learn and Teach\JAVA BDD Cucumber Web, Mobile and API Testing\JavaAPITesting\CucumberAPITesting\src\main\resources
2022-02-04 03:18:59,636 [Worker-14: Building] WARN  o.e.m.c.i.embedder.EclipseLogger - Using platform encoding (Cp1252 actually) to copy filtered resources, i.e. build is platform dependent!
2022-02-04 03:18:59,637 [Worker-14: Building] INFO  o.e.m.c.i.embedder.EclipseLogger - skip non existing resourceDirectory D:\Documents\QA Engineer\Learn and Teach\JAVA BDD Cucumber Web, Mobile and API Testing\JavaAPITesting\CucumberAPITesting\src\test\resources
2022-02-04 03:22:27,649 [Worker-15: Creating project "CucumberAPITesting"] INFO  o.e.m.c.i.l.LifecycleMappingFactory - Using org.eclipse.m2e.jdt.JarLifecycleMapping lifecycle mapping for MavenProject: java.cucumber:CucumberAPITesting:0.0.1-SNAPSHOT @ D:\Documents\QA Engineer\Learn and Teach\JAVA BDD Cucumber Web, Mobile and API Testing\JavaAPITesting\CucumberAPITesting\pom.xml.
2022-02-04 03:22:27,781 [Worker-15: Creating project "CucumberAPITesting"] INFO  o.e.m.j.i.AbstractJavaProjectConfigurator - Adding source folder /CucumberAPITesting/src/main/java
2022-02-04 03:22:27,782 [Worker-15: Creating project "CucumberAPITesting"] INFO  o.e.m.j.i.AbstractJavaProjectConfigurator - Adding resource folder /CucumberAPITesting/src/main/resources
2022-02-04 03:22:27,783 [Worker-15: Creating project "CucumberAPITesting"] INFO  o.e.m.j.i.AbstractJavaProjectConfigurator - Adding source folder /CucumberAPITesting/src/test/java
2022-02-04 03:22:27,783 [Worker-15: Creating project "CucumberAPITesting"] INFO  o.e.m.j.i.AbstractJavaProjectConfigurator - Adding resource folder /CucumberAPITesting/src/test/resources
2022-02-04 03:22:28,209 [Worker-5: Building] WARN  o.e.m.c.i.embedder.EclipseLogger - Using platform encoding (Cp1252 actually) to copy filtered resources, i.e. build is platform dependent!
2022-02-04 03:22:28,212 [Worker-5: Building] INFO  o.e.m.c.i.embedder.EclipseLogger - Copying 0 resource
2022-02-04 03:22:28,215 [Worker-5: Building] WARN  o.e.m.c.i.embedder.EclipseLogger - Using platform encoding (Cp1252 actually) to copy filtered resources, i.e. build is platform dependent!
2022-02-04 03:22:28,216 [Worker-5: Building] INFO  o.e.m.c.i.embedder.EclipseLogger - Copying 0 resource
2022-02-04 03:22:40,120 [Worker-12: Building] WARN  o.e.m.c.i.embedder.EclipseLogger - Using platform encoding (Cp1252 actually) to copy filtered resources, i.e. build is platform dependent!
2022-02-04 03:22:40,122 [Worker-12: Building] INFO  o.e.m.c.i.embedder.EclipseLogger - Copying 0 resource
2022-02-04 03:22:40,123 [Worker-12: Building] WARN  o.e.m.c.i.embedder.EclipseLogger - Using platform encoding (Cp1252 actually) to copy filtered resources, i.e. build is platform dependent!
2022-02-04 03:22:40,124 [Worker-12: Building] INFO  o.e.m.c.i.embedder.EclipseLogger - Copying 0 resource
2022-02-04 03:23:50,595 [Worker-15: Building] INFO  o.e.m.c.i.l.LifecycleMappingFactory - Using org.eclipse.m2e.jdt.JarLifecycleMapping lifecycle mapping for MavenProject: java.cucumber:CucumberAPITesting:0.0.1-SNAPSHOT @ D:\Documents\QA Engineer\Learn and Teach\JAVA BDD Cucumber Web, Mobile and API Testing\JavaAPITesting\CucumberAPITesting\pom.xml.
2022-02-04 03:23:50,845 [Worker-15: Building] WARN  o.e.m.c.i.embedder.EclipseLogger - Using platform encoding (Cp1252 actually) to copy filtered resources, i.e. build is platform dependent!
2022-02-04 03:23:50,847 [Worker-15: Building] INFO  o.e.m.c.i.embedder.EclipseLogger - Copying 0 resource
2022-02-04 03:23:50,849 [Worker-15: Building] WARN  o.e.m.c.i.embedder.EclipseLogger - Using platform encoding (Cp1252 actually) to copy filtered resources, i.e. build is platform dependent!
2022-02-04 03:23:50,850 [Worker-15: Building] INFO  o.e.m.c.i.embedder.EclipseLogger - Copying 0 resource
2022-02-04 03:24:08,280 [Worker-4: reload maven project] WARN  o.e.m.c.i.embedder.EclipseLogger - The artifact info.cukes:cucumber-java:pom:1.2.6 has been relocated to io.cucumber:cucumber-java:pom:1.2.6
2022-02-04 03:24:08,943 [Worker-15: Building] INFO  o.e.m.c.i.l.LifecycleMappingFactory - Using org.eclipse.m2e.jdt.JarLifecycleMapping lifecycle mapping for MavenProject: java.cucumber:CucumberAPITesting:0.0.1-SNAPSHOT @ D:\Documents\QA Engineer\Learn and Teach\JAVA BDD Cucumber Web, Mobile and API Testing\JavaAPITesting\CucumberAPITesting\pom.xml.
2022-02-04 03:24:09,030 [Worker-15: Building] WARN  o.e.m.c.i.embedder.EclipseLogger - The artifact info.cukes:cucumber-java:pom:1.2.6 has been relocated to io.cucumber:cucumber-java:pom:1.2.6
2022-02-04 03:24:09,204 [Worker-15: Building] WARN  o.e.m.c.i.embedder.EclipseLogger - Using platform encoding (Cp1252 actually) to copy filtered resources, i.e. build is platform dependent!
2022-02-04 03:24:09,207 [Worker-15: Building] INFO  o.e.m.c.i.embedder.EclipseLogger - Copying 0 resource
2022-02-04 03:24:09,210 [Worker-15: Building] WARN  o.e.m.c.i.embedder.EclipseLogger - Using platform encoding (Cp1252 actually) to copy filtered resources, i.e. build is platform dependent!
2022-02-04 03:24:09,211 [Worker-15: Building] INFO  o.e.m.c.i.embedder.EclipseLogger - Copying 0 resource
2022-02-04 03:25:32,273 [Worker-17: Building] WARN  o.e.m.c.i.embedder.EclipseLogger - The artifact info.cukes:cucumber-java:pom:1.2.6 has been relocated to io.cucumber:cucumber-java:pom:1.2.6
2022-02-04 03:25:32,290 [Worker-17: Building] WARN  o.e.m.c.i.embedder.EclipseLogger - Using platform encoding (Cp1252 actually) to copy filtered resources, i.e. build is platform dependent!
2022-02-04 03:25:32,291 [Worker-17: Building] INFO  o.e.m.c.i.embedder.EclipseLogger - Copying 0 resource
2022-02-04 03:25:32,292 [Worker-17: Building] WARN  o.e.m.c.i.embedder.EclipseLogger - Using platform encoding (Cp1252 actually) to copy filtered resources, i.e. build is platform dependent!
2022-02-04 03:25:32,293 [Worker-17: Building] INFO  o.e.m.c.i.embedder.EclipseLogger - Copying 0 resource
2022-02-04 03:26:09,815 [Worker-4: Building] WARN  o.e.m.c.i.embedder.EclipseLogger - Using platform encoding (Cp1252 actually) to copy filtered resources, i.e. build is platform dependent!
2022-02-04 03:26:09,816 [Worker-4: Building] INFO  o.e.m.c.i.embedder.EclipseLogger - skip non existing resourceDirectory D:\Documents\QA Engineer\Learn and Teach\JAVA BDD Cucumber Web, Mobile and API Testing\JavaAPITesting\CucumberAPITesting\src\main\resources
2022-02-04 03:26:09,818 [Worker-4: Building] WARN  o.e.m.c.i.embedder.EclipseLogger - Using platform encoding (Cp1252 actually) to copy filtered resources, i.e. build is platform dependent!
2022-02-04 03:26:09,819 [Worker-4: Building] INFO  o.e.m.c.i.embedder.EclipseLogger - skip non existing resourceDirectory D:\Documents\QA Engineer\Learn and Teach\JAVA BDD Cucumber Web, Mobile and API Testing\JavaAPITesting\CucumberAPITesting\src\test\resources
2022-02-04 03:26:15,965 [Worker-17: Building] WARN  o.e.m.c.i.embedder.EclipseLogger - Using platform encoding (Cp1252 actually) to copy filtered resources, i.e. build is platform dependent!
2022-02-04 03:26:15,968 [Worker-17: Building] INFO  o.e.m.c.i.embedder.EclipseLogger - Copying 0 resource
2022-02-04 03:26:15,969 [Worker-17: Building] WARN  o.e.m.c.i.embedder.EclipseLogger - Using platform encoding (Cp1252 actually) to copy filtered resources, i.e. build is platform dependent!
2022-02-04 03:26:15,971 [Worker-17: Building] INFO  o.e.m.c.i.embedder.EclipseLogger - Copying 0 resource
2022-02-04 03:26:45,881 [Worker-4: Building] WARN  o.e.m.c.i.embedder.EclipseLogger - Using platform encoding (Cp1252 actually) to copy filtered resources, i.e. build is platform dependent!
2022-02-04 03:26:45,883 [Worker-4: Building] INFO  o.e.m.c.i.embedder.EclipseLogger - Copying 0 resource
2022-02-04 03:26:45,885 [Worker-4: Building] WARN  o.e.m.c.i.embedder.EclipseLogger - Using platform encoding (Cp1252 actually) to copy filtered resources, i.e. build is platform dependent!
2022-02-04 03:26:45,886 [Worker-4: Building] INFO  o.e.m.c.i.embedder.EclipseLogger - skip non existing resourceDirectory D:\Documents\QA Engineer\Learn and Teach\JAVA BDD Cucumber Web, Mobile and API Testing\JavaAPITesting\CucumberAPITesting\src\test\resources
2022-02-04 03:26:56,918 [Worker-19: Building] WARN  o.e.m.c.i.embedder.EclipseLogger - Using platform encoding (Cp1252 actually) to copy filtered resources, i.e. build is platform dependent!
2022-02-04 03:26:56,920 [Worker-19: Building] INFO  o.e.m.c.i.embedder.EclipseLogger - Copying 0 resource
2022-02-04 03:26:56,922 [Worker-19: Building] WARN  o.e.m.c.i.embedder.EclipseLogger - Using platform encoding (Cp1252 actually) to copy filtered resources, i.e. build is platform dependent!
2022-02-04 03:26:56,922 [Worker-19: Building] INFO  o.e.m.c.i.embedder.EclipseLogger - skip non existing resourceDirectory D:\Documents\QA Engineer\Learn and Teach\JAVA BDD Cucumber Web, Mobile and API Testing\JavaAPITesting\CucumberAPITesting\src\test\resources
2022-02-04 03:27:31,981 [Worker-4: Building] WARN  o.e.m.c.i.embedder.EclipseLogger - Using platform encoding (Cp1252 actually) to copy filtered resources, i.e. build is platform dependent!
2022-02-04 03:27:31,984 [Worker-4: Building] INFO  o.e.m.c.i.embedder.EclipseLogger - skip non existing resourceDirectory D:\Documents\QA Engineer\Learn and Teach\JAVA BDD Cucumber Web, Mobile and API Testing\JavaAPITesting\CucumberAPITesting\src\main\resources
2022-02-04 03:27:31,985 [Worker-4: Building] WARN  o.e.m.c.i.embedder.EclipseLogger - Using platform encoding (Cp1252 actually) to copy filtered resources, i.e. build is platform dependent!
2022-02-04 03:27:31,987 [Worker-4: Building] INFO  o.e.m.c.i.embedder.EclipseLogger - skip non existing resourceDirectory D:\Documents\QA Engineer\Learn and Teach\JAVA BDD Cucumber Web, Mobile and API Testing\JavaAPITesting\CucumberAPITesting\src\test\resources
2022-02-04 03:28:02,435 [Worker-4: Building] WARN  o.e.m.c.i.embedder.EclipseLogger - Using platform encoding (Cp1252 actually) to copy filtered resources, i.e. build is platform dependent!
2022-02-04 03:28:02,437 [Worker-4: Building] INFO  o.e.m.c.i.embedder.EclipseLogger - skip non existing resourceDirectory D:\Documents\QA Engineer\Learn and Teach\JAVA BDD Cucumber Web, Mobile and API Testing\JavaAPITesting\CucumberAPITesting\src\main\resources
2022-02-04 03:28:02,440 [Worker-4: Building] WARN  o.e.m.c.i.embedder.EclipseLogger - Using platform encoding (Cp1252 actually) to copy filtered resources, i.e. build is platform dependent!
2022-02-04 03:28:02,441 [Worker-4: Building] INFO  o.e.m.c.i.embedder.EclipseLogger - skip non existing resourceDirectory D:\Documents\QA Engineer\Learn and Teach\JAVA BDD Cucumber Web, Mobile and API Testing\JavaAPITesting\CucumberAPITesting\src\test\resources
2022-02-04 03:28:17,886 [Worker-17: Building] WARN  o.e.m.c.i.embedder.EclipseLogger - Using platform encoding (Cp1252 actually) to copy filtered resources, i.e. build is platform dependent!
2022-02-04 03:28:17,887 [Worker-17: Building] INFO  o.e.m.c.i.embedder.EclipseLogger - Copying 0 resource
2022-02-04 03:28:17,889 [Worker-17: Building] WARN  o.e.m.c.i.embedder.EclipseLogger - Using platform encoding (Cp1252 actually) to copy filtered resources, i.e. build is platform dependent!
2022-02-04 03:28:17,890 [Worker-17: Building] INFO  o.e.m.c.i.embedder.EclipseLogger - skip non existing resourceDirectory D:\Documents\QA Engineer\Learn and Teach\JAVA BDD Cucumber Web, Mobile and API Testing\JavaAPITesting\CucumberAPITesting\src\test\resources
2022-02-04 03:28:29,195 [Worker-5: Building] WARN  o.e.m.c.i.embedder.EclipseLogger - Using platform encoding (Cp1252 actually) to copy filtered resources, i.e. build is platform dependent!
2022-02-04 03:28:29,198 [Worker-5: Building] INFO  o.e.m.c.i.embedder.EclipseLogger - Copying 0 resource
2022-02-04 03:28:29,201 [Worker-5: Building] WARN  o.e.m.c.i.embedder.EclipseLogger - Using platform encoding (Cp1252 actually) to copy filtered resources, i.e. build is platform dependent!
2022-02-04 03:28:29,202 [Worker-5: Building] INFO  o.e.m.c.i.embedder.EclipseLogger - skip non existing resourceDirectory D:\Documents\QA Engineer\Learn and Teach\JAVA BDD Cucumber Web, Mobile and API Testing\JavaAPITesting\CucumberAPITesting\src\test\resources
2022-02-04 03:28:45,999 [Worker-5: Building] WARN  o.e.m.c.i.embedder.EclipseLogger - Using platform encoding (Cp1252 actually) to copy filtered resources, i.e. build is platform dependent!
2022-02-04 03:28:46,003 [Worker-5: Building] INFO  o.e.m.c.i.embedder.EclipseLogger - Copying 0 resource
2022-02-04 03:28:46,006 [Worker-5: Building] WARN  o.e.m.c.i.embedder.EclipseLogger - Using platform encoding (Cp1252 actually) to copy filtered resources, i.e. build is platform dependent!
2022-02-04 03:28:46,007 [Worker-5: Building] INFO  o.e.m.c.i.embedder.EclipseLogger - skip non existing resourceDirectory D:\Documents\QA Engineer\Learn and Teach\JAVA BDD Cucumber Web, Mobile and API Testing\JavaAPITesting\CucumberAPITesting\src\test\resources
2022-02-04 03:28:55,787 [Worker-4: Building] WARN  o.e.m.c.i.embedder.EclipseLogger - Using platform encoding (Cp1252 actually) to copy filtered resources, i.e. build is platform dependent!
2022-02-04 03:28:55,789 [Worker-4: Building] INFO  o.e.m.c.i.embedder.EclipseLogger - Copying 0 resource
2022-02-04 03:28:55,791 [Worker-4: Building] WARN  o.e.m.c.i.embedder.EclipseLogger - Using platform encoding (Cp1252 actually) to copy filtered resources, i.e. build is platform dependent!
2022-02-04 03:28:55,792 [Worker-4: Building] INFO  o.e.m.c.i.embedder.EclipseLogger - skip non existing resourceDirectory D:\Documents\QA Engineer\Learn and Teach\JAVA BDD Cucumber Web, Mobile and API Testing\JavaAPITesting\CucumberAPITesting\src\test\resources
2022-02-04 03:28:59,536 [Worker-17: Building] WARN  o.e.m.c.i.embedder.EclipseLogger - Using platform encoding (Cp1252 actually) to copy filtered resources, i.e. build is platform dependent!
2022-02-04 03:28:59,537 [Worker-17: Building] INFO  o.e.m.c.i.embedder.EclipseLogger - Copying 0 resource
2022-02-04 03:28:59,539 [Worker-17: Building] WARN  o.e.m.c.i.embedder.EclipseLogger - Using platform encoding (Cp1252 actually) to copy filtered resources, i.e. build is platform dependent!
2022-02-04 03:28:59,540 [Worker-17: Building] INFO  o.e.m.c.i.embedder.EclipseLogger - skip non existing resourceDirectory D:\Documents\QA Engineer\Learn and Teach\JAVA BDD Cucumber Web, Mobile and API Testing\JavaAPITesting\CucumberAPITesting\src\test\resources
2022-02-04 03:29:06,645 [Worker-5: Building] WARN  o.e.m.c.i.embedder.EclipseLogger - Using platform encoding (Cp1252 actually) to copy filtered resources, i.e. build is platform dependent!
2022-02-04 03:29:06,646 [Worker-5: Building] INFO  o.e.m.c.i.embedder.EclipseLogger - Copying 0 resource
2022-02-04 03:29:06,647 [Worker-5: Building] WARN  o.e.m.c.i.embedder.EclipseLogger - Using platform encoding (Cp1252 actually) to copy filtered resources, i.e. build is platform dependent!
2022-02-04 03:29:06,648 [Worker-5: Building] INFO  o.e.m.c.i.embedder.EclipseLogger - skip non existing resourceDirectory D:\Documents\QA Engineer\Learn and Teach\JAVA BDD Cucumber Web, Mobile and API Testing\JavaAPITesting\CucumberAPITesting\src\test\resources
2022-02-04 03:29:43,956 [Worker-5: Building] WARN  o.e.m.c.i.embedder.EclipseLogger - Using platform encoding (Cp1252 actually) to copy filtered resources, i.e. build is platform dependent!
2022-02-04 03:29:43,957 [Worker-5: Building] INFO  o.e.m.c.i.embedder.EclipseLogger - Copying 0 resource
2022-02-04 03:29:43,960 [Worker-5: Building] WARN  o.e.m.c.i.embedder.EclipseLogger - Using platform encoding (Cp1252 actually) to copy filtered resources, i.e. build is platform dependent!
2022-02-04 03:29:43,961 [Worker-5: Building] INFO  o.e.m.c.i.embedder.EclipseLogger - skip non existing resourceDirectory D:\Documents\QA Engineer\Learn and Teach\JAVA BDD Cucumber Web, Mobile and API Testing\JavaAPITesting\CucumberAPITesting\src\test\resources
2022-02-04 03:30:20,187 [Worker-19: Building] WARN  o.e.m.c.i.embedder.EclipseLogger - Using platform encoding (Cp1252 actually) to copy filtered resources, i.e. build is platform dependent!
2022-02-04 03:30:20,188 [Worker-19: Building] INFO  o.e.m.c.i.embedder.EclipseLogger - Copying 0 resource
2022-02-04 03:30:20,191 [Worker-19: Building] WARN  o.e.m.c.i.embedder.EclipseLogger - Using platform encoding (Cp1252 actually) to copy filtered resources, i.e. build is platform dependent!
2022-02-04 03:30:20,191 [Worker-19: Building] INFO  o.e.m.c.i.embedder.EclipseLogger - skip non existing resourceDirectory D:\Documents\QA Engineer\Learn and Teach\JAVA BDD Cucumber Web, Mobile and API Testing\JavaAPITesting\CucumberAPITesting\src\test\resources
2022-02-04 03:30:55,976 [Worker-4: Building] WARN  o.e.m.c.i.embedder.EclipseLogger - Using platform encoding (Cp1252 actually) to copy filtered resources, i.e. build is platform dependent!
2022-02-04 03:30:55,978 [Worker-4: Building] INFO  o.e.m.c.i.embedder.EclipseLogger - Copying 0 resource
2022-02-04 03:30:55,980 [Worker-4: Building] WARN  o.e.m.c.i.embedder.EclipseLogger - Using platform encoding (Cp1252 actually) to copy filtered resources, i.e. build is platform dependent!
2022-02-04 03:30:55,981 [Worker-4: Building] INFO  o.e.m.c.i.embedder.EclipseLogger - skip non existing resourceDirectory D:\Documents\QA Engineer\Learn and Teach\JAVA BDD Cucumber Web, Mobile and API Testing\JavaAPITesting\CucumberAPITesting\src\test\resources
2022-02-04 03:30:59,096 [Worker-18: Building] WARN  o.e.m.c.i.embedder.EclipseLogger - Using platform encoding (Cp1252 actually) to copy filtered resources, i.e. build is platform dependent!
2022-02-04 03:30:59,097 [Worker-18: Building] INFO  o.e.m.c.i.embedder.EclipseLogger - Copying 0 resource
2022-02-04 03:30:59,098 [Worker-18: Building] WARN  o.e.m.c.i.embedder.EclipseLogger - Using platform encoding (Cp1252 actually) to copy filtered resources, i.e. build is platform dependent!
2022-02-04 03:30:59,098 [Worker-18: Building] INFO  o.e.m.c.i.embedder.EclipseLogger - skip non existing resourceDirectory D:\Documents\QA Engineer\Learn and Teach\JAVA BDD Cucumber Web, Mobile and API Testing\JavaAPITesting\CucumberAPITesting\src\test\resources
2022-02-04 03:31:22,204 [Worker-17: Building] WARN  o.e.m.c.i.embedder.EclipseLogger - Using platform encoding (Cp1252 actually) to copy filtered resources, i.e. build is platform dependent!
2022-02-04 03:31:22,209 [Worker-17: Building] INFO  o.e.m.c.i.embedder.EclipseLogger - Copying 0 resource
2022-02-04 03:31:22,212 [Worker-17: Building] WARN  o.e.m.c.i.embedder.EclipseLogger - Using platform encoding (Cp1252 actually) to copy filtered resources, i.e. build is platform dependent!
2022-02-04 03:31:22,213 [Worker-17: Building] INFO  o.e.m.c.i.embedder.EclipseLogger - skip non existing resourceDirectory D:\Documents\QA Engineer\Learn and Teach\JAVA BDD Cucumber Web, Mobile and API Testing\JavaAPITesting\CucumberAPITesting\src\test\resources
2022-02-04 03:31:33,951 [Worker-5: Building] WARN  o.e.m.c.i.embedder.EclipseLogger - Using platform encoding (Cp1252 actually) to copy filtered resources, i.e. build is platform dependent!
2022-02-04 03:31:33,953 [Worker-5: Building] INFO  o.e.m.c.i.embedder.EclipseLogger - Copying 0 resource
2022-02-04 03:31:33,954 [Worker-5: Building] WARN  o.e.m.c.i.embedder.EclipseLogger - Using platform encoding (Cp1252 actually) to copy filtered resources, i.e. build is platform dependent!
2022-02-04 03:31:33,955 [Worker-5: Building] INFO  o.e.m.c.i.embedder.EclipseLogger - skip non existing resourceDirectory D:\Documents\QA Engineer\Learn and Teach\JAVA BDD Cucumber Web, Mobile and API Testing\JavaAPITesting\CucumberAPITesting\src\test\resources
2022-02-04 03:31:40,484 [Worker-4: Building] WARN  o.e.m.c.i.embedder.EclipseLogger - Using platform encoding (Cp1252 actually) to copy filtered resources, i.e. build is platform dependent!
2022-02-04 03:31:40,485 [Worker-4: Building] INFO  o.e.m.c.i.embedder.EclipseLogger - Copying 0 resource
2022-02-04 03:31:40,486 [Worker-4: Building] WARN  o.e.m.c.i.embedder.EclipseLogger - Using platform encoding (Cp1252 actually) to copy filtered resources, i.e. build is platform dependent!
2022-02-04 03:31:40,486 [Worker-4: Building] INFO  o.e.m.c.i.embedder.EclipseLogger - skip non existing resourceDirectory D:\Documents\QA Engineer\Learn and Teach\JAVA BDD Cucumber Web, Mobile and API Testing\JavaAPITesting\CucumberAPITesting\src\test\resources
2022-02-04 03:32:06,384 [Worker-18: Building] WARN  o.e.m.c.i.embedder.EclipseLogger - Using platform encoding (Cp1252 actually) to copy filtered resources, i.e. build is platform dependent!
2022-02-04 03:32:06,384 [Worker-18: Building] INFO  o.e.m.c.i.embedder.EclipseLogger - Copying 0 resource
2022-02-04 03:32:06,385 [Worker-18: Building] WARN  o.e.m.c.i.embedder.EclipseLogger - Using platform encoding (Cp1252 actually) to copy filtered resources, i.e. build is platform dependent!
2022-02-04 03:32:06,386 [Worker-18: Building] INFO  o.e.m.c.i.embedder.EclipseLogger - skip non existing resourceDirectory D:\Documents\QA Engineer\Learn and Teach\JAVA BDD Cucumber Web, Mobile and API Testing\JavaAPITesting\CucumberAPITesting\src\test\resources
2022-02-04 03:32:08,742 [Worker-19: Building] WARN  o.e.m.c.i.embedder.EclipseLogger - Using platform encoding (Cp1252 actually) to copy filtered resources, i.e. build is platform dependent!
2022-02-04 03:32:08,744 [Worker-19: Building] INFO  o.e.m.c.i.embedder.EclipseLogger - Copying 0 resource
2022-02-04 03:32:08,746 [Worker-19: Building] WARN  o.e.m.c.i.embedder.EclipseLogger - Using platform encoding (Cp1252 actually) to copy filtered resources, i.e. build is platform dependent!
2022-02-04 03:32:08,747 [Worker-19: Building] INFO  o.e.m.c.i.embedder.EclipseLogger - skip non existing resourceDirectory D:\Documents\QA Engineer\Learn and Teach\JAVA BDD Cucumber Web, Mobile and API Testing\JavaAPITesting\CucumberAPITesting\src\test\resources
2022-02-04 03:32:28,380 [Worker-4: Building] WARN  o.e.m.c.i.embedder.EclipseLogger - Using platform encoding (Cp1252 actually) to copy filtered resources, i.e. build is platform dependent!
2022-02-04 03:32:28,381 [Worker-4: Building] INFO  o.e.m.c.i.embedder.EclipseLogger - Copying 0 resource
2022-02-04 03:32:28,383 [Worker-4: Building] WARN  o.e.m.c.i.embedder.EclipseLogger - Using platform encoding (Cp1252 actually) to copy filtered resources, i.e. build is platform dependent!
2022-02-04 03:32:28,384 [Worker-4: Building] INFO  o.e.m.c.i.embedder.EclipseLogger - skip non existing resourceDirectory D:\Documents\QA Engineer\Learn and Teach\JAVA BDD Cucumber Web, Mobile and API Testing\JavaAPITesting\CucumberAPITesting\src\test\resources
2022-02-04 03:32:41,094 [Worker-18: Building] WARN  o.e.m.c.i.embedder.EclipseLogger - Using platform encoding (Cp1252 actually) to copy filtered resources, i.e. build is platform dependent!
2022-02-04 03:32:41,094 [Worker-18: Building] INFO  o.e.m.c.i.embedder.EclipseLogger - Copying 0 resource
2022-02-04 03:32:41,095 [Worker-18: Building] WARN  o.e.m.c.i.embedder.EclipseLogger - Using platform encoding (Cp1252 actually) to copy filtered resources, i.e. build is platform dependent!
2022-02-04 03:32:41,096 [Worker-18: Building] INFO  o.e.m.c.i.embedder.EclipseLogger - skip non existing resourceDirectory D:\Documents\QA Engineer\Learn and Teach\JAVA BDD Cucumber Web, Mobile and API Testing\JavaAPITesting\CucumberAPITesting\src\test\resources
2022-02-04 03:33:07,017 [Worker-18: Building] WARN  o.e.m.c.i.embedder.EclipseLogger - Using platform encoding (Cp1252 actually) to copy filtered resources, i.e. build is platform dependent!
2022-02-04 03:33:07,019 [Worker-18: Building] INFO  o.e.m.c.i.embedder.EclipseLogger - Copying 0 resource
2022-02-04 03:33:07,021 [Worker-18: Building] WARN  o.e.m.c.i.embedder.EclipseLogger - Using platform encoding (Cp1252 actually) to copy filtered resources, i.e. build is platform dependent!
2022-02-04 03:33:07,023 [Worker-18: Building] INFO  o.e.m.c.i.embedder.EclipseLogger - skip non existing resourceDirectory D:\Documents\QA Engineer\Learn and Teach\JAVA BDD Cucumber Web, Mobile and API Testing\JavaAPITesting\CucumberAPITesting\src\test\resources
2022-02-04 03:33:10,521 [Worker-17: Building] WARN  o.e.m.c.i.embedder.EclipseLogger - Using platform encoding (Cp1252 actually) to copy filtered resources, i.e. build is platform dependent!
2022-02-04 03:33:10,522 [Worker-17: Building] INFO  o.e.m.c.i.embedder.EclipseLogger - Copying 0 resource
2022-02-04 03:33:10,522 [Worker-17: Building] WARN  o.e.m.c.i.embedder.EclipseLogger - Using platform encoding (Cp1252 actually) to copy filtered resources, i.e. build is platform dependent!
2022-02-04 03:33:10,523 [Worker-17: Building] INFO  o.e.m.c.i.embedder.EclipseLogger - skip non existing resourceDirectory D:\Documents\QA Engineer\Learn and Teach\JAVA BDD Cucumber Web, Mobile and API Testing\JavaAPITesting\CucumberAPITesting\src\test\resources
2022-02-04 03:35:36,489 [Worker-6: Loading available Gradle versions] INFO  o.e.b.c.i.u.g.PublishedGradleVersions - Gradle version information cache is out-of-date. Trying to update.
2022-02-04 04:02:02,158 [Worker-21: Creating project "JavaAPITesting"] INFO  o.e.m.c.i.l.LifecycleMappingFactory - Using org.eclipse.m2e.jdt.JarLifecycleMapping lifecycle mapping for MavenProject: ApiTesting:JavaAPITesting:0.0.1-SNAPSHOT @ D:\Documents\QA Engineer\Learn and Teach\JAVA BDD Cucumber Web, Mobile and API Testing\JavaAPITesting\JavaAPITesting\pom.xml.
2022-02-04 04:02:02,540 [Worker-21: Creating project "JavaAPITesting"] INFO  o.e.m.j.i.AbstractJavaProjectConfigurator - Adding source folder /JavaAPITesting/src/main/java
2022-02-04 04:02:02,542 [Worker-21: Creating project "JavaAPITesting"] INFO  o.e.m.j.i.AbstractJavaProjectConfigurator - Adding resource folder /JavaAPITesting/src/main/resources
2022-02-04 04:02:02,543 [Worker-21: Creating project "JavaAPITesting"] INFO  o.e.m.j.i.AbstractJavaProjectConfigurator - Adding source folder /JavaAPITesting/src/test/java
2022-02-04 04:02:02,543 [Worker-21: Creating project "JavaAPITesting"] INFO  o.e.m.j.i.AbstractJavaProjectConfigurator - Adding resource folder /JavaAPITesting/src/test/resources
2022-02-04 04:02:03,726 [Worker-25: Building] WARN  o.e.m.c.i.embedder.EclipseLogger - Using platform encoding (Cp1252 actually) to copy filtered resources, i.e. build is platform dependent!
2022-02-04 04:02:03,733 [Worker-25: Building] INFO  o.e.m.c.i.embedder.EclipseLogger - Copying 0 resource
2022-02-04 04:02:03,736 [Worker-25: Building] WARN  o.e.m.c.i.embedder.EclipseLogger - Using platform encoding (Cp1252 actually) to copy filtered resources, i.e. build is platform dependent!
2022-02-04 04:02:03,737 [Worker-25: Building] INFO  o.e.m.c.i.embedder.EclipseLogger - Copying 0 resource
2022-02-04 04:04:15,122 [Worker-25: Building] WARN  o.e.m.c.i.embedder.EclipseLogger - Using platform encoding (Cp1252 actually) to copy filtered resources, i.e. build is platform dependent!
2022-02-04 04:04:15,124 [Worker-25: Building] INFO  o.e.m.c.i.embedder.EclipseLogger - Copying 0 resource
2022-02-04 04:04:15,128 [Worker-25: Building] WARN  o.e.m.c.i.embedder.EclipseLogger - Using platform encoding (Cp1252 actually) to copy filtered resources, i.e. build is platform dependent!
2022-02-04 04:04:15,129 [Worker-25: Building] INFO  o.e.m.c.i.embedder.EclipseLogger - Copying 0 resource
2022-02-04 04:04:24,992 [Worker-32: Building] WARN  o.e.m.c.i.embedder.EclipseLogger - Using platform encoding (Cp1252 actually) to copy filtered resources, i.e. build is platform dependent!
2022-02-04 04:04:24,997 [Worker-32: Building] INFO  o.e.m.c.i.embedder.EclipseLogger - Copying 0 resource
2022-02-04 04:04:25,007 [Worker-32: Building] WARN  o.e.m.c.i.embedder.EclipseLogger - Using platform encoding (Cp1252 actually) to copy filtered resources, i.e. build is platform dependent!
2022-02-04 04:04:25,008 [Worker-32: Building] INFO  o.e.m.c.i.embedder.EclipseLogger - Copying 0 resource
2022-02-04 04:05:39,522 [Worker-33: Building] INFO  o.e.m.c.i.l.LifecycleMappingFactory - Using org.eclipse.m2e.jdt.JarLifecycleMapping lifecycle mapping for MavenProject: ApiTesting:JavaAPITesting:0.0.1-SNAPSHOT @ D:\Documents\QA Engineer\Learn and Teach\JAVA BDD Cucumber Web, Mobile and API Testing\JavaAPITesting\JavaAPITesting\pom.xml.
2022-02-04 04:05:39,930 [Worker-33: Building] WARN  o.e.m.c.i.embedder.EclipseLogger - Using platform encoding (Cp1252 actually) to copy filtered resources, i.e. build is platform dependent!
2022-02-04 04:05:39,932 [Worker-33: Building] INFO  o.e.m.c.i.embedder.EclipseLogger - Copying 0 resource
2022-02-04 04:05:39,934 [Worker-33: Building] WARN  o.e.m.c.i.embedder.EclipseLogger - Using platform encoding (Cp1252 actually) to copy filtered resources, i.e. build is platform dependent!
2022-02-04 04:05:39,935 [Worker-33: Building] INFO  o.e.m.c.i.embedder.EclipseLogger - Copying 0 resource
2022-02-04 04:06:00,243 [Worker-30: reload maven project] WARN  o.e.m.c.i.embedder.EclipseLogger - The artifact info.cukes:cucumber-java:pom:1.2.6 has been relocated to io.cucumber:cucumber-java:pom:1.2.6
2022-02-04 04:06:00,723 [Worker-21: Building] INFO  o.e.m.c.i.l.LifecycleMappingFactory - Using org.eclipse.m2e.jdt.JarLifecycleMapping lifecycle mapping for MavenProject: ApiTesting:JavaAPITesting:0.0.1-SNAPSHOT @ D:\Documents\QA Engineer\Learn and Teach\JAVA BDD Cucumber Web, Mobile and API Testing\JavaAPITesting\JavaAPITesting\pom.xml.
2022-02-04 04:06:00,830 [Worker-21: Building] WARN  o.e.m.c.i.embedder.EclipseLogger - The artifact info.cukes:cucumber-java:pom:1.2.6 has been relocated to io.cucumber:cucumber-java:pom:1.2.6
2022-02-04 04:06:01,030 [Worker-21: Building] WARN  o.e.m.c.i.embedder.EclipseLogger - Using platform encoding (Cp1252 actually) to copy filtered resources, i.e. build is platform dependent!
2022-02-04 04:06:01,033 [Worker-21: Building] INFO  o.e.m.c.i.embedder.EclipseLogger - Copying 0 resource
2022-02-04 04:06:01,035 [Worker-21: Building] WARN  o.e.m.c.i.embedder.EclipseLogger - Using platform encoding (Cp1252 actually) to copy filtered resources, i.e. build is platform dependent!
2022-02-04 04:06:01,036 [Worker-21: Building] INFO  o.e.m.c.i.embedder.EclipseLogger - Copying 0 resource
2022-02-04 04:07:56,657 [Worker-32: Building] INFO  o.e.m.c.i.l.LifecycleMappingFactory - Using org.eclipse.m2e.jdt.JarLifecycleMapping lifecycle mapping for MavenProject: ApiTesting:JavaAPITesting:0.0.1-SNAPSHOT @ D:\Documents\QA Engineer\Learn and Teach\JAVA BDD Cucumber Web, Mobile and API Testing\JavaAPITesting\JavaAPITesting\pom.xml.
2022-02-04 04:07:57,801 [Worker-30: reload maven project] INFO  o.e.m.c.i.e.AbstractTransferListenerAdapter - Downloading https://repo.maven.apache.org/maven2/org/testng/testng/7.5/testng-7.5.pom
2022-02-04 04:07:58,234 [Worker-32: Building] INFO  o.e.m.c.i.e.AbstractTransferListenerAdapter - Downloading https://repo.maven.apache.org/maven2/org/testng/testng/7.5/testng-7.5.pom
2022-02-04 04:07:58,264 [Worker-30: reload maven project] INFO  o.e.m.c.i.e.AbstractTransferListenerAdapter - Downloaded https://repo.maven.apache.org/maven2/org/testng/testng/7.5/testng-7.5.pom
2022-02-04 04:07:58,513 [Worker-30: reload maven project] INFO  o.e.m.c.i.e.AbstractTransferListenerAdapter - Downloading https://repo.maven.apache.org/maven2/org/slf4j/slf4j-api/1.7.32/slf4j-api-1.7.32.pom
2022-02-04 04:07:58,728 [Worker-32: Building] INFO  o.e.m.c.i.e.AbstractTransferListenerAdapter - Downloaded https://repo.maven.apache.org/maven2/org/testng/testng/7.5/testng-7.5.pom
2022-02-04 04:07:58,769 [Worker-30: reload maven project] INFO  o.e.m.c.i.e.AbstractTransferListenerAdapter - Downloaded https://repo.maven.apache.org/maven2/org/slf4j/slf4j-api/1.7.32/slf4j-api-1.7.32.pom
2022-02-04 04:07:58,958 [Worker-32: Building] INFO  o.e.m.c.i.e.AbstractTransferListenerAdapter - Downloading https://repo.maven.apache.org/maven2/org/slf4j/slf4j-parent/1.7.32/slf4j-parent-1.7.32.pom
2022-02-04 04:07:59,020 [Worker-30: reload maven project] INFO  o.e.m.c.i.e.AbstractTransferListenerAdapter - Downloading https://repo.maven.apache.org/maven2/org/slf4j/slf4j-parent/1.7.32/slf4j-parent-1.7.32.pom
2022-02-04 04:07:59,260 [Worker-32: Building] INFO  o.e.m.c.i.e.AbstractTransferListenerAdapter - Downloaded https://repo.maven.apache.org/maven2/org/slf4j/slf4j-parent/1.7.32/slf4j-parent-1.7.32.pom
2022-02-04 04:07:59,293 [Worker-30: reload maven project] INFO  o.e.m.c.i.e.AbstractTransferListenerAdapter - Downloaded https://repo.maven.apache.org/maven2/org/slf4j/slf4j-parent/1.7.32/slf4j-parent-1.7.32.pom
2022-02-04 04:07:59,499 [Worker-32: Building] INFO  o.e.m.c.i.e.AbstractTransferListenerAdapter - Downloading https://repo.maven.apache.org/maven2/com/beust/jcommander/1.78/jcommander-1.78.pom
2022-02-04 04:07:59,537 [Worker-30: reload maven project] INFO  o.e.m.c.i.e.AbstractTransferListenerAdapter - Downloading https://repo.maven.apache.org/maven2/com/beust/jcommander/1.78/jcommander-1.78.pom
2022-02-04 04:07:59,746 [Worker-32: Building] INFO  o.e.m.c.i.e.AbstractTransferListenerAdapter - Downloaded https://repo.maven.apache.org/maven2/com/beust/jcommander/1.78/jcommander-1.78.pom
2022-02-04 04:07:59,788 [Worker-30: reload maven project] INFO  o.e.m.c.i.e.AbstractTransferListenerAdapter - Downloaded https://repo.maven.apache.org/maven2/com/beust/jcommander/1.78/jcommander-1.78.pom
2022-02-04 04:08:00,007 [Worker-32: Building] INFO  o.e.m.c.i.e.AbstractTransferListenerAdapter - Downloading https://repo.maven.apache.org/maven2/org/webjars/jquery/3.5.1/jquery-3.5.1.pom
2022-02-04 04:08:00,040 [Worker-30: reload maven project] INFO  o.e.m.c.i.e.AbstractTransferListenerAdapter - Downloading https://repo.maven.apache.org/maven2/org/webjars/jquery/3.5.1/jquery-3.5.1.pom
2022-02-04 04:08:00,261 [Worker-32: Building] INFO  o.e.m.c.i.e.AbstractTransferListenerAdapter - Downloaded https://repo.maven.apache.org/maven2/org/webjars/jquery/3.5.1/jquery-3.5.1.pom
2022-02-04 04:08:00,266 [Worker-32: Building] WARN  o.e.m.c.i.embedder.EclipseLogger - The artifact info.cukes:cucumber-java:pom:1.2.6 has been relocated to io.cucumber:cucumber-java:pom:1.2.6
2022-02-04 04:08:00,300 [Worker-30: reload maven project] INFO  o.e.m.c.i.e.AbstractTransferListenerAdapter - Downloaded https://repo.maven.apache.org/maven2/org/webjars/jquery/3.5.1/jquery-3.5.1.pom
2022-02-04 04:08:00,305 [Worker-30: reload maven project] WARN  o.e.m.c.i.embedder.EclipseLogger - The artifact info.cukes:cucumber-java:pom:1.2.6 has been relocated to io.cucumber:cucumber-java:pom:1.2.6
2022-02-04 04:08:00,534 [AetherRepositoryConnector-repo.maven.apache.org-0-1] INFO  o.e.m.c.i.e.AbstractTransferListenerAdapter - Downloading https://repo.maven.apache.org/maven2/com/google/code/findbugs/jsr305/3.0.1/jsr305-3.0.1.jar
2022-02-04 04:08:00,570 [AetherRepositoryConnector-repo.maven.apache.org-1-0] INFO  o.e.m.c.i.e.AbstractTransferListenerAdapter - Downloading https://repo.maven.apache.org/maven2/org/testng/testng/7.5/testng-7.5.jar
2022-02-04 04:08:00,789 [AetherRepositoryConnector-repo.maven.apache.org-0-3] INFO  o.e.m.c.i.e.AbstractTransferListenerAdapter - Downloading https://repo.maven.apache.org/maven2/com/beust/jcommander/1.78/jcommander-1.78.jar
2022-02-04 04:08:00,829 [AetherRepositoryConnector-repo.maven.apache.org-1-2] INFO  o.e.m.c.i.e.AbstractTransferListenerAdapter - Downloading https://repo.maven.apache.org/maven2/org/slf4j/slf4j-api/1.7.32/slf4j-api-1.7.32.jar
2022-02-04 04:08:00,830 [AetherRepositoryConnector-repo.maven.apache.org-1-1] INFO  o.e.m.c.i.e.AbstractTransferListenerAdapter - Downloading https://repo.maven.apache.org/maven2/com/google/code/findbugs/jsr305/3.0.1/jsr305-3.0.1.jar
2022-02-04 04:08:00,830 [AetherRepositoryConnector-repo.maven.apache.org-1-4] INFO  o.e.m.c.i.e.AbstractTransferListenerAdapter - Downloading https://repo.maven.apache.org/maven2/org/webjars/jquery/3.5.1/jquery-3.5.1.jar
2022-02-04 04:08:00,844 [AetherRepositoryConnector-repo.maven.apache.org-1-3] INFO  o.e.m.c.i.e.AbstractTransferListenerAdapter - Downloading https://repo.maven.apache.org/maven2/com/beust/jcommander/1.78/jcommander-1.78.jar
2022-02-04 04:08:00,889 [AetherRepositoryConnector-repo.maven.apache.org-0-2] INFO  o.e.m.c.i.e.AbstractTransferListenerAdapter - Downloading https://repo.maven.apache.org/maven2/org/slf4j/slf4j-api/1.7.32/slf4j-api-1.7.32.jar
2022-02-04 04:08:00,889 [AetherRepositoryConnector-repo.maven.apache.org-0-0] INFO  o.e.m.c.i.e.AbstractTransferListenerAdapter - Downloading https://repo.maven.apache.org/maven2/org/testng/testng/7.5/testng-7.5.jar
2022-02-04 04:08:00,889 [AetherRepositoryConnector-repo.maven.apache.org-0-4] INFO  o.e.m.c.i.e.AbstractTransferListenerAdapter - Downloading https://repo.maven.apache.org/maven2/org/webjars/jquery/3.5.1/jquery-3.5.1.jar
2022-02-04 04:08:01,135 [AetherRepositoryConnector-repo.maven.apache.org-0-1] INFO  o.e.m.c.i.e.AbstractTransferListenerAdapter - Downloaded https://repo.maven.apache.org/maven2/com/google/code/findbugs/jsr305/3.0.1/jsr305-3.0.1.jar
2022-02-04 04:08:02,185 [AetherRepositoryConnector-repo.maven.apache.org-1-1] INFO  o.e.m.c.i.e.AbstractTransferListenerAdapter - Downloaded https://repo.maven.apache.org/maven2/com/google/code/findbugs/jsr305/3.0.1/jsr305-3.0.1.jar
2022-02-04 04:08:02,445 [AetherRepositoryConnector-repo.maven.apache.org-1-2] INFO  o.e.m.c.i.e.AbstractTransferListenerAdapter - Downloaded https://repo.maven.apache.org/maven2/org/slf4j/slf4j-api/1.7.32/slf4j-api-1.7.32.jar
2022-02-04 04:08:02,445 [AetherRepositoryConnector-repo.maven.apache.org-1-3] INFO  o.e.m.c.i.e.AbstractTransferListenerAdapter - Downloaded https://repo.maven.apache.org/maven2/com/beust/jcommander/1.78/jcommander-1.78.jar
2022-02-04 04:08:02,476 [AetherRepositoryConnector-repo.maven.apache.org-0-3] INFO  o.e.m.c.i.e.AbstractTransferListenerAdapter - Downloaded https://repo.maven.apache.org/maven2/com/beust/jcommander/1.78/jcommander-1.78.jar
2022-02-04 04:08:02,480 [AetherRepositoryConnector-repo.maven.apache.org-0-2] INFO  o.e.m.c.i.e.AbstractTransferListenerAdapter - Downloaded https://repo.maven.apache.org/maven2/org/slf4j/slf4j-api/1.7.32/slf4j-api-1.7.32.jar
2022-02-04 04:08:03,088 [AetherRepositoryConnector-repo.maven.apache.org-1-4] INFO  o.e.m.c.i.e.AbstractTransferListenerAdapter - Downloaded https://repo.maven.apache.org/maven2/org/webjars/jquery/3.5.1/jquery-3.5.1.jar
2022-02-04 04:08:03,117 [AetherRepositoryConnector-repo.maven.apache.org-0-4] INFO  o.e.m.c.i.e.AbstractTransferListenerAdapter - Downloaded https://repo.maven.apache.org/maven2/org/webjars/jquery/3.5.1/jquery-3.5.1.jar
2022-02-04 04:08:03,376 [AetherRepositoryConnector-repo.maven.apache.org-0-0] INFO  o.e.m.c.i.e.AbstractTransferListenerAdapter - Downloaded https://repo.maven.apache.org/maven2/org/testng/testng/7.5/testng-7.5.jar
2022-02-04 04:08:03,499 [AetherRepositoryConnector-repo.maven.apache.org-1-0] INFO  o.e.m.c.i.e.AbstractTransferListenerAdapter - Downloaded https://repo.maven.apache.org/maven2/org/testng/testng/7.5/testng-7.5.jar
2022-02-04 04:08:03,657 [Worker-32: Building] WARN  o.e.m.c.i.embedder.EclipseLogger - Using platform encoding (Cp1252 actually) to copy filtered resources, i.e. build is platform dependent!
2022-02-04 04:08:03,659 [Worker-32: Building] INFO  o.e.m.c.i.embedder.EclipseLogger - Copying 0 resource
2022-02-04 04:08:03,665 [Worker-32: Building] WARN  o.e.m.c.i.embedder.EclipseLogger - Using platform encoding (Cp1252 actually) to copy filtered resources, i.e. build is platform dependent!
2022-02-04 04:08:03,667 [Worker-32: Building] INFO  o.e.m.c.i.embedder.EclipseLogger - Copying 0 resource
2022-02-04 04:08:04,353 [Worker-36: reload maven project] WARN  o.e.m.c.i.embedder.EclipseLogger - The artifact info.cukes:cucumber-java:pom:1.2.6 has been relocated to io.cucumber:cucumber-java:pom:1.2.6
2022-02-04 04:08:05,370 [Worker-32: Building] INFO  o.e.m.c.i.l.LifecycleMappingFactory - Using org.eclipse.m2e.jdt.JarLifecycleMapping lifecycle mapping for MavenProject: ApiTesting:JavaAPITesting:0.0.1-SNAPSHOT @ D:\Documents\QA Engineer\Learn and Teach\JAVA BDD Cucumber Web, Mobile and API Testing\JavaAPITesting\JavaAPITesting\pom.xml.
2022-02-04 04:08:05,495 [Worker-35: Download sources and javadoc] INFO  o.e.m.c.i.e.AbstractTransferListenerAdapter - Downloading https://repo.maven.apache.org/maven2/org/testng/testng/7.5/testng-7.5-sources.jar
2022-02-04 04:08:05,552 [Worker-32: Building] WARN  o.e.m.c.i.embedder.EclipseLogger - The artifact info.cukes:cucumber-java:pom:1.2.6 has been relocated to io.cucumber:cucumber-java:pom:1.2.6
2022-02-04 04:08:05,870 [Worker-32: Building] WARN  o.e.m.c.i.embedder.EclipseLogger - Using platform encoding (Cp1252 actually) to copy filtered resources, i.e. build is platform dependent!
2022-02-04 04:08:05,873 [Worker-32: Building] INFO  o.e.m.c.i.embedder.EclipseLogger - Copying 0 resource
2022-02-04 04:08:05,876 [Worker-32: Building] WARN  o.e.m.c.i.embedder.EclipseLogger - Using platform encoding (Cp1252 actually) to copy filtered resources, i.e. build is platform dependent!
2022-02-04 04:08:05,877 [Worker-32: Building] INFO  o.e.m.c.i.embedder.EclipseLogger - Copying 0 resource
2022-02-04 04:08:06,804 [Worker-35: Download sources and javadoc] INFO  o.e.m.c.i.e.AbstractTransferListenerAdapter - Downloaded https://repo.maven.apache.org/maven2/org/testng/testng/7.5/testng-7.5-sources.jar
2022-02-04 04:08:06,817 [Worker-35: Download sources and javadoc] INFO  o.e.m.j.internal.DownloadSourcesJob - Downloaded sources for org.testng:testng:7.5
2022-02-04 04:08:06,938 [Worker-35: Download sources and javadoc] WARN  o.e.m.c.i.embedder.EclipseLogger - The artifact info.cukes:cucumber-java:pom:1.2.6 has been relocated to io.cucumber:cucumber-java:pom:1.2.6
2022-02-04 04:08:07,913 [Worker-35: Download sources and javadoc] INFO  o.e.m.c.i.e.AbstractTransferListenerAdapter - Downloading https://repo.maven.apache.org/maven2/com/google/code/findbugs/jsr305/3.0.1/jsr305-3.0.1-sources.jar
2022-02-04 04:08:08,378 [Worker-35: Download sources and javadoc] INFO  o.e.m.c.i.e.AbstractTransferListenerAdapter - Downloaded https://repo.maven.apache.org/maven2/com/google/code/findbugs/jsr305/3.0.1/jsr305-3.0.1-sources.jar
2022-02-04 04:08:08,382 [Worker-35: Download sources and javadoc] INFO  o.e.m.j.internal.DownloadSourcesJob - Downloaded sources for com.google.code.findbugs:jsr305:3.0.1
2022-02-04 04:08:09,288 [Worker-35: Download sources and javadoc] INFO  o.e.m.c.i.e.AbstractTransferListenerAdapter - Downloading https://repo.maven.apache.org/maven2/org/slf4j/slf4j-api/1.7.32/slf4j-api-1.7.32-sources.jar
2022-02-04 04:08:09,959 [Worker-35: Download sources and javadoc] INFO  o.e.m.c.i.e.AbstractTransferListenerAdapter - Downloaded https://repo.maven.apache.org/maven2/org/slf4j/slf4j-api/1.7.32/slf4j-api-1.7.32-sources.jar
2022-02-04 04:08:09,963 [Worker-35: Download sources and javadoc] INFO  o.e.m.j.internal.DownloadSourcesJob - Downloaded sources for org.slf4j:slf4j-api:1.7.32
2022-02-04 04:08:10,898 [Worker-35: Download sources and javadoc] INFO  o.e.m.c.i.e.AbstractTransferListenerAdapter - Downloading https://repo.maven.apache.org/maven2/com/beust/jcommander/1.78/jcommander-1.78-sources.jar
2022-02-04 04:08:11,610 [Worker-35: Download sources and javadoc] INFO  o.e.m.c.i.e.AbstractTransferListenerAdapter - Downloaded https://repo.maven.apache.org/maven2/com/beust/jcommander/1.78/jcommander-1.78-sources.jar
2022-02-04 04:08:11,614 [Worker-35: Download sources and javadoc] INFO  o.e.m.j.internal.DownloadSourcesJob - Downloaded sources for com.beust:jcommander:1.78
2022-02-04 04:08:12,534 [Worker-35: Download sources and javadoc] INFO  o.e.m.c.i.e.AbstractTransferListenerAdapter - Downloading https://repo.maven.apache.org/maven2/org/webjars/jquery/3.5.1/jquery-3.5.1-sources.jar
2022-02-04 04:08:12,987 [Worker-35: Download sources and javadoc] INFO  o.e.m.c.i.e.AbstractTransferListenerAdapter - Downloaded https://repo.maven.apache.org/maven2/org/webjars/jquery/3.5.1/jquery-3.5.1-sources.jar
2022-02-04 04:08:12,992 [Worker-35: Download sources and javadoc] INFO  o.e.m.j.internal.DownloadSourcesJob - Downloaded sources for org.webjars:jquery:3.5.1
2022-02-04 04:08:13,344 [Worker-37: Building] WARN  o.e.m.c.i.embedder.EclipseLogger - Using platform encoding (Cp1252 actually) to copy filtered resources, i.e. build is platform dependent!
2022-02-04 04:08:13,345 [Worker-37: Building] INFO  o.e.m.c.i.embedder.EclipseLogger - Copying 0 resource
2022-02-04 04:08:13,347 [Worker-37: Building] WARN  o.e.m.c.i.embedder.EclipseLogger - Using platform encoding (Cp1252 actually) to copy filtered resources, i.e. build is platform dependent!
2022-02-04 04:08:13,348 [Worker-37: Building] INFO  o.e.m.c.i.embedder.EclipseLogger - Copying 0 resource
2022-02-04 04:12:39,933 [Worker-36: Building] WARN  o.e.m.c.i.embedder.EclipseLogger - Using platform encoding (Cp1252 actually) to copy filtered resources, i.e. build is platform dependent!
2022-02-04 04:12:39,934 [Worker-36: Building] INFO  o.e.m.c.i.embedder.EclipseLogger - Copying 0 resource
2022-02-04 04:12:39,935 [Worker-36: Building] WARN  o.e.m.c.i.embedder.EclipseLogger - Using platform encoding (Cp1252 actually) to copy filtered resources, i.e. build is platform dependent!
2022-02-04 04:12:39,955 [Worker-36: Building] INFO  o.e.m.c.i.embedder.EclipseLogger - Copying 0 resource
2022-02-04 04:14:04,812 [Worker-41: Building] WARN  o.e.m.c.i.embedder.EclipseLogger - Using platform encoding (Cp1252 actually) to copy filtered resources, i.e. build is platform dependent!
2022-02-04 04:14:04,813 [Worker-41: Building] INFO  o.e.m.c.i.embedder.EclipseLogger - Copying 0 resource
2022-02-04 04:14:04,815 [Worker-41: Building] WARN  o.e.m.c.i.embedder.EclipseLogger - Using platform encoding (Cp1252 actually) to copy filtered resources, i.e. build is platform dependent!
2022-02-04 04:14:04,816 [Worker-41: Building] INFO  o.e.m.c.i.embedder.EclipseLogger - Copying 0 resource
2022-02-04 04:14:12,303 [Worker-41: Building] WARN  o.e.m.c.i.embedder.EclipseLogger - Using platform encoding (Cp1252 actually) to copy filtered resources, i.e. build is platform dependent!
2022-02-04 04:14:12,304 [Worker-41: Building] INFO  o.e.m.c.i.embedder.EclipseLogger - Copying 0 resource
2022-02-04 04:14:12,306 [Worker-41: Building] WARN  o.e.m.c.i.embedder.EclipseLogger - Using platform encoding (Cp1252 actually) to copy filtered resources, i.e. build is platform dependent!
2022-02-04 04:14:12,307 [Worker-41: Building] INFO  o.e.m.c.i.embedder.EclipseLogger - Copying 0 resource
2022-02-04 04:18:32,603 [Worker-44: Building] WARN  o.e.m.c.i.embedder.EclipseLogger - Using platform encoding (Cp1252 actually) to copy filtered resources, i.e. build is platform dependent!
2022-02-04 04:18:32,605 [Worker-44: Building] INFO  o.e.m.c.i.embedder.EclipseLogger - Copying 0 resource
2022-02-04 04:18:32,607 [Worker-44: Building] WARN  o.e.m.c.i.embedder.EclipseLogger - Using platform encoding (Cp1252 actually) to copy filtered resources, i.e. build is platform dependent!
2022-02-04 04:18:32,608 [Worker-44: Building] INFO  o.e.m.c.i.embedder.EclipseLogger - Copying 0 resource
2022-02-04 04:19:19,852 [Worker-43: Building] WARN  o.e.m.c.i.embedder.EclipseLogger - Using platform encoding (Cp1252 actually) to copy filtered resources, i.e. build is platform dependent!
2022-02-04 04:19:19,853 [Worker-43: Building] INFO  o.e.m.c.i.embedder.EclipseLogger - Copying 0 resource
2022-02-04 04:19:19,855 [Worker-43: Building] WARN  o.e.m.c.i.embedder.EclipseLogger - Using platform encoding (Cp1252 actually) to copy filtered resources, i.e. build is platform dependent!
2022-02-04 04:19:19,856 [Worker-43: Building] INFO  o.e.m.c.i.embedder.EclipseLogger - Copying 0 resource
2022-02-04 04:19:34,279 [Worker-44: Building] WARN  o.e.m.c.i.embedder.EclipseLogger - Using platform encoding (Cp1252 actually) to copy filtered resources, i.e. build is platform dependent!
2022-02-04 04:19:34,280 [Worker-44: Building] INFO  o.e.m.c.i.embedder.EclipseLogger - Copying 0 resource
2022-02-04 04:19:34,282 [Worker-44: Building] WARN  o.e.m.c.i.embedder.EclipseLogger - Using platform encoding (Cp1252 actually) to copy filtered resources, i.e. build is platform dependent!
2022-02-04 04:19:34,284 [Worker-44: Building] INFO  o.e.m.c.i.embedder.EclipseLogger - Copying 0 resource
2022-02-04 04:19:39,580 [Worker-44: Building] WARN  o.e.m.c.i.embedder.EclipseLogger - Using platform encoding (Cp1252 actually) to copy filtered resources, i.e. build is platform dependent!
2022-02-04 04:19:39,581 [Worker-44: Building] INFO  o.e.m.c.i.embedder.EclipseLogger - Copying 0 resource
2022-02-04 04:19:39,583 [Worker-44: Building] WARN  o.e.m.c.i.embedder.EclipseLogger - Using platform encoding (Cp1252 actually) to copy filtered resources, i.e. build is platform dependent!
2022-02-04 04:19:39,583 [Worker-44: Building] INFO  o.e.m.c.i.embedder.EclipseLogger - Copying 0 resource
2022-02-04 04:20:08,698 [Worker-47: Building] WARN  o.e.m.c.i.embedder.EclipseLogger - Using platform encoding (Cp1252 actually) to copy filtered resources, i.e. build is platform dependent!
2022-02-04 04:20:08,699 [Worker-47: Building] INFO  o.e.m.c.i.embedder.EclipseLogger - Copying 0 resource
2022-02-04 04:20:08,701 [Worker-47: Building] WARN  o.e.m.c.i.embedder.EclipseLogger - Using platform encoding (Cp1252 actually) to copy filtered resources, i.e. build is platform dependent!
2022-02-04 04:20:08,702 [Worker-47: Building] INFO  o.e.m.c.i.embedder.EclipseLogger - Copying 0 resource
2022-02-04 04:21:53,121 [Worker-47: Building] WARN  o.e.m.c.i.embedder.EclipseLogger - Using platform encoding (Cp1252 actually) to copy filtered resources, i.e. build is platform dependent!
2022-02-04 04:21:53,122 [Worker-47: Building] INFO  o.e.m.c.i.embedder.EclipseLogger - Copying 0 resource
2022-02-04 04:21:53,124 [Worker-47: Building] WARN  o.e.m.c.i.embedder.EclipseLogger - Using platform encoding (Cp1252 actually) to copy filtered resources, i.e. build is platform dependent!
2022-02-04 04:21:53,125 [Worker-47: Building] INFO  o.e.m.c.i.embedder.EclipseLogger - Copying 0 resource
2022-02-04 04:21:58,914 [Worker-46: Building] WARN  o.e.m.c.i.embedder.EclipseLogger - Using platform encoding (Cp1252 actually) to copy filtered resources, i.e. build is platform dependent!
2022-02-04 04:21:58,915 [Worker-46: Building] INFO  o.e.m.c.i.embedder.EclipseLogger - Copying 0 resource
2022-02-04 04:21:58,918 [Worker-46: Building] WARN  o.e.m.c.i.embedder.EclipseLogger - Using platform encoding (Cp1252 actually) to copy filtered resources, i.e. build is platform dependent!
2022-02-04 04:21:58,919 [Worker-46: Building] INFO  o.e.m.c.i.embedder.EclipseLogger - Copying 0 resource
2022-02-04 04:22:39,959 [Worker-46: Building] WARN  o.e.m.c.i.embedder.EclipseLogger - Using platform encoding (Cp1252 actually) to copy filtered resources, i.e. build is platform dependent!
2022-02-04 04:22:39,960 [Worker-46: Building] INFO  o.e.m.c.i.embedder.EclipseLogger - Copying 0 resource
2022-02-04 04:22:39,962 [Worker-46: Building] WARN  o.e.m.c.i.embedder.EclipseLogger - Using platform encoding (Cp1252 actually) to copy filtered resources, i.e. build is platform dependent!
2022-02-04 04:22:39,963 [Worker-46: Building] INFO  o.e.m.c.i.embedder.EclipseLogger - Copying 0 resource
2022-02-04 04:23:02,609 [Worker-48: Building] WARN  o.e.m.c.i.embedder.EclipseLogger - Using platform encoding (Cp1252 actually) to copy filtered resources, i.e. build is platform dependent!
2022-02-04 04:23:02,610 [Worker-48: Building] INFO  o.e.m.c.i.embedder.EclipseLogger - Copying 0 resource
2022-02-04 04:23:02,611 [Worker-48: Building] WARN  o.e.m.c.i.embedder.EclipseLogger - Using platform encoding (Cp1252 actually) to copy filtered resources, i.e. build is platform dependent!
2022-02-04 04:23:02,612 [Worker-48: Building] INFO  o.e.m.c.i.embedder.EclipseLogger - Copying 0 resource
2022-02-04 04:23:11,050 [Worker-48: Building] WARN  o.e.m.c.i.embedder.EclipseLogger - Using platform encoding (Cp1252 actually) to copy filtered resources, i.e. build is platform dependent!
2022-02-04 04:23:11,051 [Worker-48: Building] INFO  o.e.m.c.i.embedder.EclipseLogger - Copying 0 resource
2022-02-04 04:23:11,053 [Worker-48: Building] WARN  o.e.m.c.i.embedder.EclipseLogger - Using platform encoding (Cp1252 actually) to copy filtered resources, i.e. build is platform dependent!
2022-02-04 04:23:11,054 [Worker-48: Building] INFO  o.e.m.c.i.embedder.EclipseLogger - Copying 0 resource
2022-02-04 04:23:31,807 [Worker-43: Building] WARN  o.e.m.c.i.embedder.EclipseLogger - Using platform encoding (Cp1252 actually) to copy filtered resources, i.e. build is platform dependent!
2022-02-04 04:23:31,808 [Worker-43: Building] INFO  o.e.m.c.i.embedder.EclipseLogger - Copying 0 resource
2022-02-04 04:23:31,810 [Worker-43: Building] WARN  o.e.m.c.i.embedder.EclipseLogger - Using platform encoding (Cp1252 actually) to copy filtered resources, i.e. build is platform dependent!
2022-02-04 04:23:31,811 [Worker-43: Building] INFO  o.e.m.c.i.embedder.EclipseLogger - Copying 0 resource
2022-02-04 04:23:40,426 [Worker-40: Building] WARN  o.e.m.c.i.embedder.EclipseLogger - Using platform encoding (Cp1252 actually) to copy filtered resources, i.e. build is platform dependent!
2022-02-04 04:23:40,427 [Worker-40: Building] INFO  o.e.m.c.i.embedder.EclipseLogger - Copying 0 resource
2022-02-04 04:23:40,429 [Worker-40: Building] WARN  o.e.m.c.i.embedder.EclipseLogger - Using platform encoding (Cp1252 actually) to copy filtered resources, i.e. build is platform dependent!
2022-02-04 04:23:40,430 [Worker-40: Building] INFO  o.e.m.c.i.embedder.EclipseLogger - Copying 0 resource
2022-02-04 04:24:07,713 [Worker-40: Building] WARN  o.e.m.c.i.embedder.EclipseLogger - Using platform encoding (Cp1252 actually) to copy filtered resources, i.e. build is platform dependent!
2022-02-04 04:24:07,714 [Worker-40: Building] INFO  o.e.m.c.i.embedder.EclipseLogger - Copying 0 resource
2022-02-04 04:24:07,716 [Worker-40: Building] WARN  o.e.m.c.i.embedder.EclipseLogger - Using platform encoding (Cp1252 actually) to copy filtered resources, i.e. build is platform dependent!
2022-02-04 04:24:07,717 [Worker-40: Building] INFO  o.e.m.c.i.embedder.EclipseLogger - Copying 0 resource
2022-02-04 04:24:35,372 [Worker-40: Building] WARN  o.e.m.c.i.embedder.EclipseLogger - Using platform encoding (Cp1252 actually) to copy filtered resources, i.e. build is platform dependent!
2022-02-04 04:24:35,373 [Worker-40: Building] INFO  o.e.m.c.i.embedder.EclipseLogger - Copying 0 resource
2022-02-04 04:24:35,374 [Worker-40: Building] WARN  o.e.m.c.i.embedder.EclipseLogger - Using platform encoding (Cp1252 actually) to copy filtered resources, i.e. build is platform dependent!
2022-02-04 04:24:35,375 [Worker-40: Building] INFO  o.e.m.c.i.embedder.EclipseLogger - Copying 0 resource
2022-02-04 04:25:24,684 [Worker-44: Building] WARN  o.e.m.c.i.embedder.EclipseLogger - Using platform encoding (Cp1252 actually) to copy filtered resources, i.e. build is platform dependent!
2022-02-04 04:25:24,685 [Worker-44: Building] INFO  o.e.m.c.i.embedder.EclipseLogger - Copying 0 resource
2022-02-04 04:25:24,687 [Worker-44: Building] WARN  o.e.m.c.i.embedder.EclipseLogger - Using platform encoding (Cp1252 actually) to copy filtered resources, i.e. build is platform dependent!
2022-02-04 04:25:24,688 [Worker-44: Building] INFO  o.e.m.c.i.embedder.EclipseLogger - Copying 0 resource
2022-02-04 04:39:16,715 [Worker-5: Loading available Gradle versions] INFO  o.e.b.c.i.u.g.PublishedGradleVersions - Gradle version information cache is up-to-date. Trying to read.
2022-02-04 04:40:54,565 [Worker-6: Launching TC_1_GET_dsadsa] WARN  o.e.m.c.i.embedder.EclipseLogger - The artifact info.cukes:cucumber-java:pom:1.2.6 has been relocated to io.cucumber:cucumber-java:pom:1.2.6
2022-02-04 04:44:14,039 [Worker-3: Building] WARN  o.e.m.c.i.embedder.EclipseLogger - Using platform encoding (Cp1252 actually) to copy filtered resources, i.e. build is platform dependent!
2022-02-04 04:44:14,045 [Worker-3: Building] INFO  o.e.m.c.i.embedder.EclipseLogger - Copying 0 resource
2022-02-04 04:44:14,049 [Worker-3: Building] WARN  o.e.m.c.i.embedder.EclipseLogger - Using platform encoding (Cp1252 actually) to copy filtered resources, i.e. build is platform dependent!
2022-02-04 04:44:14,050 [Worker-3: Building] INFO  o.e.m.c.i.embedder.EclipseLogger - Copying 0 resource
2022-02-04 04:44:27,058 [Worker-14: Building] WARN  o.e.m.c.i.embedder.EclipseLogger - Using platform encoding (Cp1252 actually) to copy filtered resources, i.e. build is platform dependent!
2022-02-04 04:44:27,062 [Worker-14: Building] INFO  o.e.m.c.i.embedder.EclipseLogger - Copying 0 resource
2022-02-04 04:44:27,064 [Worker-14: Building] WARN  o.e.m.c.i.embedder.EclipseLogger - Using platform encoding (Cp1252 actually) to copy filtered resources, i.e. build is platform dependent!
2022-02-04 04:44:27,068 [Worker-14: Building] INFO  o.e.m.c.i.embedder.EclipseLogger - Copying 0 resource
2022-02-04 04:45:37,021 [Worker-14: Building] WARN  o.e.m.c.i.embedder.EclipseLogger - Using platform encoding (Cp1252 actually) to copy filtered resources, i.e. build is platform dependent!
2022-02-04 04:45:37,022 [Worker-14: Building] INFO  o.e.m.c.i.embedder.EclipseLogger - Copying 0 resource
2022-02-04 04:45:37,024 [Worker-14: Building] WARN  o.e.m.c.i.embedder.EclipseLogger - Using platform encoding (Cp1252 actually) to copy filtered resources, i.e. build is platform dependent!
2022-02-04 04:45:37,026 [Worker-14: Building] INFO  o.e.m.c.i.embedder.EclipseLogger - Copying 0 resource
2022-02-04 04:45:52,934 [Worker-14: Building] WARN  o.e.m.c.i.embedder.EclipseLogger - Using platform encoding (Cp1252 actually) to copy filtered resources, i.e. build is platform dependent!
2022-02-04 04:45:52,935 [Worker-14: Building] INFO  o.e.m.c.i.embedder.EclipseLogger - Copying 0 resource
2022-02-04 04:45:52,937 [Worker-14: Building] WARN  o.e.m.c.i.embedder.EclipseLogger - Using platform encoding (Cp1252 actually) to copy filtered resources, i.e. build is platform dependent!
2022-02-04 04:45:52,938 [Worker-14: Building] INFO  o.e.m.c.i.embedder.EclipseLogger - Copying 0 resource
2022-02-04 04:48:09,655 [Worker-18: Building] WARN  o.e.m.c.i.embedder.EclipseLogger - Using platform encoding (Cp1252 actually) to copy filtered resources, i.e. build is platform dependent!
2022-02-04 04:48:09,656 [Worker-18: Building] INFO  o.e.m.c.i.embedder.EclipseLogger - Copying 0 resource
2022-02-04 04:48:09,658 [Worker-18: Building] WARN  o.e.m.c.i.embedder.EclipseLogger - Using platform encoding (Cp1252 actually) to copy filtered resources, i.e. build is platform dependent!
2022-02-04 04:48:09,659 [Worker-18: Building] INFO  o.e.m.c.i.embedder.EclipseLogger - Copying 0 resource
2022-02-04 04:48:15,355 [Worker-19: Building] WARN  o.e.m.c.i.embedder.EclipseLogger - Using platform encoding (Cp1252 actually) to copy filtered resources, i.e. build is platform dependent!
2022-02-04 04:48:15,356 [Worker-19: Building] INFO  o.e.m.c.i.embedder.EclipseLogger - Copying 0 resource
2022-02-04 04:48:15,358 [Worker-19: Building] WARN  o.e.m.c.i.embedder.EclipseLogger - Using platform encoding (Cp1252 actually) to copy filtered resources, i.e. build is platform dependent!
2022-02-04 04:48:15,359 [Worker-19: Building] INFO  o.e.m.c.i.embedder.EclipseLogger - Copying 0 resource
2022-02-04 04:48:52,176 [Worker-20: Building] WARN  o.e.m.c.i.embedder.EclipseLogger - Using platform encoding (Cp1252 actually) to copy filtered resources, i.e. build is platform dependent!
2022-02-04 04:48:52,177 [Worker-20: Building] INFO  o.e.m.c.i.embedder.EclipseLogger - Copying 0 resource
2022-02-04 04:48:52,179 [Worker-20: Building] WARN  o.e.m.c.i.embedder.EclipseLogger - Using platform encoding (Cp1252 actually) to copy filtered resources, i.e. build is platform dependent!
2022-02-04 04:48:52,181 [Worker-20: Building] INFO  o.e.m.c.i.embedder.EclipseLogger - Copying 0 resource
2022-02-04 04:51:22,538 [Worker-18: Building] WARN  o.e.m.c.i.embedder.EclipseLogger - Using platform encoding (Cp1252 actually) to copy filtered resources, i.e. build is platform dependent!
2022-02-04 04:51:22,540 [Worker-18: Building] INFO  o.e.m.c.i.embedder.EclipseLogger - Copying 0 resource
2022-02-04 04:51:22,544 [Worker-18: Building] WARN  o.e.m.c.i.embedder.EclipseLogger - Using platform encoding (Cp1252 actually) to copy filtered resources, i.e. build is platform dependent!
2022-02-04 04:51:22,545 [Worker-18: Building] INFO  o.e.m.c.i.embedder.EclipseLogger - Copying 0 resource
2022-02-04 04:52:51,422 [Worker-21: Building] WARN  o.e.m.c.i.embedder.EclipseLogger - Using platform encoding (Cp1252 actually) to copy filtered resources, i.e. build is platform dependent!
2022-02-04 04:52:51,423 [Worker-21: Building] INFO  o.e.m.c.i.embedder.EclipseLogger - Copying 0 resource
2022-02-04 04:52:51,425 [Worker-21: Building] WARN  o.e.m.c.i.embedder.EclipseLogger - Using platform encoding (Cp1252 actually) to copy filtered resources, i.e. build is platform dependent!
2022-02-04 04:52:51,426 [Worker-21: Building] INFO  o.e.m.c.i.embedder.EclipseLogger - Copying 0 resource
2022-02-04 04:53:16,837 [Worker-19: Building] WARN  o.e.m.c.i.embedder.EclipseLogger - Using platform encoding (Cp1252 actually) to copy filtered resources, i.e. build is platform dependent!
2022-02-04 04:53:16,838 [Worker-19: Building] INFO  o.e.m.c.i.embedder.EclipseLogger - Copying 0 resource
2022-02-04 04:53:16,840 [Worker-19: Building] WARN  o.e.m.c.i.embedder.EclipseLogger - Using platform encoding (Cp1252 actually) to copy filtered resources, i.e. build is platform dependent!
2022-02-04 04:53:16,842 [Worker-19: Building] INFO  o.e.m.c.i.embedder.EclipseLogger - Copying 0 resource
2022-02-04 04:53:54,234 [Worker-20: Building] WARN  o.e.m.c.i.embedder.EclipseLogger - Using platform encoding (Cp1252 actually) to copy filtered resources, i.e. build is platform dependent!
2022-02-04 04:53:54,235 [Worker-20: Building] INFO  o.e.m.c.i.embedder.EclipseLogger - Copying 0 resource
2022-02-04 04:53:54,237 [Worker-20: Building] WARN  o.e.m.c.i.embedder.EclipseLogger - Using platform encoding (Cp1252 actually) to copy filtered resources, i.e. build is platform dependent!
2022-02-04 04:53:54,238 [Worker-20: Building] INFO  o.e.m.c.i.embedder.EclipseLogger - Copying 0 resource
2022-02-04 04:55:02,797 [Worker-16: Building] WARN  o.e.m.c.i.embedder.EclipseLogger - Using platform encoding (Cp1252 actually) to copy filtered resources, i.e. build is platform dependent!
2022-02-04 04:55:02,799 [Worker-16: Building] INFO  o.e.m.c.i.embedder.EclipseLogger - Copying 0 resource
2022-02-04 04:55:02,800 [Worker-16: Building] WARN  o.e.m.c.i.embedder.EclipseLogger - Using platform encoding (Cp1252 actually) to copy filtered resources, i.e. build is platform dependent!
2022-02-04 04:55:02,801 [Worker-16: Building] INFO  o.e.m.c.i.embedder.EclipseLogger - Copying 0 resource
2022-02-04 05:03:01,835 [Worker-24: Building] WARN  o.e.m.c.i.embedder.EclipseLogger - Using platform encoding (Cp1252 actually) to copy filtered resources, i.e. build is platform dependent!
2022-02-04 05:03:01,836 [Worker-24: Building] INFO  o.e.m.c.i.embedder.EclipseLogger - Copying 0 resource
2022-02-04 05:03:01,838 [Worker-24: Building] WARN  o.e.m.c.i.embedder.EclipseLogger - Using platform encoding (Cp1252 actually) to copy filtered resources, i.e. build is platform dependent!
2022-02-04 05:03:01,839 [Worker-24: Building] INFO  o.e.m.c.i.embedder.EclipseLogger - Copying 0 resource
2022-02-04 05:03:05,638 [Worker-16: Building] WARN  o.e.m.c.i.embedder.EclipseLogger - Using platform encoding (Cp1252 actually) to copy filtered resources, i.e. build is platform dependent!
2022-02-04 05:03:05,639 [Worker-16: Building] INFO  o.e.m.c.i.embedder.EclipseLogger - Copying 0 resource
2022-02-04 05:03:05,640 [Worker-16: Building] WARN  o.e.m.c.i.embedder.EclipseLogger - Using platform encoding (Cp1252 actually) to copy filtered resources, i.e. build is platform dependent!
2022-02-04 05:03:05,642 [Worker-16: Building] INFO  o.e.m.c.i.embedder.EclipseLogger - Copying 0 resource
2022-02-04 05:03:18,941 [Worker-16: Building] WARN  o.e.m.c.i.embedder.EclipseLogger - Using platform encoding (Cp1252 actually) to copy filtered resources, i.e. build is platform dependent!
2022-02-04 05:03:18,943 [Worker-16: Building] INFO  o.e.m.c.i.embedder.EclipseLogger - Copying 0 resource
2022-02-04 05:03:18,944 [Worker-16: Building] WARN  o.e.m.c.i.embedder.EclipseLogger - Using platform encoding (Cp1252 actually) to copy filtered resources, i.e. build is platform dependent!
2022-02-04 05:03:18,945 [Worker-16: Building] INFO  o.e.m.c.i.embedder.EclipseLogger - Copying 0 resource
2022-02-04 05:04:46,219 [Worker-25: Building] WARN  o.e.m.c.i.embedder.EclipseLogger - Using platform encoding (Cp1252 actually) to copy filtered resources, i.e. build is platform dependent!
2022-02-04 05:04:46,220 [Worker-25: Building] INFO  o.e.m.c.i.embedder.EclipseLogger - Copying 0 resource
2022-02-04 05:04:46,223 [Worker-25: Building] WARN  o.e.m.c.i.embedder.EclipseLogger - Using platform encoding (Cp1252 actually) to copy filtered resources, i.e. build is platform dependent!
2022-02-04 05:04:46,224 [Worker-25: Building] INFO  o.e.m.c.i.embedder.EclipseLogger - Copying 0 resource
2022-02-04 05:05:17,257 [Worker-16: Building] WARN  o.e.m.c.i.embedder.EclipseLogger - Using platform encoding (Cp1252 actually) to copy filtered resources, i.e. build is platform dependent!
2022-02-04 05:05:17,258 [Worker-16: Building] INFO  o.e.m.c.i.embedder.EclipseLogger - Copying 0 resource
2022-02-04 05:05:17,259 [Worker-16: Building] WARN  o.e.m.c.i.embedder.EclipseLogger - Using platform encoding (Cp1252 actually) to copy filtered resources, i.e. build is platform dependent!
2022-02-04 05:05:17,260 [Worker-16: Building] INFO  o.e.m.c.i.embedder.EclipseLogger - Copying 0 resource
2022-02-04 05:05:43,839 [Worker-16: Building] WARN  o.e.m.c.i.embedder.EclipseLogger - Using platform encoding (Cp1252 actually) to copy filtered resources, i.e. build is platform dependent!
2022-02-04 05:05:43,840 [Worker-16: Building] INFO  o.e.m.c.i.embedder.EclipseLogger - Copying 0 resource
2022-02-04 05:05:43,841 [Worker-16: Building] WARN  o.e.m.c.i.embedder.EclipseLogger - Using platform encoding (Cp1252 actually) to copy filtered resources, i.e. build is platform dependent!
2022-02-04 05:05:43,843 [Worker-16: Building] INFO  o.e.m.c.i.embedder.EclipseLogger - Copying 0 resource
2022-02-04 05:06:48,826 [Worker-16: Building] WARN  o.e.m.c.i.embedder.EclipseLogger - Using platform encoding (Cp1252 actually) to copy filtered resources, i.e. build is platform dependent!
2022-02-04 05:06:48,827 [Worker-16: Building] INFO  o.e.m.c.i.embedder.EclipseLogger - Copying 0 resource
2022-02-04 05:06:48,829 [Worker-16: Building] WARN  o.e.m.c.i.embedder.EclipseLogger - Using platform encoding (Cp1252 actually) to copy filtered resources, i.e. build is platform dependent!
2022-02-04 05:06:48,830 [Worker-16: Building] INFO  o.e.m.c.i.embedder.EclipseLogger - Copying 0 resource
2022-02-04 05:07:13,987 [Worker-24: Building] WARN  o.e.m.c.i.embedder.EclipseLogger - Using platform encoding (Cp1252 actually) to copy filtered resources, i.e. build is platform dependent!
2022-02-04 05:07:13,988 [Worker-24: Building] INFO  o.e.m.c.i.embedder.EclipseLogger - Copying 0 resource
2022-02-04 05:07:13,989 [Worker-24: Building] WARN  o.e.m.c.i.embedder.EclipseLogger - Using platform encoding (Cp1252 actually) to copy filtered resources, i.e. build is platform dependent!
2022-02-04 05:07:13,991 [Worker-24: Building] INFO  o.e.m.c.i.embedder.EclipseLogger - Copying 0 resource
2022-02-04 05:07:18,544 [Worker-26: Building] WARN  o.e.m.c.i.embedder.EclipseLogger - Using platform encoding (Cp1252 actually) to copy filtered resources, i.e. build is platform dependent!
2022-02-04 05:07:18,545 [Worker-26: Building] INFO  o.e.m.c.i.embedder.EclipseLogger - Copying 0 resource
2022-02-04 05:07:18,546 [Worker-26: Building] WARN  o.e.m.c.i.embedder.EclipseLogger - Using platform encoding (Cp1252 actually) to copy filtered resources, i.e. build is platform dependent!
2022-02-04 05:07:18,548 [Worker-26: Building] INFO  o.e.m.c.i.embedder.EclipseLogger - Copying 0 resource
2022-02-04 05:07:52,675 [Worker-26: Building] WARN  o.e.m.c.i.embedder.EclipseLogger - Using platform encoding (Cp1252 actually) to copy filtered resources, i.e. build is platform dependent!
2022-02-04 05:07:52,676 [Worker-26: Building] INFO  o.e.m.c.i.embedder.EclipseLogger - Copying 0 resource
2022-02-04 05:07:52,678 [Worker-26: Building] WARN  o.e.m.c.i.embedder.EclipseLogger - Using platform encoding (Cp1252 actually) to copy filtered resources, i.e. build is platform dependent!
2022-02-04 05:07:52,679 [Worker-26: Building] INFO  o.e.m.c.i.embedder.EclipseLogger - Copying 0 resource
2022-02-04 05:08:59,310 [Worker-27: Building] WARN  o.e.m.c.i.embedder.EclipseLogger - Using platform encoding (Cp1252 actually) to copy filtered resources, i.e. build is platform dependent!
2022-02-04 05:08:59,311 [Worker-27: Building] INFO  o.e.m.c.i.embedder.EclipseLogger - Copying 0 resource
2022-02-04 05:08:59,312 [Worker-27: Building] WARN  o.e.m.c.i.embedder.EclipseLogger - Using platform encoding (Cp1252 actually) to copy filtered resources, i.e. build is platform dependent!
2022-02-04 05:08:59,313 [Worker-27: Building] INFO  o.e.m.c.i.embedder.EclipseLogger - Copying 0 resource
2022-02-04 05:10:47,938 [Worker-20: Building] WARN  o.e.m.c.i.embedder.EclipseLogger - Using platform encoding (Cp1252 actually) to copy filtered resources, i.e. build is platform dependent!
2022-02-04 05:10:47,939 [Worker-20: Building] INFO  o.e.m.c.i.embedder.EclipseLogger - Copying 0 resource
2022-02-04 05:10:47,941 [Worker-20: Building] WARN  o.e.m.c.i.embedder.EclipseLogger - Using platform encoding (Cp1252 actually) to copy filtered resources, i.e. build is platform dependent!
2022-02-04 05:10:47,942 [Worker-20: Building] INFO  o.e.m.c.i.embedder.EclipseLogger - Copying 0 resource
2022-02-04 05:12:23,175 [Worker-24: Building] WARN  o.e.m.c.i.embedder.EclipseLogger - Using platform encoding (Cp1252 actually) to copy filtered resources, i.e. build is platform dependent!
2022-02-04 05:12:23,176 [Worker-24: Building] INFO  o.e.m.c.i.embedder.EclipseLogger - Copying 0 resource
2022-02-04 05:12:23,178 [Worker-24: Building] WARN  o.e.m.c.i.embedder.EclipseLogger - Using platform encoding (Cp1252 actually) to copy filtered resources, i.e. build is platform dependent!
2022-02-04 05:12:23,179 [Worker-24: Building] INFO  o.e.m.c.i.embedder.EclipseLogger - Copying 0 resource
2022-02-04 05:13:09,710 [Worker-28: Building] WARN  o.e.m.c.i.embedder.EclipseLogger - Using platform encoding (Cp1252 actually) to copy filtered resources, i.e. build is platform dependent!
2022-02-04 05:13:09,712 [Worker-28: Building] INFO  o.e.m.c.i.embedder.EclipseLogger - Copying 0 resource
2022-02-04 05:13:09,713 [Worker-28: Building] WARN  o.e.m.c.i.embedder.EclipseLogger - Using platform encoding (Cp1252 actually) to copy filtered resources, i.e. build is platform dependent!
2022-02-04 05:13:09,714 [Worker-28: Building] INFO  o.e.m.c.i.embedder.EclipseLogger - Copying 0 resource
2022-02-04 05:14:34,209 [Worker-26: Building] WARN  o.e.m.c.i.embedder.EclipseLogger - Using platform encoding (Cp1252 actually) to copy filtered resources, i.e. build is platform dependent!
2022-02-04 05:14:34,210 [Worker-26: Building] INFO  o.e.m.c.i.embedder.EclipseLogger - Copying 0 resource
2022-02-04 05:14:34,213 [Worker-26: Building] WARN  o.e.m.c.i.embedder.EclipseLogger - Using platform encoding (Cp1252 actually) to copy filtered resources, i.e. build is platform dependent!
2022-02-04 05:14:34,214 [Worker-26: Building] INFO  o.e.m.c.i.embedder.EclipseLogger - Copying 0 resource
2022-02-04 05:15:07,337 [Worker-28: Building] WARN  o.e.m.c.i.embedder.EclipseLogger - Using platform encoding (Cp1252 actually) to copy filtered resources, i.e. build is platform dependent!
2022-02-04 05:15:07,338 [Worker-28: Building] INFO  o.e.m.c.i.embedder.EclipseLogger - Copying 0 resource
2022-02-04 05:15:07,339 [Worker-28: Building] WARN  o.e.m.c.i.embedder.EclipseLogger - Using platform encoding (Cp1252 actually) to copy filtered resources, i.e. build is platform dependent!
2022-02-04 05:15:07,340 [Worker-28: Building] INFO  o.e.m.c.i.embedder.EclipseLogger - Copying 0 resource
2022-02-04 05:15:51,600 [Worker-20: Building] WARN  o.e.m.c.i.embedder.EclipseLogger - Using platform encoding (Cp1252 actually) to copy filtered resources, i.e. build is platform dependent!
2022-02-04 05:15:51,601 [Worker-20: Building] INFO  o.e.m.c.i.embedder.EclipseLogger - Copying 0 resource
2022-02-04 05:15:51,602 [Worker-20: Building] WARN  o.e.m.c.i.embedder.EclipseLogger - Using platform encoding (Cp1252 actually) to copy filtered resources, i.e. build is platform dependent!
2022-02-04 05:15:51,604 [Worker-20: Building] INFO  o.e.m.c.i.embedder.EclipseLogger - Copying 0 resource
2022-02-04 05:16:31,102 [Worker-20: Building] WARN  o.e.m.c.i.embedder.EclipseLogger - Using platform encoding (Cp1252 actually) to copy filtered resources, i.e. build is platform dependent!
2022-02-04 05:16:31,103 [Worker-20: Building] INFO  o.e.m.c.i.embedder.EclipseLogger - Copying 0 resource
2022-02-04 05:16:31,104 [Worker-20: Building] WARN  o.e.m.c.i.embedder.EclipseLogger - Using platform encoding (Cp1252 actually) to copy filtered resources, i.e. build is platform dependent!
2022-02-04 05:16:31,105 [Worker-20: Building] INFO  o.e.m.c.i.embedder.EclipseLogger - Copying 0 resource
2022-02-04 05:21:09,663 [Worker-26: Building] WARN  o.e.m.c.i.embedder.EclipseLogger - Using platform encoding (Cp1252 actually) to copy filtered resources, i.e. build is platform dependent!
2022-02-04 05:21:09,665 [Worker-26: Building] INFO  o.e.m.c.i.embedder.EclipseLogger - Copying 0 resource
2022-02-04 05:21:09,667 [Worker-26: Building] WARN  o.e.m.c.i.embedder.EclipseLogger - Using platform encoding (Cp1252 actually) to copy filtered resources, i.e. build is platform dependent!
2022-02-04 05:21:09,668 [Worker-26: Building] INFO  o.e.m.c.i.embedder.EclipseLogger - Copying 0 resource
2022-02-04 05:21:15,733 [Worker-26: Building] WARN  o.e.m.c.i.embedder.EclipseLogger - Using platform encoding (Cp1252 actually) to copy filtered resources, i.e. build is platform dependent!
2022-02-04 05:21:15,734 [Worker-26: Building] INFO  o.e.m.c.i.embedder.EclipseLogger - Copying 0 resource
2022-02-04 05:21:15,735 [Worker-26: Building] WARN  o.e.m.c.i.embedder.EclipseLogger - Using platform encoding (Cp1252 actually) to copy filtered resources, i.e. build is platform dependent!
2022-02-04 05:21:15,738 [Worker-26: Building] INFO  o.e.m.c.i.embedder.EclipseLogger - Copying 0 resource
2022-02-04 05:21:48,127 [Worker-29: Building] WARN  o.e.m.c.i.embedder.EclipseLogger - Using platform encoding (Cp1252 actually) to copy filtered resources, i.e. build is platform dependent!
2022-02-04 05:21:48,128 [Worker-29: Building] INFO  o.e.m.c.i.embedder.EclipseLogger - Copying 0 resource
2022-02-04 05:21:48,130 [Worker-29: Building] WARN  o.e.m.c.i.embedder.EclipseLogger - Using platform encoding (Cp1252 actually) to copy filtered resources, i.e. build is platform dependent!
2022-02-04 05:21:48,131 [Worker-29: Building] INFO  o.e.m.c.i.embedder.EclipseLogger - Copying 0 resource
2022-02-04 05:22:39,651 [Worker-26: Building] WARN  o.e.m.c.i.embedder.EclipseLogger - Using platform encoding (Cp1252 actually) to copy filtered resources, i.e. build is platform dependent!
2022-02-04 05:22:39,653 [Worker-26: Building] INFO  o.e.m.c.i.embedder.EclipseLogger - Copying 0 resource
2022-02-04 05:22:39,655 [Worker-26: Building] WARN  o.e.m.c.i.embedder.EclipseLogger - Using platform encoding (Cp1252 actually) to copy filtered resources, i.e. build is platform dependent!
2022-02-04 05:22:39,688 [Worker-26: Building] INFO  o.e.m.c.i.embedder.EclipseLogger - Copying 0 resource
2022-02-04 05:23:01,817 [Worker-27: Building] WARN  o.e.m.c.i.embedder.EclipseLogger - Using platform encoding (Cp1252 actually) to copy filtered resources, i.e. build is platform dependent!
2022-02-04 05:23:01,818 [Worker-27: Building] INFO  o.e.m.c.i.embedder.EclipseLogger - Copying 0 resource
2022-02-04 05:23:01,820 [Worker-27: Building] WARN  o.e.m.c.i.embedder.EclipseLogger - Using platform encoding (Cp1252 actually) to copy filtered resources, i.e. build is platform dependent!
2022-02-04 05:23:01,821 [Worker-27: Building] INFO  o.e.m.c.i.embedder.EclipseLogger - Copying 0 resource
2022-02-04 05:23:28,993 [Worker-27: Building] WARN  o.e.m.c.i.embedder.EclipseLogger - Using platform encoding (Cp1252 actually) to copy filtered resources, i.e. build is platform dependent!
2022-02-04 05:23:28,994 [Worker-27: Building] INFO  o.e.m.c.i.embedder.EclipseLogger - Copying 0 resource
2022-02-04 05:23:28,995 [Worker-27: Building] WARN  o.e.m.c.i.embedder.EclipseLogger - Using platform encoding (Cp1252 actually) to copy filtered resources, i.e. build is platform dependent!
2022-02-04 05:23:28,997 [Worker-27: Building] INFO  o.e.m.c.i.embedder.EclipseLogger - Copying 0 resource
2022-02-04 22:48:11,955 [Worker-37: Building] WARN  o.e.m.c.i.embedder.EclipseLogger - Using platform encoding (Cp1252 actually) to copy filtered resources, i.e. build is platform dependent!
2022-02-04 22:48:11,957 [Worker-37: Building] INFO  o.e.m.c.i.embedder.EclipseLogger - Copying 0 resource
2022-02-04 22:48:11,959 [Worker-37: Building] WARN  o.e.m.c.i.embedder.EclipseLogger - Using platform encoding (Cp1252 actually) to copy filtered resources, i.e. build is platform dependent!
2022-02-04 22:48:11,960 [Worker-37: Building] INFO  o.e.m.c.i.embedder.EclipseLogger - Copying 0 resource
2022-02-04 22:49:37,565 [Worker-42: Building] WARN  o.e.m.c.i.embedder.EclipseLogger - Using platform encoding (Cp1252 actually) to copy filtered resources, i.e. build is platform dependent!
2022-02-04 22:49:37,566 [Worker-42: Building] INFO  o.e.m.c.i.embedder.EclipseLogger - Copying 0 resource
2022-02-04 22:49:37,567 [Worker-42: Building] WARN  o.e.m.c.i.embedder.EclipseLogger - Using platform encoding (Cp1252 actually) to copy filtered resources, i.e. build is platform dependent!
2022-02-04 22:49:37,568 [Worker-42: Building] INFO  o.e.m.c.i.embedder.EclipseLogger - Copying 0 resource
2022-02-04 22:49:44,291 [Worker-36: Building] WARN  o.e.m.c.i.embedder.EclipseLogger - Using platform encoding (Cp1252 actually) to copy filtered resources, i.e. build is platform dependent!
2022-02-04 22:49:44,292 [Worker-36: Building] INFO  o.e.m.c.i.embedder.EclipseLogger - Copying 0 resource
2022-02-04 22:49:44,294 [Worker-36: Building] WARN  o.e.m.c.i.embedder.EclipseLogger - Using platform encoding (Cp1252 actually) to copy filtered resources, i.e. build is platform dependent!
2022-02-04 22:49:44,295 [Worker-36: Building] INFO  o.e.m.c.i.embedder.EclipseLogger - Copying 0 resource
2022-02-04 22:50:10,950 [Worker-38: Building] WARN  o.e.m.c.i.embedder.EclipseLogger - Using platform encoding (Cp1252 actually) to copy filtered resources, i.e. build is platform dependent!
2022-02-04 22:50:10,951 [Worker-38: Building] INFO  o.e.m.c.i.embedder.EclipseLogger - Copying 0 resource
2022-02-04 22:50:10,952 [Worker-38: Building] WARN  o.e.m.c.i.embedder.EclipseLogger - Using platform encoding (Cp1252 actually) to copy filtered resources, i.e. build is platform dependent!
2022-02-04 22:50:10,953 [Worker-38: Building] INFO  o.e.m.c.i.embedder.EclipseLogger - Copying 0 resource
2022-02-04 22:50:33,870 [Worker-37: Building] WARN  o.e.m.c.i.embedder.EclipseLogger - Using platform encoding (Cp1252 actually) to copy filtered resources, i.e. build is platform dependent!
2022-02-04 22:50:33,871 [Worker-37: Building] INFO  o.e.m.c.i.embedder.EclipseLogger - Copying 0 resource
2022-02-04 22:50:33,872 [Worker-37: Building] WARN  o.e.m.c.i.embedder.EclipseLogger - Using platform encoding (Cp1252 actually) to copy filtered resources, i.e. build is platform dependent!
2022-02-04 22:50:33,873 [Worker-37: Building] INFO  o.e.m.c.i.embedder.EclipseLogger - Copying 0 resource
2022-02-04 22:50:41,406 [Worker-39: Building] WARN  o.e.m.c.i.embedder.EclipseLogger - Using platform encoding (Cp1252 actually) to copy filtered resources, i.e. build is platform dependent!
2022-02-04 22:50:41,407 [Worker-39: Building] INFO  o.e.m.c.i.embedder.EclipseLogger - Copying 0 resource
2022-02-04 22:50:41,408 [Worker-39: Building] WARN  o.e.m.c.i.embedder.EclipseLogger - Using platform encoding (Cp1252 actually) to copy filtered resources, i.e. build is platform dependent!
2022-02-04 22:50:41,409 [Worker-39: Building] INFO  o.e.m.c.i.embedder.EclipseLogger - Copying 0 resource
2022-02-04 22:51:01,073 [Worker-43: Building] WARN  o.e.m.c.i.embedder.EclipseLogger - Using platform encoding (Cp1252 actually) to copy filtered resources, i.e. build is platform dependent!
2022-02-04 22:51:01,074 [Worker-43: Building] INFO  o.e.m.c.i.embedder.EclipseLogger - Copying 0 resource
2022-02-04 22:51:01,075 [Worker-43: Building] WARN  o.e.m.c.i.embedder.EclipseLogger - Using platform encoding (Cp1252 actually) to copy filtered resources, i.e. build is platform dependent!
2022-02-04 22:51:01,077 [Worker-43: Building] INFO  o.e.m.c.i.embedder.EclipseLogger - Copying 0 resource
2022-02-04 22:51:04,151 [Worker-37: Building] WARN  o.e.m.c.i.embedder.EclipseLogger - Using platform encoding (Cp1252 actually) to copy filtered resources, i.e. build is platform dependent!
2022-02-04 22:51:04,152 [Worker-37: Building] INFO  o.e.m.c.i.embedder.EclipseLogger - Copying 0 resource
2022-02-04 22:51:04,155 [Worker-37: Building] WARN  o.e.m.c.i.embedder.EclipseLogger - Using platform encoding (Cp1252 actually) to copy filtered resources, i.e. build is platform dependent!
2022-02-04 22:51:04,156 [Worker-37: Building] INFO  o.e.m.c.i.embedder.EclipseLogger - Copying 0 resource
2022-02-04 22:51:35,969 [Worker-36: Building] WARN  o.e.m.c.i.embedder.EclipseLogger - Using platform encoding (Cp1252 actually) to copy filtered resources, i.e. build is platform dependent!
2022-02-04 22:51:35,969 [Worker-36: Building] INFO  o.e.m.c.i.embedder.EclipseLogger - Copying 0 resource
2022-02-04 22:51:35,971 [Worker-36: Building] WARN  o.e.m.c.i.embedder.EclipseLogger - Using platform encoding (Cp1252 actually) to copy filtered resources, i.e. build is platform dependent!
2022-02-04 22:51:35,972 [Worker-36: Building] INFO  o.e.m.c.i.embedder.EclipseLogger - Copying 0 resource
2022-02-04 22:52:07,155 [Worker-36: Building] WARN  o.e.m.c.i.embedder.EclipseLogger - Using platform encoding (Cp1252 actually) to copy filtered resources, i.e. build is platform dependent!
2022-02-04 22:52:07,156 [Worker-36: Building] INFO  o.e.m.c.i.embedder.EclipseLogger - Copying 0 resource
2022-02-04 22:52:07,157 [Worker-36: Building] WARN  o.e.m.c.i.embedder.EclipseLogger - Using platform encoding (Cp1252 actually) to copy filtered resources, i.e. build is platform dependent!
2022-02-04 22:52:07,158 [Worker-36: Building] INFO  o.e.m.c.i.embedder.EclipseLogger - Copying 0 resource
2022-02-04 22:53:47,418 [Worker-42: Building] WARN  o.e.m.c.i.embedder.EclipseLogger - Using platform encoding (Cp1252 actually) to copy filtered resources, i.e. build is platform dependent!
2022-02-04 22:53:47,419 [Worker-42: Building] INFO  o.e.m.c.i.embedder.EclipseLogger - Copying 0 resource
2022-02-04 22:53:47,420 [Worker-42: Building] WARN  o.e.m.c.i.embedder.EclipseLogger - Using platform encoding (Cp1252 actually) to copy filtered resources, i.e. build is platform dependent!
2022-02-04 22:53:47,421 [Worker-42: Building] INFO  o.e.m.c.i.embedder.EclipseLogger - Copying 0 resource
2022-02-04 22:57:22,062 [Worker-40: Building] WARN  o.e.m.c.i.embedder.EclipseLogger - Using platform encoding (Cp1252 actually) to copy filtered resources, i.e. build is platform dependent!
2022-02-04 22:57:22,063 [Worker-40: Building] INFO  o.e.m.c.i.embedder.EclipseLogger - Copying 0 resource
2022-02-04 22:57:22,064 [Worker-40: Building] WARN  o.e.m.c.i.embedder.EclipseLogger - Using platform encoding (Cp1252 actually) to copy filtered resources, i.e. build is platform dependent!
2022-02-04 22:57:22,065 [Worker-40: Building] INFO  o.e.m.c.i.embedder.EclipseLogger - Copying 0 resource
2022-02-04 23:00:36,817 [Worker-41: Building] WARN  o.e.m.c.i.embedder.EclipseLogger - Using platform encoding (Cp1252 actually) to copy filtered resources, i.e. build is platform dependent!
2022-02-04 23:00:36,818 [Worker-41: Building] INFO  o.e.m.c.i.embedder.EclipseLogger - Copying 0 resource
2022-02-04 23:00:36,820 [Worker-41: Building] WARN  o.e.m.c.i.embedder.EclipseLogger - Using platform encoding (Cp1252 actually) to copy filtered resources, i.e. build is platform dependent!
2022-02-04 23:00:36,821 [Worker-41: Building] INFO  o.e.m.c.i.embedder.EclipseLogger - Copying 0 resource
2022-02-04 23:02:34,765 [Worker-41: Building] WARN  o.e.m.c.i.embedder.EclipseLogger - Using platform encoding (Cp1252 actually) to copy filtered resources, i.e. build is platform dependent!
2022-02-04 23:02:34,766 [Worker-41: Building] INFO  o.e.m.c.i.embedder.EclipseLogger - Copying 0 resource
2022-02-04 23:02:34,768 [Worker-41: Building] WARN  o.e.m.c.i.embedder.EclipseLogger - Using platform encoding (Cp1252 actually) to copy filtered resources, i.e. build is platform dependent!
2022-02-04 23:02:34,769 [Worker-41: Building] INFO  o.e.m.c.i.embedder.EclipseLogger - Copying 0 resource
2022-02-04 23:02:48,002 [Worker-40: Building] WARN  o.e.m.c.i.embedder.EclipseLogger - Using platform encoding (Cp1252 actually) to copy filtered resources, i.e. build is platform dependent!
2022-02-04 23:02:48,003 [Worker-40: Building] INFO  o.e.m.c.i.embedder.EclipseLogger - Copying 0 resource
2022-02-04 23:02:48,005 [Worker-40: Building] WARN  o.e.m.c.i.embedder.EclipseLogger - Using platform encoding (Cp1252 actually) to copy filtered resources, i.e. build is platform dependent!
2022-02-04 23:02:48,006 [Worker-40: Building] INFO  o.e.m.c.i.embedder.EclipseLogger - Copying 0 resource
2022-02-04 23:04:19,546 [Worker-48: Building] WARN  o.e.m.c.i.embedder.EclipseLogger - Using platform encoding (Cp1252 actually) to copy filtered resources, i.e. build is platform dependent!
2022-02-04 23:04:19,547 [Worker-48: Building] INFO  o.e.m.c.i.embedder.EclipseLogger - Copying 0 resource
2022-02-04 23:04:19,549 [Worker-48: Building] WARN  o.e.m.c.i.embedder.EclipseLogger - Using platform encoding (Cp1252 actually) to copy filtered resources, i.e. build is platform dependent!
2022-02-04 23:04:19,550 [Worker-48: Building] INFO  o.e.m.c.i.embedder.EclipseLogger - Copying 0 resource
2022-02-04 23:05:08,877 [Worker-41: Building] WARN  o.e.m.c.i.embedder.EclipseLogger - Using platform encoding (Cp1252 actually) to copy filtered resources, i.e. build is platform dependent!
2022-02-04 23:05:08,879 [Worker-41: Building] INFO  o.e.m.c.i.embedder.EclipseLogger - Copying 0 resource
2022-02-04 23:05:08,881 [Worker-41: Building] WARN  o.e.m.c.i.embedder.EclipseLogger - Using platform encoding (Cp1252 actually) to copy filtered resources, i.e. build is platform dependent!
2022-02-04 23:05:08,882 [Worker-41: Building] INFO  o.e.m.c.i.embedder.EclipseLogger - Copying 0 resource
2022-02-04 23:06:23,959 [Worker-51: Building] WARN  o.e.m.c.i.embedder.EclipseLogger - Using platform encoding (Cp1252 actually) to copy filtered resources, i.e. build is platform dependent!
2022-02-04 23:06:23,960 [Worker-51: Building] INFO  o.e.m.c.i.embedder.EclipseLogger - Copying 0 resource
2022-02-04 23:06:23,962 [Worker-51: Building] WARN  o.e.m.c.i.embedder.EclipseLogger - Using platform encoding (Cp1252 actually) to copy filtered resources, i.e. build is platform dependent!
2022-02-04 23:06:23,963 [Worker-51: Building] INFO  o.e.m.c.i.embedder.EclipseLogger - Copying 0 resource
2022-02-04 23:06:39,596 [Worker-49: Building] WARN  o.e.m.c.i.embedder.EclipseLogger - Using platform encoding (Cp1252 actually) to copy filtered resources, i.e. build is platform dependent!
2022-02-04 23:06:39,597 [Worker-49: Building] INFO  o.e.m.c.i.embedder.EclipseLogger - Copying 0 resource
2022-02-04 23:06:39,598 [Worker-49: Building] WARN  o.e.m.c.i.embedder.EclipseLogger - Using platform encoding (Cp1252 actually) to copy filtered resources, i.e. build is platform dependent!
2022-02-04 23:06:39,599 [Worker-49: Building] INFO  o.e.m.c.i.embedder.EclipseLogger - Copying 0 resource
2022-02-04 23:07:15,236 [Worker-50: Building] WARN  o.e.m.c.i.embedder.EclipseLogger - Using platform encoding (Cp1252 actually) to copy filtered resources, i.e. build is platform dependent!
2022-02-04 23:07:15,237 [Worker-50: Building] INFO  o.e.m.c.i.embedder.EclipseLogger - Copying 0 resource
2022-02-04 23:07:15,238 [Worker-50: Building] WARN  o.e.m.c.i.embedder.EclipseLogger - Using platform encoding (Cp1252 actually) to copy filtered resources, i.e. build is platform dependent!
2022-02-04 23:07:15,239 [Worker-50: Building] INFO  o.e.m.c.i.embedder.EclipseLogger - Copying 0 resource
2022-02-04 23:07:25,385 [Worker-46: Building] WARN  o.e.m.c.i.embedder.EclipseLogger - Using platform encoding (Cp1252 actually) to copy filtered resources, i.e. build is platform dependent!
2022-02-04 23:07:25,386 [Worker-46: Building] INFO  o.e.m.c.i.embedder.EclipseLogger - Copying 0 resource
2022-02-04 23:07:25,387 [Worker-46: Building] WARN  o.e.m.c.i.embedder.EclipseLogger - Using platform encoding (Cp1252 actually) to copy filtered resources, i.e. build is platform dependent!
2022-02-04 23:07:25,388 [Worker-46: Building] INFO  o.e.m.c.i.embedder.EclipseLogger - Copying 0 resource
2022-02-04 23:08:57,258 [Worker-40: Building] WARN  o.e.m.c.i.embedder.EclipseLogger - Using platform encoding (Cp1252 actually) to copy filtered resources, i.e. build is platform dependent!
2022-02-04 23:08:57,259 [Worker-40: Building] INFO  o.e.m.c.i.embedder.EclipseLogger - Copying 0 resource
2022-02-04 23:08:57,260 [Worker-40: Building] WARN  o.e.m.c.i.embedder.EclipseLogger - Using platform encoding (Cp1252 actually) to copy filtered resources, i.e. build is platform dependent!
2022-02-04 23:08:57,278 [Worker-40: Building] INFO  o.e.m.c.i.embedder.EclipseLogger - Copying 0 resource
2022-02-04 23:09:07,665 [Worker-40: Building] WARN  o.e.m.c.i.embedder.EclipseLogger - Using platform encoding (Cp1252 actually) to copy filtered resources, i.e. build is platform dependent!
2022-02-04 23:09:07,666 [Worker-40: Building] INFO  o.e.m.c.i.embedder.EclipseLogger - Copying 0 resource
2022-02-04 23:09:07,667 [Worker-40: Building] WARN  o.e.m.c.i.embedder.EclipseLogger - Using platform encoding (Cp1252 actually) to copy filtered resources, i.e. build is platform dependent!
2022-02-04 23:09:07,668 [Worker-40: Building] INFO  o.e.m.c.i.embedder.EclipseLogger - Copying 0 resource
2022-02-04 23:09:17,637 [Worker-40: Building] WARN  o.e.m.c.i.embedder.EclipseLogger - Using platform encoding (Cp1252 actually) to copy filtered resources, i.e. build is platform dependent!
2022-02-04 23:09:17,638 [Worker-40: Building] INFO  o.e.m.c.i.embedder.EclipseLogger - Copying 0 resource
2022-02-04 23:09:17,639 [Worker-40: Building] WARN  o.e.m.c.i.embedder.EclipseLogger - Using platform encoding (Cp1252 actually) to copy filtered resources, i.e. build is platform dependent!
2022-02-04 23:09:17,640 [Worker-40: Building] INFO  o.e.m.c.i.embedder.EclipseLogger - Copying 0 resource
2022-02-04 23:09:26,185 [Worker-51: Building] WARN  o.e.m.c.i.embedder.EclipseLogger - Using platform encoding (Cp1252 actually) to copy filtered resources, i.e. build is platform dependent!
2022-02-04 23:09:26,186 [Worker-51: Building] INFO  o.e.m.c.i.embedder.EclipseLogger - Copying 0 resource
2022-02-04 23:09:26,187 [Worker-51: Building] WARN  o.e.m.c.i.embedder.EclipseLogger - Using platform encoding (Cp1252 actually) to copy filtered resources, i.e. build is platform dependent!
2022-02-04 23:09:26,188 [Worker-51: Building] INFO  o.e.m.c.i.embedder.EclipseLogger - Copying 0 resource
2022-02-04 23:09:41,417 [Worker-46: Building] WARN  o.e.m.c.i.embedder.EclipseLogger - Using platform encoding (Cp1252 actually) to copy filtered resources, i.e. build is platform dependent!
2022-02-04 23:09:41,417 [Worker-46: Building] INFO  o.e.m.c.i.embedder.EclipseLogger - Copying 0 resource
2022-02-04 23:09:41,419 [Worker-46: Building] WARN  o.e.m.c.i.embedder.EclipseLogger - Using platform encoding (Cp1252 actually) to copy filtered resources, i.e. build is platform dependent!
2022-02-04 23:09:41,420 [Worker-46: Building] INFO  o.e.m.c.i.embedder.EclipseLogger - Copying 0 resource
2022-02-04 23:10:58,410 [Worker-50: Building] WARN  o.e.m.c.i.embedder.EclipseLogger - Using platform encoding (Cp1252 actually) to copy filtered resources, i.e. build is platform dependent!
2022-02-04 23:10:58,411 [Worker-50: Building] INFO  o.e.m.c.i.embedder.EclipseLogger - Copying 0 resource
2022-02-04 23:10:58,413 [Worker-50: Building] WARN  o.e.m.c.i.embedder.EclipseLogger - Using platform encoding (Cp1252 actually) to copy filtered resources, i.e. build is platform dependent!
2022-02-04 23:10:58,414 [Worker-50: Building] INFO  o.e.m.c.i.embedder.EclipseLogger - Copying 0 resource
2022-02-04 23:11:41,186 [Worker-46: Building] WARN  o.e.m.c.i.embedder.EclipseLogger - Using platform encoding (Cp1252 actually) to copy filtered resources, i.e. build is platform dependent!
2022-02-04 23:11:41,187 [Worker-46: Building] INFO  o.e.m.c.i.embedder.EclipseLogger - Copying 0 resource
2022-02-04 23:11:41,189 [Worker-46: Building] WARN  o.e.m.c.i.embedder.EclipseLogger - Using platform encoding (Cp1252 actually) to copy filtered resources, i.e. build is platform dependent!
2022-02-04 23:11:41,191 [Worker-46: Building] INFO  o.e.m.c.i.embedder.EclipseLogger - Copying 0 resource
2022-02-04 23:11:59,014 [Worker-41: Building] WARN  o.e.m.c.i.embedder.EclipseLogger - Using platform encoding (Cp1252 actually) to copy filtered resources, i.e. build is platform dependent!
2022-02-04 23:11:59,015 [Worker-41: Building] INFO  o.e.m.c.i.embedder.EclipseLogger - Copying 0 resource
2022-02-04 23:11:59,016 [Worker-41: Building] WARN  o.e.m.c.i.embedder.EclipseLogger - Using platform encoding (Cp1252 actually) to copy filtered resources, i.e. build is platform dependent!
2022-02-04 23:11:59,017 [Worker-41: Building] INFO  o.e.m.c.i.embedder.EclipseLogger - Copying 0 resource
2022-02-04 23:12:37,820 [Worker-46: Building] WARN  o.e.m.c.i.embedder.EclipseLogger - Using platform encoding (Cp1252 actually) to copy filtered resources, i.e. build is platform dependent!
2022-02-04 23:12:37,821 [Worker-46: Building] INFO  o.e.m.c.i.embedder.EclipseLogger - Copying 0 resource
2022-02-04 23:12:37,822 [Worker-46: Building] WARN  o.e.m.c.i.embedder.EclipseLogger - Using platform encoding (Cp1252 actually) to copy filtered resources, i.e. build is platform dependent!
2022-02-04 23:12:37,823 [Worker-46: Building] INFO  o.e.m.c.i.embedder.EclipseLogger - Copying 0 resource
2022-02-04 23:12:42,332 [Worker-49: Building] WARN  o.e.m.c.i.embedder.EclipseLogger - Using platform encoding (Cp1252 actually) to copy filtered resources, i.e. build is platform dependent!
2022-02-04 23:12:42,333 [Worker-49: Building] INFO  o.e.m.c.i.embedder.EclipseLogger - Copying 0 resource
2022-02-04 23:12:42,334 [Worker-49: Building] WARN  o.e.m.c.i.embedder.EclipseLogger - Using platform encoding (Cp1252 actually) to copy filtered resources, i.e. build is platform dependent!
2022-02-04 23:12:42,335 [Worker-49: Building] INFO  o.e.m.c.i.embedder.EclipseLogger - Copying 0 resource
2022-02-04 23:14:13,682 [Worker-52: Building] WARN  o.e.m.c.i.embedder.EclipseLogger - Using platform encoding (Cp1252 actually) to copy filtered resources, i.e. build is platform dependent!
2022-02-04 23:14:13,683 [Worker-52: Building] INFO  o.e.m.c.i.embedder.EclipseLogger - Copying 0 resource
2022-02-04 23:14:13,684 [Worker-52: Building] WARN  o.e.m.c.i.embedder.EclipseLogger - Using platform encoding (Cp1252 actually) to copy filtered resources, i.e. build is platform dependent!
2022-02-04 23:14:13,685 [Worker-52: Building] INFO  o.e.m.c.i.embedder.EclipseLogger - Copying 0 resource
2022-02-04 23:17:27,989 [Worker-55: Building] INFO  o.e.m.c.i.l.LifecycleMappingFactory - Using org.eclipse.m2e.jdt.JarLifecycleMapping lifecycle mapping for MavenProject: ApiTesting:JavaAPITesting:0.0.1-SNAPSHOT @ D:\Documents\QA Engineer\Learn and Teach\JAVA BDD Cucumber Web, Mobile and API Testing\JavaAPITesting\JavaAPITesting\pom.xml.
2022-02-04 23:17:28,167 [Worker-55: Building] WARN  o.e.m.c.i.embedder.EclipseLogger - The artifact info.cukes:cucumber-java:pom:1.2.6 has been relocated to io.cucumber:cucumber-java:pom:1.2.6
2022-02-04 23:17:29,007 [Worker-55: Building] WARN  o.e.m.c.i.embedder.EclipseLogger - Using platform encoding (Cp1252 actually) to copy filtered resources, i.e. build is platform dependent!
2022-02-04 23:17:29,011 [Worker-55: Building] INFO  o.e.m.c.i.embedder.EclipseLogger - Copying 0 resource
2022-02-04 23:17:29,014 [Worker-55: Building] WARN  o.e.m.c.i.embedder.EclipseLogger - Using platform encoding (Cp1252 actually) to copy filtered resources, i.e. build is platform dependent!
2022-02-04 23:17:29,015 [Worker-55: Building] INFO  o.e.m.c.i.embedder.EclipseLogger - Copying 0 resource
2022-02-04 23:18:47,732 [Worker-57: reload maven project] WARN  o.e.m.c.i.embedder.EclipseLogger - The artifact info.cukes:cucumber-java:pom:1.2.6 has been relocated to io.cucumber:cucumber-java:pom:1.2.6
2022-02-04 23:18:48,164 [Worker-55: Building] INFO  o.e.m.c.i.l.LifecycleMappingFactory - Using org.eclipse.m2e.jdt.JarLifecycleMapping lifecycle mapping for MavenProject: ApiTesting:JavaAPITesting:0.0.1-SNAPSHOT @ D:\Documents\QA Engineer\Learn and Teach\JAVA BDD Cucumber Web, Mobile and API Testing\JavaAPITesting\JavaAPITesting\pom.xml.
2022-02-04 23:18:48,306 [Worker-55: Building] WARN  o.e.m.c.i.embedder.EclipseLogger - The artifact info.cukes:cucumber-java:pom:1.2.6 has been relocated to io.cucumber:cucumber-java:pom:1.2.6
2022-02-04 23:18:48,659 [Worker-55: Building] WARN  o.e.m.c.i.embedder.EclipseLogger - Using platform encoding (Cp1252 actually) to copy filtered resources, i.e. build is platform dependent!
2022-02-04 23:18:48,662 [Worker-55: Building] INFO  o.e.m.c.i.embedder.EclipseLogger - Copying 0 resource
2022-02-04 23:18:48,664 [Worker-55: Building] WARN  o.e.m.c.i.embedder.EclipseLogger - Using platform encoding (Cp1252 actually) to copy filtered resources, i.e. build is platform dependent!
2022-02-04 23:18:48,665 [Worker-55: Building] INFO  o.e.m.c.i.embedder.EclipseLogger - Copying 0 resource
2022-02-04 23:18:49,653 [Worker-53: Download sources and javadoc] WARN  o.e.m.c.i.embedder.EclipseLogger - The artifact info.cukes:cucumber-java:pom:1.2.6 has been relocated to io.cucumber:cucumber-java:pom:1.2.6
2022-02-04 23:18:49,841 [Worker-56: Building] WARN  o.e.m.c.i.embedder.EclipseLogger - Using platform encoding (Cp1252 actually) to copy filtered resources, i.e. build is platform dependent!
2022-02-04 23:18:49,842 [Worker-56: Building] INFO  o.e.m.c.i.embedder.EclipseLogger - Copying 0 resource
2022-02-04 23:18:49,844 [Worker-56: Building] WARN  o.e.m.c.i.embedder.EclipseLogger - Using platform encoding (Cp1252 actually) to copy filtered resources, i.e. build is platform dependent!
2022-02-04 23:18:49,845 [Worker-56: Building] INFO  o.e.m.c.i.embedder.EclipseLogger - Copying 0 resource
2022-02-04 23:18:51,394 [Worker-53: Download sources and javadoc] INFO  o.e.m.c.i.e.AbstractTransferListenerAdapter - Downloading https://repo.maven.apache.org/maven2/com/googlecode/json-simple/json-simple/1.1.1/json-simple-1.1.1-sources.jar
2022-02-04 23:18:51,938 [Worker-53: Download sources and javadoc] INFO  o.e.m.c.i.e.AbstractTransferListenerAdapter - Downloaded https://repo.maven.apache.org/maven2/com/googlecode/json-simple/json-simple/1.1.1/json-simple-1.1.1-sources.jar
2022-02-04 23:18:52,269 [Worker-53: Download sources and javadoc] INFO  o.e.m.j.internal.DownloadSourcesJob - Downloaded sources for com.googlecode.json-simple:json-simple:1.1.1
2022-02-04 23:18:53,212 [Worker-53: Download sources and javadoc] INFO  o.e.m.c.i.e.AbstractTransferListenerAdapter - Downloading https://repo.maven.apache.org/maven2/junit/junit/4.10/junit-4.10-sources.jar
2022-02-04 23:18:53,977 [Worker-53: Download sources and javadoc] INFO  o.e.m.c.i.e.AbstractTransferListenerAdapter - Downloaded https://repo.maven.apache.org/maven2/junit/junit/4.10/junit-4.10-sources.jar
2022-02-04 23:18:54,277 [Worker-53: Download sources and javadoc] INFO  o.e.m.j.internal.DownloadSourcesJob - Downloaded sources for junit:junit:4.10
2022-02-04 23:18:55,230 [Worker-53: Download sources and javadoc] INFO  o.e.m.c.i.e.AbstractTransferListenerAdapter - Downloading https://repo.maven.apache.org/maven2/org/hamcrest/hamcrest-core/1.1/hamcrest-core-1.1-sources.jar
2022-02-04 23:18:55,703 [Worker-53: Download sources and javadoc] INFO  o.e.m.c.i.e.AbstractTransferListenerAdapter - Downloaded https://repo.maven.apache.org/maven2/org/hamcrest/hamcrest-core/1.1/hamcrest-core-1.1-sources.jar
2022-02-04 23:18:56,000 [Worker-53: Download sources and javadoc] INFO  o.e.m.j.internal.DownloadSourcesJob - Downloaded sources for org.hamcrest:hamcrest-core:1.1
2022-02-04 23:18:56,204 [Worker-53: Building] WARN  o.e.m.c.i.embedder.EclipseLogger - Using platform encoding (Cp1252 actually) to copy filtered resources, i.e. build is platform dependent!
2022-02-04 23:18:56,205 [Worker-53: Building] INFO  o.e.m.c.i.embedder.EclipseLogger - Copying 0 resource
2022-02-04 23:18:56,207 [Worker-53: Building] WARN  o.e.m.c.i.embedder.EclipseLogger - Using platform encoding (Cp1252 actually) to copy filtered resources, i.e. build is platform dependent!
2022-02-04 23:18:56,207 [Worker-53: Building] INFO  o.e.m.c.i.embedder.EclipseLogger - Copying 0 resource
2022-02-04 23:19:56,127 [Worker-55: Building] WARN  o.e.m.c.i.embedder.EclipseLogger - Using platform encoding (Cp1252 actually) to copy filtered resources, i.e. build is platform dependent!
2022-02-04 23:19:56,128 [Worker-55: Building] INFO  o.e.m.c.i.embedder.EclipseLogger - Copying 0 resource
2022-02-04 23:19:56,129 [Worker-55: Building] WARN  o.e.m.c.i.embedder.EclipseLogger - Using platform encoding (Cp1252 actually) to copy filtered resources, i.e. build is platform dependent!
2022-02-04 23:19:56,130 [Worker-55: Building] INFO  o.e.m.c.i.embedder.EclipseLogger - Copying 0 resource
2022-02-04 23:20:19,229 [Worker-56: Building] WARN  o.e.m.c.i.embedder.EclipseLogger - Using platform encoding (Cp1252 actually) to copy filtered resources, i.e. build is platform dependent!
2022-02-04 23:20:19,229 [Worker-56: Building] INFO  o.e.m.c.i.embedder.EclipseLogger - Copying 0 resource
2022-02-04 23:20:19,230 [Worker-56: Building] WARN  o.e.m.c.i.embedder.EclipseLogger - Using platform encoding (Cp1252 actually) to copy filtered resources, i.e. build is platform dependent!
2022-02-04 23:20:19,231 [Worker-56: Building] INFO  o.e.m.c.i.embedder.EclipseLogger - Copying 0 resource
2022-02-04 23:21:19,465 [Worker-57: Building] WARN  o.e.m.c.i.embedder.EclipseLogger - Using platform encoding (Cp1252 actually) to copy filtered resources, i.e. build is platform dependent!
2022-02-04 23:21:19,466 [Worker-57: Building] INFO  o.e.m.c.i.embedder.EclipseLogger - Copying 0 resource
2022-02-04 23:21:19,467 [Worker-57: Building] WARN  o.e.m.c.i.embedder.EclipseLogger - Using platform encoding (Cp1252 actually) to copy filtered resources, i.e. build is platform dependent!
2022-02-04 23:21:19,468 [Worker-57: Building] INFO  o.e.m.c.i.embedder.EclipseLogger - Copying 0 resource
2022-02-04 23:22:21,039 [Worker-56: Building] WARN  o.e.m.c.i.embedder.EclipseLogger - Using platform encoding (Cp1252 actually) to copy filtered resources, i.e. build is platform dependent!
2022-02-04 23:22:21,040 [Worker-56: Building] INFO  o.e.m.c.i.embedder.EclipseLogger - Copying 0 resource
2022-02-04 23:22:21,041 [Worker-56: Building] WARN  o.e.m.c.i.embedder.EclipseLogger - Using platform encoding (Cp1252 actually) to copy filtered resources, i.e. build is platform dependent!
2022-02-04 23:22:21,042 [Worker-56: Building] INFO  o.e.m.c.i.embedder.EclipseLogger - Copying 0 resource
2022-02-04 23:22:59,132 [Worker-53: Building] WARN  o.e.m.c.i.embedder.EclipseLogger - Using platform encoding (Cp1252 actually) to copy filtered resources, i.e. build is platform dependent!
2022-02-04 23:22:59,133 [Worker-53: Building] INFO  o.e.m.c.i.embedder.EclipseLogger - Copying 0 resource
2022-02-04 23:22:59,136 [Worker-53: Building] WARN  o.e.m.c.i.embedder.EclipseLogger - Using platform encoding (Cp1252 actually) to copy filtered resources, i.e. build is platform dependent!
2022-02-04 23:22:59,137 [Worker-53: Building] INFO  o.e.m.c.i.embedder.EclipseLogger - Copying 0 resource
2022-02-04 23:23:04,053 [Worker-59: Building] WARN  o.e.m.c.i.embedder.EclipseLogger - Using platform encoding (Cp1252 actually) to copy filtered resources, i.e. build is platform dependent!
2022-02-04 23:23:04,054 [Worker-59: Building] INFO  o.e.m.c.i.embedder.EclipseLogger - Copying 0 resource
2022-02-04 23:23:04,055 [Worker-59: Building] WARN  o.e.m.c.i.embedder.EclipseLogger - Using platform encoding (Cp1252 actually) to copy filtered resources, i.e. build is platform dependent!
2022-02-04 23:23:04,056 [Worker-59: Building] INFO  o.e.m.c.i.embedder.EclipseLogger - Copying 0 resource
2022-02-04 23:23:25,614 [Worker-56: Building] WARN  o.e.m.c.i.embedder.EclipseLogger - Using platform encoding (Cp1252 actually) to copy filtered resources, i.e. build is platform dependent!
2022-02-04 23:23:25,615 [Worker-56: Building] INFO  o.e.m.c.i.embedder.EclipseLogger - Copying 0 resource
2022-02-04 23:23:25,618 [Worker-56: Building] WARN  o.e.m.c.i.embedder.EclipseLogger - Using platform encoding (Cp1252 actually) to copy filtered resources, i.e. build is platform dependent!
2022-02-04 23:23:25,619 [Worker-56: Building] INFO  o.e.m.c.i.embedder.EclipseLogger - Copying 0 resource
2022-02-04 23:27:50,981 [Worker-56: Building] WARN  o.e.m.c.i.embedder.EclipseLogger - Using platform encoding (Cp1252 actually) to copy filtered resources, i.e. build is platform dependent!
2022-02-04 23:27:50,982 [Worker-56: Building] INFO  o.e.m.c.i.embedder.EclipseLogger - Copying 0 resource
2022-02-04 23:27:50,983 [Worker-56: Building] WARN  o.e.m.c.i.embedder.EclipseLogger - Using platform encoding (Cp1252 actually) to copy filtered resources, i.e. build is platform dependent!
2022-02-04 23:27:50,984 [Worker-56: Building] INFO  o.e.m.c.i.embedder.EclipseLogger - Copying 0 resource
2022-02-04 23:28:24,499 [Worker-53: Building] WARN  o.e.m.c.i.embedder.EclipseLogger - Using platform encoding (Cp1252 actually) to copy filtered resources, i.e. build is platform dependent!
2022-02-04 23:28:24,500 [Worker-53: Building] INFO  o.e.m.c.i.embedder.EclipseLogger - Copying 0 resource
2022-02-04 23:28:24,501 [Worker-53: Building] WARN  o.e.m.c.i.embedder.EclipseLogger - Using platform encoding (Cp1252 actually) to copy filtered resources, i.e. build is platform dependent!
2022-02-04 23:28:24,502 [Worker-53: Building] INFO  o.e.m.c.i.embedder.EclipseLogger - Copying 0 resource
2022-02-04 23:29:54,921 [Worker-53: Building] WARN  o.e.m.c.i.embedder.EclipseLogger - Using platform encoding (Cp1252 actually) to copy filtered resources, i.e. build is platform dependent!
2022-02-04 23:29:54,922 [Worker-53: Building] INFO  o.e.m.c.i.embedder.EclipseLogger - Copying 0 resource
2022-02-04 23:29:54,924 [Worker-53: Building] WARN  o.e.m.c.i.embedder.EclipseLogger - Using platform encoding (Cp1252 actually) to copy filtered resources, i.e. build is platform dependent!
2022-02-04 23:29:54,925 [Worker-53: Building] INFO  o.e.m.c.i.embedder.EclipseLogger - Copying 0 resource
2022-02-04 23:30:15,504 [Worker-59: Building] WARN  o.e.m.c.i.embedder.EclipseLogger - Using platform encoding (Cp1252 actually) to copy filtered resources, i.e. build is platform dependent!
2022-02-04 23:30:15,505 [Worker-59: Building] INFO  o.e.m.c.i.embedder.EclipseLogger - Copying 0 resource
2022-02-04 23:30:15,506 [Worker-59: Building] WARN  o.e.m.c.i.embedder.EclipseLogger - Using platform encoding (Cp1252 actually) to copy filtered resources, i.e. build is platform dependent!
2022-02-04 23:30:15,507 [Worker-59: Building] INFO  o.e.m.c.i.embedder.EclipseLogger - Copying 0 resource
2022-02-04 23:30:28,923 [Worker-58: Building] WARN  o.e.m.c.i.embedder.EclipseLogger - Using platform encoding (Cp1252 actually) to copy filtered resources, i.e. build is platform dependent!
2022-02-04 23:30:28,924 [Worker-58: Building] INFO  o.e.m.c.i.embedder.EclipseLogger - Copying 0 resource
2022-02-04 23:30:28,925 [Worker-58: Building] WARN  o.e.m.c.i.embedder.EclipseLogger - Using platform encoding (Cp1252 actually) to copy filtered resources, i.e. build is platform dependent!
2022-02-04 23:30:28,926 [Worker-58: Building] INFO  o.e.m.c.i.embedder.EclipseLogger - Copying 0 resource
2022-02-04 23:30:34,643 [Worker-59: Building] WARN  o.e.m.c.i.embedder.EclipseLogger - Using platform encoding (Cp1252 actually) to copy filtered resources, i.e. build is platform dependent!
2022-02-04 23:30:34,644 [Worker-59: Building] INFO  o.e.m.c.i.embedder.EclipseLogger - Copying 0 resource
2022-02-04 23:30:34,646 [Worker-59: Building] WARN  o.e.m.c.i.embedder.EclipseLogger - Using platform encoding (Cp1252 actually) to copy filtered resources, i.e. build is platform dependent!
2022-02-04 23:30:34,647 [Worker-59: Building] INFO  o.e.m.c.i.embedder.EclipseLogger - Copying 0 resource
2022-02-04 23:30:43,725 [Worker-58: Building] WARN  o.e.m.c.i.embedder.EclipseLogger - Using platform encoding (Cp1252 actually) to copy filtered resources, i.e. build is platform dependent!
2022-02-04 23:30:43,726 [Worker-58: Building] INFO  o.e.m.c.i.embedder.EclipseLogger - Copying 0 resource
2022-02-04 23:30:43,758 [Worker-58: Building] WARN  o.e.m.c.i.embedder.EclipseLogger - Using platform encoding (Cp1252 actually) to copy filtered resources, i.e. build is platform dependent!
2022-02-04 23:30:43,759 [Worker-58: Building] INFO  o.e.m.c.i.embedder.EclipseLogger - Copying 0 resource
2022-02-04 23:30:46,317 [Worker-56: Building] WARN  o.e.m.c.i.embedder.EclipseLogger - Using platform encoding (Cp1252 actually) to copy filtered resources, i.e. build is platform dependent!
2022-02-04 23:30:46,318 [Worker-56: Building] INFO  o.e.m.c.i.embedder.EclipseLogger - Copying 0 resource
2022-02-04 23:30:46,320 [Worker-56: Building] WARN  o.e.m.c.i.embedder.EclipseLogger - Using platform encoding (Cp1252 actually) to copy filtered resources, i.e. build is platform dependent!
2022-02-04 23:30:46,322 [Worker-56: Building] INFO  o.e.m.c.i.embedder.EclipseLogger - Copying 0 resource
2022-02-04 23:32:01,711 [Worker-55: Building] WARN  o.e.m.c.i.embedder.EclipseLogger - Using platform encoding (Cp1252 actually) to copy filtered resources, i.e. build is platform dependent!
2022-02-04 23:32:01,711 [Worker-55: Building] INFO  o.e.m.c.i.embedder.EclipseLogger - Copying 0 resource
2022-02-04 23:32:01,712 [Worker-55: Building] WARN  o.e.m.c.i.embedder.EclipseLogger - Using platform encoding (Cp1252 actually) to copy filtered resources, i.e. build is platform dependent!
2022-02-04 23:32:01,713 [Worker-55: Building] INFO  o.e.m.c.i.embedder.EclipseLogger - Copying 0 resource
2022-02-04 23:32:28,393 [Worker-59: Building] WARN  o.e.m.c.i.embedder.EclipseLogger - Using platform encoding (Cp1252 actually) to copy filtered resources, i.e. build is platform dependent!
2022-02-04 23:32:28,394 [Worker-59: Building] INFO  o.e.m.c.i.embedder.EclipseLogger - Copying 0 resource
2022-02-04 23:32:28,395 [Worker-59: Building] WARN  o.e.m.c.i.embedder.EclipseLogger - Using platform encoding (Cp1252 actually) to copy filtered resources, i.e. build is platform dependent!
2022-02-04 23:32:28,396 [Worker-59: Building] INFO  o.e.m.c.i.embedder.EclipseLogger - Copying 0 resource
2022-02-04 23:34:16,903 [Worker-56: Building] WARN  o.e.m.c.i.embedder.EclipseLogger - Using platform encoding (Cp1252 actually) to copy filtered resources, i.e. build is platform dependent!
2022-02-04 23:34:16,904 [Worker-56: Building] INFO  o.e.m.c.i.embedder.EclipseLogger - Copying 0 resource
2022-02-04 23:34:16,905 [Worker-56: Building] WARN  o.e.m.c.i.embedder.EclipseLogger - Using platform encoding (Cp1252 actually) to copy filtered resources, i.e. build is platform dependent!
2022-02-04 23:34:16,906 [Worker-56: Building] INFO  o.e.m.c.i.embedder.EclipseLogger - Copying 0 resource
2022-02-04 23:35:30,542 [Worker-55: Building] WARN  o.e.m.c.i.embedder.EclipseLogger - Using platform encoding (Cp1252 actually) to copy filtered resources, i.e. build is platform dependent!
2022-02-04 23:35:30,543 [Worker-55: Building] INFO  o.e.m.c.i.embedder.EclipseLogger - Copying 0 resource
2022-02-04 23:35:30,544 [Worker-55: Building] WARN  o.e.m.c.i.embedder.EclipseLogger - Using platform encoding (Cp1252 actually) to copy filtered resources, i.e. build is platform dependent!
2022-02-04 23:35:30,546 [Worker-55: Building] INFO  o.e.m.c.i.embedder.EclipseLogger - Copying 0 resource
2022-02-04 23:35:40,084 [Worker-59: Building] WARN  o.e.m.c.i.embedder.EclipseLogger - Using platform encoding (Cp1252 actually) to copy filtered resources, i.e. build is platform dependent!
2022-02-04 23:35:40,085 [Worker-59: Building] INFO  o.e.m.c.i.embedder.EclipseLogger - Copying 0 resource
2022-02-04 23:35:40,086 [Worker-59: Building] WARN  o.e.m.c.i.embedder.EclipseLogger - Using platform encoding (Cp1252 actually) to copy filtered resources, i.e. build is platform dependent!
2022-02-04 23:35:40,088 [Worker-59: Building] INFO  o.e.m.c.i.embedder.EclipseLogger - Copying 0 resource
2022-02-04 23:35:50,595 [Worker-56: Building] WARN  o.e.m.c.i.embedder.EclipseLogger - Using platform encoding (Cp1252 actually) to copy filtered resources, i.e. build is platform dependent!
2022-02-04 23:35:50,597 [Worker-56: Building] INFO  o.e.m.c.i.embedder.EclipseLogger - Copying 0 resource
2022-02-04 23:35:50,598 [Worker-56: Building] WARN  o.e.m.c.i.embedder.EclipseLogger - Using platform encoding (Cp1252 actually) to copy filtered resources, i.e. build is platform dependent!
2022-02-04 23:35:50,599 [Worker-56: Building] INFO  o.e.m.c.i.embedder.EclipseLogger - Copying 0 resource
2022-02-04 23:36:22,285 [Worker-55: Building] WARN  o.e.m.c.i.embedder.EclipseLogger - Using platform encoding (Cp1252 actually) to copy filtered resources, i.e. build is platform dependent!
2022-02-04 23:36:22,286 [Worker-55: Building] INFO  o.e.m.c.i.embedder.EclipseLogger - Copying 0 resource
2022-02-04 23:36:22,287 [Worker-55: Building] WARN  o.e.m.c.i.embedder.EclipseLogger - Using platform encoding (Cp1252 actually) to copy filtered resources, i.e. build is platform dependent!
2022-02-04 23:36:22,288 [Worker-55: Building] INFO  o.e.m.c.i.embedder.EclipseLogger - Copying 0 resource
2022-02-04 23:37:13,027 [Worker-59: Building] WARN  o.e.m.c.i.embedder.EclipseLogger - Using platform encoding (Cp1252 actually) to copy filtered resources, i.e. build is platform dependent!
2022-02-04 23:37:13,028 [Worker-59: Building] INFO  o.e.m.c.i.embedder.EclipseLogger - Copying 0 resource
2022-02-04 23:37:13,030 [Worker-59: Building] WARN  o.e.m.c.i.embedder.EclipseLogger - Using platform encoding (Cp1252 actually) to copy filtered resources, i.e. build is platform dependent!
2022-02-04 23:37:13,032 [Worker-59: Building] INFO  o.e.m.c.i.embedder.EclipseLogger - Copying 0 resource
2022-02-04 23:37:58,407 [Worker-60: Building] WARN  o.e.m.c.i.embedder.EclipseLogger - Using platform encoding (Cp1252 actually) to copy filtered resources, i.e. build is platform dependent!
2022-02-04 23:37:58,408 [Worker-60: Building] INFO  o.e.m.c.i.embedder.EclipseLogger - Copying 0 resource
2022-02-04 23:37:58,410 [Worker-60: Building] WARN  o.e.m.c.i.embedder.EclipseLogger - Using platform encoding (Cp1252 actually) to copy filtered resources, i.e. build is platform dependent!
2022-02-04 23:37:58,411 [Worker-60: Building] INFO  o.e.m.c.i.embedder.EclipseLogger - Copying 0 resource
2022-02-04 23:38:05,844 [Worker-60: Building] WARN  o.e.m.c.i.embedder.EclipseLogger - Using platform encoding (Cp1252 actually) to copy filtered resources, i.e. build is platform dependent!
2022-02-04 23:38:05,845 [Worker-60: Building] INFO  o.e.m.c.i.embedder.EclipseLogger - Copying 0 resource
2022-02-04 23:38:05,846 [Worker-60: Building] WARN  o.e.m.c.i.embedder.EclipseLogger - Using platform encoding (Cp1252 actually) to copy filtered resources, i.e. build is platform dependent!
2022-02-04 23:38:05,847 [Worker-60: Building] INFO  o.e.m.c.i.embedder.EclipseLogger - Copying 0 resource
2022-02-04 23:38:15,901 [Worker-60: Building] WARN  o.e.m.c.i.embedder.EclipseLogger - Using platform encoding (Cp1252 actually) to copy filtered resources, i.e. build is platform dependent!
2022-02-04 23:38:15,902 [Worker-60: Building] INFO  o.e.m.c.i.embedder.EclipseLogger - Copying 0 resource
2022-02-04 23:38:15,903 [Worker-60: Building] WARN  o.e.m.c.i.embedder.EclipseLogger - Using platform encoding (Cp1252 actually) to copy filtered resources, i.e. build is platform dependent!
2022-02-04 23:38:15,904 [Worker-60: Building] INFO  o.e.m.c.i.embedder.EclipseLogger - Copying 0 resource
2022-02-04 23:38:29,494 [Worker-58: Building] WARN  o.e.m.c.i.embedder.EclipseLogger - Using platform encoding (Cp1252 actually) to copy filtered resources, i.e. build is platform dependent!
2022-02-04 23:38:29,495 [Worker-58: Building] INFO  o.e.m.c.i.embedder.EclipseLogger - Copying 0 resource
2022-02-04 23:38:29,496 [Worker-58: Building] WARN  o.e.m.c.i.embedder.EclipseLogger - Using platform encoding (Cp1252 actually) to copy filtered resources, i.e. build is platform dependent!
2022-02-04 23:38:29,497 [Worker-58: Building] INFO  o.e.m.c.i.embedder.EclipseLogger - Copying 0 resource
2022-02-04 23:53:04,978 [Worker-59: Building] WARN  o.e.m.c.i.embedder.EclipseLogger - Using platform encoding (Cp1252 actually) to copy filtered resources, i.e. build is platform dependent!
2022-02-04 23:53:04,979 [Worker-59: Building] INFO  o.e.m.c.i.embedder.EclipseLogger - Copying 0 resource
2022-02-04 23:53:04,980 [Worker-59: Building] WARN  o.e.m.c.i.embedder.EclipseLogger - Using platform encoding (Cp1252 actually) to copy filtered resources, i.e. build is platform dependent!
2022-02-04 23:53:04,981 [Worker-59: Building] INFO  o.e.m.c.i.embedder.EclipseLogger - Copying 0 resource
2022-02-04 23:53:44,114 [Worker-55: Building] WARN  o.e.m.c.i.embedder.EclipseLogger - Using platform encoding (Cp1252 actually) to copy filtered resources, i.e. build is platform dependent!
2022-02-04 23:53:44,115 [Worker-55: Building] INFO  o.e.m.c.i.embedder.EclipseLogger - Copying 0 resource
2022-02-04 23:53:44,116 [Worker-55: Building] WARN  o.e.m.c.i.embedder.EclipseLogger - Using platform encoding (Cp1252 actually) to copy filtered resources, i.e. build is platform dependent!
2022-02-04 23:53:44,117 [Worker-55: Building] INFO  o.e.m.c.i.embedder.EclipseLogger - Copying 0 resource
2022-02-04 23:54:05,208 [Worker-55: Building] WARN  o.e.m.c.i.embedder.EclipseLogger - Using platform encoding (Cp1252 actually) to copy filtered resources, i.e. build is platform dependent!
2022-02-04 23:54:05,209 [Worker-55: Building] INFO  o.e.m.c.i.embedder.EclipseLogger - Copying 0 resource
2022-02-04 23:54:05,210 [Worker-55: Building] WARN  o.e.m.c.i.embedder.EclipseLogger - Using platform encoding (Cp1252 actually) to copy filtered resources, i.e. build is platform dependent!
2022-02-04 23:54:05,212 [Worker-55: Building] INFO  o.e.m.c.i.embedder.EclipseLogger - Copying 0 resource
2022-02-04 23:54:08,634 [Worker-64: Building] WARN  o.e.m.c.i.embedder.EclipseLogger - Using platform encoding (Cp1252 actually) to copy filtered resources, i.e. build is platform dependent!
2022-02-04 23:54:08,635 [Worker-64: Building] INFO  o.e.m.c.i.embedder.EclipseLogger - Copying 0 resource
2022-02-04 23:54:08,636 [Worker-64: Building] WARN  o.e.m.c.i.embedder.EclipseLogger - Using platform encoding (Cp1252 actually) to copy filtered resources, i.e. build is platform dependent!
2022-02-04 23:54:08,637 [Worker-64: Building] INFO  o.e.m.c.i.embedder.EclipseLogger - Copying 0 resource
2022-02-04 23:54:35,030 [Worker-62: Building] WARN  o.e.m.c.i.embedder.EclipseLogger - Using platform encoding (Cp1252 actually) to copy filtered resources, i.e. build is platform dependent!
2022-02-04 23:54:35,031 [Worker-62: Building] INFO  o.e.m.c.i.embedder.EclipseLogger - Copying 0 resource
2022-02-04 23:54:35,032 [Worker-62: Building] WARN  o.e.m.c.i.embedder.EclipseLogger - Using platform encoding (Cp1252 actually) to copy filtered resources, i.e. build is platform dependent!
2022-02-04 23:54:35,033 [Worker-62: Building] INFO  o.e.m.c.i.embedder.EclipseLogger - Copying 0 resource
2022-02-04 23:55:13,628 [Worker-62: Building] WARN  o.e.m.c.i.embedder.EclipseLogger - Using platform encoding (Cp1252 actually) to copy filtered resources, i.e. build is platform dependent!
2022-02-04 23:55:13,629 [Worker-62: Building] INFO  o.e.m.c.i.embedder.EclipseLogger - Copying 0 resource
2022-02-04 23:55:13,630 [Worker-62: Building] WARN  o.e.m.c.i.embedder.EclipseLogger - Using platform encoding (Cp1252 actually) to copy filtered resources, i.e. build is platform dependent!
2022-02-04 23:55:13,631 [Worker-62: Building] INFO  o.e.m.c.i.embedder.EclipseLogger - Copying 0 resource
2022-02-04 23:55:28,870 [Worker-55: Building] WARN  o.e.m.c.i.embedder.EclipseLogger - Using platform encoding (Cp1252 actually) to copy filtered resources, i.e. build is platform dependent!
2022-02-04 23:55:28,871 [Worker-55: Building] INFO  o.e.m.c.i.embedder.EclipseLogger - Copying 0 resource
2022-02-04 23:55:28,872 [Worker-55: Building] WARN  o.e.m.c.i.embedder.EclipseLogger - Using platform encoding (Cp1252 actually) to copy filtered resources, i.e. build is platform dependent!
2022-02-04 23:55:28,873 [Worker-55: Building] INFO  o.e.m.c.i.embedder.EclipseLogger - Copying 0 resource
2022-02-04 23:56:40,245 [Worker-55: Building] WARN  o.e.m.c.i.embedder.EclipseLogger - Using platform encoding (Cp1252 actually) to copy filtered resources, i.e. build is platform dependent!
2022-02-04 23:56:40,246 [Worker-55: Building] INFO  o.e.m.c.i.embedder.EclipseLogger - Copying 0 resource
2022-02-04 23:56:40,247 [Worker-55: Building] WARN  o.e.m.c.i.embedder.EclipseLogger - Using platform encoding (Cp1252 actually) to copy filtered resources, i.e. build is platform dependent!
2022-02-04 23:56:40,250 [Worker-55: Building] INFO  o.e.m.c.i.embedder.EclipseLogger - Copying 0 resource
2022-02-04 23:57:18,541 [Worker-59: Building] WARN  o.e.m.c.i.embedder.EclipseLogger - Using platform encoding (Cp1252 actually) to copy filtered resources, i.e. build is platform dependent!
2022-02-04 23:57:18,542 [Worker-59: Building] INFO  o.e.m.c.i.embedder.EclipseLogger - Copying 0 resource
2022-02-04 23:57:18,544 [Worker-59: Building] WARN  o.e.m.c.i.embedder.EclipseLogger - Using platform encoding (Cp1252 actually) to copy filtered resources, i.e. build is platform dependent!
2022-02-04 23:57:18,545 [Worker-59: Building] INFO  o.e.m.c.i.embedder.EclipseLogger - Copying 0 resource
2022-02-04 23:57:51,574 [Worker-59: Building] WARN  o.e.m.c.i.embedder.EclipseLogger - Using platform encoding (Cp1252 actually) to copy filtered resources, i.e. build is platform dependent!
2022-02-04 23:57:51,575 [Worker-59: Building] INFO  o.e.m.c.i.embedder.EclipseLogger - Copying 0 resource
2022-02-04 23:57:51,576 [Worker-59: Building] WARN  o.e.m.c.i.embedder.EclipseLogger - Using platform encoding (Cp1252 actually) to copy filtered resources, i.e. build is platform dependent!
2022-02-04 23:57:51,578 [Worker-59: Building] INFO  o.e.m.c.i.embedder.EclipseLogger - Copying 0 resource
2022-02-05 00:01:55,145 [Worker-68: Building] WARN  o.e.m.c.i.embedder.EclipseLogger - Using platform encoding (Cp1252 actually) to copy filtered resources, i.e. build is platform dependent!
2022-02-05 00:01:55,146 [Worker-68: Building] INFO  o.e.m.c.i.embedder.EclipseLogger - Copying 0 resource
2022-02-05 00:01:55,147 [Worker-68: Building] WARN  o.e.m.c.i.embedder.EclipseLogger - Using platform encoding (Cp1252 actually) to copy filtered resources, i.e. build is platform dependent!
2022-02-05 00:01:55,148 [Worker-68: Building] INFO  o.e.m.c.i.embedder.EclipseLogger - Copying 0 resource
2022-02-05 00:01:59,697 [Worker-67: Building] WARN  o.e.m.c.i.embedder.EclipseLogger - Using platform encoding (Cp1252 actually) to copy filtered resources, i.e. build is platform dependent!
2022-02-05 00:01:59,698 [Worker-67: Building] INFO  o.e.m.c.i.embedder.EclipseLogger - Copying 0 resource
2022-02-05 00:01:59,699 [Worker-67: Building] WARN  o.e.m.c.i.embedder.EclipseLogger - Using platform encoding (Cp1252 actually) to copy filtered resources, i.e. build is platform dependent!
2022-02-05 00:01:59,701 [Worker-67: Building] INFO  o.e.m.c.i.embedder.EclipseLogger - Copying 0 resource
2022-02-05 00:02:24,422 [Worker-68: Building] WARN  o.e.m.c.i.embedder.EclipseLogger - Using platform encoding (Cp1252 actually) to copy filtered resources, i.e. build is platform dependent!
2022-02-05 00:02:24,423 [Worker-68: Building] INFO  o.e.m.c.i.embedder.EclipseLogger - Copying 0 resource
2022-02-05 00:02:24,424 [Worker-68: Building] WARN  o.e.m.c.i.embedder.EclipseLogger - Using platform encoding (Cp1252 actually) to copy filtered resources, i.e. build is platform dependent!
2022-02-05 00:02:24,425 [Worker-68: Building] INFO  o.e.m.c.i.embedder.EclipseLogger - Copying 0 resource
2022-02-05 00:04:16,876 [Worker-68: Building] WARN  o.e.m.c.i.embedder.EclipseLogger - Using platform encoding (Cp1252 actually) to copy filtered resources, i.e. build is platform dependent!
2022-02-05 00:04:16,877 [Worker-68: Building] INFO  o.e.m.c.i.embedder.EclipseLogger - Copying 0 resource
2022-02-05 00:04:16,878 [Worker-68: Building] WARN  o.e.m.c.i.embedder.EclipseLogger - Using platform encoding (Cp1252 actually) to copy filtered resources, i.e. build is platform dependent!
2022-02-05 00:04:16,879 [Worker-68: Building] INFO  o.e.m.c.i.embedder.EclipseLogger - Copying 0 resource
2022-02-05 00:04:41,607 [Worker-71: Building] WARN  o.e.m.c.i.embedder.EclipseLogger - Using platform encoding (Cp1252 actually) to copy filtered resources, i.e. build is platform dependent!
2022-02-05 00:04:41,608 [Worker-71: Building] INFO  o.e.m.c.i.embedder.EclipseLogger - Copying 0 resource
2022-02-05 00:04:41,609 [Worker-71: Building] WARN  o.e.m.c.i.embedder.EclipseLogger - Using platform encoding (Cp1252 actually) to copy filtered resources, i.e. build is platform dependent!
2022-02-05 00:04:41,610 [Worker-71: Building] INFO  o.e.m.c.i.embedder.EclipseLogger - Copying 0 resource
2022-02-05 00:04:50,307 [Worker-59: Building] WARN  o.e.m.c.i.embedder.EclipseLogger - Using platform encoding (Cp1252 actually) to copy filtered resources, i.e. build is platform dependent!
2022-02-05 00:04:50,308 [Worker-59: Building] INFO  o.e.m.c.i.embedder.EclipseLogger - Copying 0 resource
2022-02-05 00:04:50,309 [Worker-59: Building] WARN  o.e.m.c.i.embedder.EclipseLogger - Using platform encoding (Cp1252 actually) to copy filtered resources, i.e. build is platform dependent!
2022-02-05 00:04:50,310 [Worker-59: Building] INFO  o.e.m.c.i.embedder.EclipseLogger - Copying 0 resource
2022-02-05 00:05:23,631 [Worker-73: Building] WARN  o.e.m.c.i.embedder.EclipseLogger - Using platform encoding (Cp1252 actually) to copy filtered resources, i.e. build is platform dependent!
2022-02-05 00:05:23,632 [Worker-73: Building] INFO  o.e.m.c.i.embedder.EclipseLogger - Copying 0 resource
2022-02-05 00:05:23,633 [Worker-73: Building] WARN  o.e.m.c.i.embedder.EclipseLogger - Using platform encoding (Cp1252 actually) to copy filtered resources, i.e. build is platform dependent!
2022-02-05 00:05:23,634 [Worker-73: Building] INFO  o.e.m.c.i.embedder.EclipseLogger - Copying 0 resource
2022-02-05 02:33:49,109 [Worker-71: Building] WARN  o.e.m.c.i.embedder.EclipseLogger - Using platform encoding (Cp1252 actually) to copy filtered resources, i.e. build is platform dependent!
2022-02-05 02:33:49,116 [Worker-71: Building] INFO  o.e.m.c.i.embedder.EclipseLogger - Copying 0 resource
2022-02-05 02:33:49,118 [Worker-71: Building] WARN  o.e.m.c.i.embedder.EclipseLogger - Using platform encoding (Cp1252 actually) to copy filtered resources, i.e. build is platform dependent!
2022-02-05 02:33:49,120 [Worker-71: Building] INFO  o.e.m.c.i.embedder.EclipseLogger - Copying 0 resource
2022-02-05 12:04:12,676 [Worker-75: Building] WARN  o.e.m.c.i.embedder.EclipseLogger - Using platform encoding (Cp1252 actually) to copy filtered resources, i.e. build is platform dependent!
2022-02-05 12:04:12,680 [Worker-75: Building] INFO  o.e.m.c.i.embedder.EclipseLogger - Copying 0 resource
2022-02-05 12:04:12,683 [Worker-75: Building] WARN  o.e.m.c.i.embedder.EclipseLogger - Using platform encoding (Cp1252 actually) to copy filtered resources, i.e. build is platform dependent!
2022-02-05 12:04:12,685 [Worker-75: Building] INFO  o.e.m.c.i.embedder.EclipseLogger - Copying 0 resource
2022-02-05 15:45:39,503 [Worker-75: Building] WARN  o.e.m.c.i.embedder.EclipseLogger - Using platform encoding (Cp1252 actually) to copy filtered resources, i.e. build is platform dependent!
2022-02-05 15:45:39,505 [Worker-75: Building] INFO  o.e.m.c.i.embedder.EclipseLogger - Copying 0 resource
2022-02-05 15:45:39,506 [Worker-75: Building] WARN  o.e.m.c.i.embedder.EclipseLogger - Using platform encoding (Cp1252 actually) to copy filtered resources, i.e. build is platform dependent!
2022-02-05 15:45:39,507 [Worker-75: Building] INFO  o.e.m.c.i.embedder.EclipseLogger - Copying 0 resource
2022-02-05 15:46:44,961 [Worker-83: Building] WARN  o.e.m.c.i.embedder.EclipseLogger - Using platform encoding (Cp1252 actually) to copy filtered resources, i.e. build is platform dependent!
2022-02-05 15:46:44,962 [Worker-83: Building] INFO  o.e.m.c.i.embedder.EclipseLogger - Copying 0 resource
2022-02-05 15:46:44,964 [Worker-83: Building] WARN  o.e.m.c.i.embedder.EclipseLogger - Using platform encoding (Cp1252 actually) to copy filtered resources, i.e. build is platform dependent!
2022-02-05 15:46:44,965 [Worker-83: Building] INFO  o.e.m.c.i.embedder.EclipseLogger - Copying 0 resource
2022-02-05 15:46:54,807 [Worker-81: Building] WARN  o.e.m.c.i.embedder.EclipseLogger - Using platform encoding (Cp1252 actually) to copy filtered resources, i.e. build is platform dependent!
2022-02-05 15:46:54,808 [Worker-81: Building] INFO  o.e.m.c.i.embedder.EclipseLogger - Copying 0 resource
2022-02-05 15:46:54,809 [Worker-81: Building] WARN  o.e.m.c.i.embedder.EclipseLogger - Using platform encoding (Cp1252 actually) to copy filtered resources, i.e. build is platform dependent!
2022-02-05 15:46:54,810 [Worker-81: Building] INFO  o.e.m.c.i.embedder.EclipseLogger - Copying 0 resource
2022-02-05 15:47:42,621 [Worker-83: Building] WARN  o.e.m.c.i.embedder.EclipseLogger - Using platform encoding (Cp1252 actually) to copy filtered resources, i.e. build is platform dependent!
2022-02-05 15:47:42,622 [Worker-83: Building] INFO  o.e.m.c.i.embedder.EclipseLogger - skip non existing resourceDirectory D:\Documents\QA Engineer\Learn and Teach\JAVA BDD Cucumber Web, Mobile and API Testing\JavaAPITesting\JavaAPITesting\src\main\resources
2022-02-05 15:47:42,623 [Worker-83: Building] WARN  o.e.m.c.i.embedder.EclipseLogger - Using platform encoding (Cp1252 actually) to copy filtered resources, i.e. build is platform dependent!
2022-02-05 15:47:42,624 [Worker-83: Building] INFO  o.e.m.c.i.embedder.EclipseLogger - Copying 0 resource
2022-02-05 15:47:50,037 [Worker-75: Building] WARN  o.e.m.c.i.embedder.EclipseLogger - Using platform encoding (Cp1252 actually) to copy filtered resources, i.e. build is platform dependent!
2022-02-05 15:47:50,038 [Worker-75: Building] INFO  o.e.m.c.i.embedder.EclipseLogger - skip non existing resourceDirectory D:\Documents\QA Engineer\Learn and Teach\JAVA BDD Cucumber Web, Mobile and API Testing\JavaAPITesting\JavaAPITesting\src\main\resources
2022-02-05 15:47:50,040 [Worker-75: Building] WARN  o.e.m.c.i.embedder.EclipseLogger - Using platform encoding (Cp1252 actually) to copy filtered resources, i.e. build is platform dependent!
2022-02-05 15:47:50,042 [Worker-75: Building] INFO  o.e.m.c.i.embedder.EclipseLogger - Copying 0 resource
2022-02-05 15:47:56,209 [Worker-75: Building] WARN  o.e.m.c.i.embedder.EclipseLogger - Using platform encoding (Cp1252 actually) to copy filtered resources, i.e. build is platform dependent!
2022-02-05 15:47:56,209 [Worker-75: Building] INFO  o.e.m.c.i.embedder.EclipseLogger - skip non existing resourceDirectory D:\Documents\QA Engineer\Learn and Teach\JAVA BDD Cucumber Web, Mobile and API Testing\JavaAPITesting\JavaAPITesting\src\main\resources
2022-02-05 15:47:56,210 [Worker-75: Building] WARN  o.e.m.c.i.embedder.EclipseLogger - Using platform encoding (Cp1252 actually) to copy filtered resources, i.e. build is platform dependent!
2022-02-05 15:47:56,212 [Worker-75: Building] INFO  o.e.m.c.i.embedder.EclipseLogger - Copying 0 resource
2022-02-05 15:50:51,669 [Worker-81: Building] WARN  o.e.m.c.i.embedder.EclipseLogger - Using platform encoding (Cp1252 actually) to copy filtered resources, i.e. build is platform dependent!
2022-02-05 15:50:51,670 [Worker-81: Building] INFO  o.e.m.c.i.embedder.EclipseLogger - skip non existing resourceDirectory D:\Documents\QA Engineer\Learn and Teach\JAVA BDD Cucumber Web, Mobile and API Testing\JavaAPITesting\JavaAPITesting\src\main\resources
2022-02-05 15:50:51,675 [Worker-81: Building] WARN  o.e.m.c.i.embedder.EclipseLogger - Using platform encoding (Cp1252 actually) to copy filtered resources, i.e. build is platform dependent!
2022-02-05 15:50:51,676 [Worker-81: Building] INFO  o.e.m.c.i.embedder.EclipseLogger - Copying 0 resource
2022-02-05 15:51:36,424 [Worker-85: Building] WARN  o.e.m.c.i.embedder.EclipseLogger - Using platform encoding (Cp1252 actually) to copy filtered resources, i.e. build is platform dependent!
2022-02-05 15:51:36,425 [Worker-85: Building] INFO  o.e.m.c.i.embedder.EclipseLogger - skip non existing resourceDirectory D:\Documents\QA Engineer\Learn and Teach\JAVA BDD Cucumber Web, Mobile and API Testing\JavaAPITesting\JavaAPITesting\src\main\resources
2022-02-05 15:51:36,426 [Worker-85: Building] WARN  o.e.m.c.i.embedder.EclipseLogger - Using platform encoding (Cp1252 actually) to copy filtered resources, i.e. build is platform dependent!
2022-02-05 15:51:36,428 [Worker-85: Building] INFO  o.e.m.c.i.embedder.EclipseLogger - Copying 0 resource
2022-02-05 15:52:01,682 [Worker-87: Building] WARN  o.e.m.c.i.embedder.EclipseLogger - Using platform encoding (Cp1252 actually) to copy filtered resources, i.e. build is platform dependent!
2022-02-05 15:52:01,683 [Worker-87: Building] INFO  o.e.m.c.i.embedder.EclipseLogger - skip non existing resourceDirectory D:\Documents\QA Engineer\Learn and Teach\JAVA BDD Cucumber Web, Mobile and API Testing\JavaAPITesting\JavaAPITesting\src\main\resources
2022-02-05 15:52:01,685 [Worker-87: Building] WARN  o.e.m.c.i.embedder.EclipseLogger - Using platform encoding (Cp1252 actually) to copy filtered resources, i.e. build is platform dependent!
2022-02-05 15:52:01,687 [Worker-87: Building] INFO  o.e.m.c.i.embedder.EclipseLogger - Copying 0 resource
2022-02-05 15:52:06,309 [Worker-86: Building] WARN  o.e.m.c.i.embedder.EclipseLogger - Using platform encoding (Cp1252 actually) to copy filtered resources, i.e. build is platform dependent!
2022-02-05 15:52:06,310 [Worker-86: Building] INFO  o.e.m.c.i.embedder.EclipseLogger - skip non existing resourceDirectory D:\Documents\QA Engineer\Learn and Teach\JAVA BDD Cucumber Web, Mobile and API Testing\JavaAPITesting\JavaAPITesting\src\main\resources
2022-02-05 15:52:06,311 [Worker-86: Building] WARN  o.e.m.c.i.embedder.EclipseLogger - Using platform encoding (Cp1252 actually) to copy filtered resources, i.e. build is platform dependent!
2022-02-05 15:52:06,315 [Worker-86: Building] INFO  o.e.m.c.i.embedder.EclipseLogger - Copying 0 resource
2022-02-05 15:52:11,131 [Worker-86: Building] WARN  o.e.m.c.i.embedder.EclipseLogger - Using platform encoding (Cp1252 actually) to copy filtered resources, i.e. build is platform dependent!
2022-02-05 15:52:11,132 [Worker-86: Building] INFO  o.e.m.c.i.embedder.EclipseLogger - skip non existing resourceDirectory D:\Documents\QA Engineer\Learn and Teach\JAVA BDD Cucumber Web, Mobile and API Testing\JavaAPITesting\JavaAPITesting\src\main\resources
2022-02-05 15:52:11,133 [Worker-86: Building] WARN  o.e.m.c.i.embedder.EclipseLogger - Using platform encoding (Cp1252 actually) to copy filtered resources, i.e. build is platform dependent!
2022-02-05 15:52:11,134 [Worker-86: Building] INFO  o.e.m.c.i.embedder.EclipseLogger - Copying 0 resource
2022-02-05 15:52:32,513 [Worker-86: Building] WARN  o.e.m.c.i.embedder.EclipseLogger - Using platform encoding (Cp1252 actually) to copy filtered resources, i.e. build is platform dependent!
2022-02-05 15:52:32,515 [Worker-86: Building] INFO  o.e.m.c.i.embedder.EclipseLogger - skip non existing resourceDirectory D:\Documents\QA Engineer\Learn and Teach\JAVA BDD Cucumber Web, Mobile and API Testing\JavaAPITesting\JavaAPITesting\src\main\resources
2022-02-05 15:52:32,516 [Worker-86: Building] WARN  o.e.m.c.i.embedder.EclipseLogger - Using platform encoding (Cp1252 actually) to copy filtered resources, i.e. build is platform dependent!
2022-02-05 15:52:32,518 [Worker-86: Building] INFO  o.e.m.c.i.embedder.EclipseLogger - Copying 1 resource
2022-02-05 15:52:35,686 [Worker-85: Building] WARN  o.e.m.c.i.embedder.EclipseLogger - Using platform encoding (Cp1252 actually) to copy filtered resources, i.e. build is platform dependent!
2022-02-05 15:52:35,687 [Worker-85: Building] INFO  o.e.m.c.i.embedder.EclipseLogger - skip non existing resourceDirectory D:\Documents\QA Engineer\Learn and Teach\JAVA BDD Cucumber Web, Mobile and API Testing\JavaAPITesting\JavaAPITesting\src\main\resources
2022-02-05 15:52:35,688 [Worker-85: Building] WARN  o.e.m.c.i.embedder.EclipseLogger - Using platform encoding (Cp1252 actually) to copy filtered resources, i.e. build is platform dependent!
2022-02-05 15:52:35,689 [Worker-85: Building] INFO  o.e.m.c.i.embedder.EclipseLogger - Copying 1 resource
2022-02-05 15:53:09,069 [Worker-81: Building] WARN  o.e.m.c.i.embedder.EclipseLogger - Using platform encoding (Cp1252 actually) to copy filtered resources, i.e. build is platform dependent!
2022-02-05 15:53:09,070 [Worker-81: Building] INFO  o.e.m.c.i.embedder.EclipseLogger - skip non existing resourceDirectory D:\Documents\QA Engineer\Learn and Teach\JAVA BDD Cucumber Web, Mobile and API Testing\JavaAPITesting\JavaAPITesting\src\main\resources
2022-02-05 15:53:09,071 [Worker-81: Building] WARN  o.e.m.c.i.embedder.EclipseLogger - Using platform encoding (Cp1252 actually) to copy filtered resources, i.e. build is platform dependent!
2022-02-05 15:53:09,073 [Worker-81: Building] INFO  o.e.m.c.i.embedder.EclipseLogger - Copying 1 resource
2022-02-05 15:54:10,386 [Worker-86: Building] WARN  o.e.m.c.i.embedder.EclipseLogger - Using platform encoding (Cp1252 actually) to copy filtered resources, i.e. build is platform dependent!
2022-02-05 15:54:10,387 [Worker-86: Building] INFO  o.e.m.c.i.embedder.EclipseLogger - skip non existing resourceDirectory D:\Documents\QA Engineer\Learn and Teach\JAVA BDD Cucumber Web, Mobile and API Testing\JavaAPITesting\JavaAPITesting\src\main\resources
2022-02-05 15:54:10,389 [Worker-86: Building] WARN  o.e.m.c.i.embedder.EclipseLogger - Using platform encoding (Cp1252 actually) to copy filtered resources, i.e. build is platform dependent!
2022-02-05 15:54:10,390 [Worker-86: Building] INFO  o.e.m.c.i.embedder.EclipseLogger - Copying 0 resource
2022-02-05 15:54:12,685 [Worker-81: Building] WARN  o.e.m.c.i.embedder.EclipseLogger - Using platform encoding (Cp1252 actually) to copy filtered resources, i.e. build is platform dependent!
2022-02-05 15:54:12,686 [Worker-81: Building] INFO  o.e.m.c.i.embedder.EclipseLogger - skip non existing resourceDirectory D:\Documents\QA Engineer\Learn and Teach\JAVA BDD Cucumber Web, Mobile and API Testing\JavaAPITesting\JavaAPITesting\src\main\resources
2022-02-05 15:54:12,687 [Worker-81: Building] WARN  o.e.m.c.i.embedder.EclipseLogger - Using platform encoding (Cp1252 actually) to copy filtered resources, i.e. build is platform dependent!
2022-02-05 15:54:12,687 [Worker-81: Building] INFO  o.e.m.c.i.embedder.EclipseLogger - Copying 0 resource
2022-02-05 15:54:22,026 [Worker-85: Building] WARN  o.e.m.c.i.embedder.EclipseLogger - Using platform encoding (Cp1252 actually) to copy filtered resources, i.e. build is platform dependent!
2022-02-05 15:54:22,027 [Worker-85: Building] INFO  o.e.m.c.i.embedder.EclipseLogger - skip non existing resourceDirectory D:\Documents\QA Engineer\Learn and Teach\JAVA BDD Cucumber Web, Mobile and API Testing\JavaAPITesting\JavaAPITesting\src\main\resources
2022-02-05 15:54:22,028 [Worker-85: Building] WARN  o.e.m.c.i.embedder.EclipseLogger - Using platform encoding (Cp1252 actually) to copy filtered resources, i.e. build is platform dependent!
2022-02-05 15:54:22,029 [Worker-85: Building] INFO  o.e.m.c.i.embedder.EclipseLogger - Copying 0 resource
2022-02-05 15:55:40,009 [Worker-85: Building] WARN  o.e.m.c.i.embedder.EclipseLogger - Using platform encoding (Cp1252 actually) to copy filtered resources, i.e. build is platform dependent!
2022-02-05 15:55:40,010 [Worker-85: Building] INFO  o.e.m.c.i.embedder.EclipseLogger - skip non existing resourceDirectory D:\Documents\QA Engineer\Learn and Teach\JAVA BDD Cucumber Web, Mobile and API Testing\JavaAPITesting\JavaAPITesting\src\main\resources
2022-02-05 15:55:40,010 [Worker-85: Building] WARN  o.e.m.c.i.embedder.EclipseLogger - Using platform encoding (Cp1252 actually) to copy filtered resources, i.e. build is platform dependent!
2022-02-05 15:55:40,012 [Worker-85: Building] INFO  o.e.m.c.i.embedder.EclipseLogger - Copying 0 resource
2022-02-05 15:55:45,466 [Worker-88: Building] WARN  o.e.m.c.i.embedder.EclipseLogger - Using platform encoding (Cp1252 actually) to copy filtered resources, i.e. build is platform dependent!
2022-02-05 15:55:45,467 [Worker-88: Building] INFO  o.e.m.c.i.embedder.EclipseLogger - skip non existing resourceDirectory D:\Documents\QA Engineer\Learn and Teach\JAVA BDD Cucumber Web, Mobile and API Testing\JavaAPITesting\JavaAPITesting\src\main\resources
2022-02-05 15:55:45,467 [Worker-88: Building] WARN  o.e.m.c.i.embedder.EclipseLogger - Using platform encoding (Cp1252 actually) to copy filtered resources, i.e. build is platform dependent!
2022-02-05 15:55:45,468 [Worker-88: Building] INFO  o.e.m.c.i.embedder.EclipseLogger - Copying 0 resource
2022-02-05 15:55:52,135 [Worker-88: Building] WARN  o.e.m.c.i.embedder.EclipseLogger - Using platform encoding (Cp1252 actually) to copy filtered resources, i.e. build is platform dependent!
2022-02-05 15:55:52,135 [Worker-88: Building] INFO  o.e.m.c.i.embedder.EclipseLogger - skip non existing resourceDirectory D:\Documents\QA Engineer\Learn and Teach\JAVA BDD Cucumber Web, Mobile and API Testing\JavaAPITesting\JavaAPITesting\src\main\resources
2022-02-05 15:55:52,136 [Worker-88: Building] WARN  o.e.m.c.i.embedder.EclipseLogger - Using platform encoding (Cp1252 actually) to copy filtered resources, i.e. build is platform dependent!
2022-02-05 15:55:52,138 [Worker-88: Building] INFO  o.e.m.c.i.embedder.EclipseLogger - Copying 0 resource
2022-02-05 15:56:50,362 [Worker-88: Building] WARN  o.e.m.c.i.embedder.EclipseLogger - Using platform encoding (Cp1252 actually) to copy filtered resources, i.e. build is platform dependent!
2022-02-05 15:56:50,362 [Worker-88: Building] INFO  o.e.m.c.i.embedder.EclipseLogger - skip non existing resourceDirectory D:\Documents\QA Engineer\Learn and Teach\JAVA BDD Cucumber Web, Mobile and API Testing\JavaAPITesting\JavaAPITesting\src\main\resources
2022-02-05 15:56:50,363 [Worker-88: Building] WARN  o.e.m.c.i.embedder.EclipseLogger - Using platform encoding (Cp1252 actually) to copy filtered resources, i.e. build is platform dependent!
2022-02-05 15:56:50,364 [Worker-88: Building] INFO  o.e.m.c.i.embedder.EclipseLogger - Copying 0 resource
2022-02-05 15:59:12,453 [Worker-88: Building] WARN  o.e.m.c.i.embedder.EclipseLogger - Using platform encoding (Cp1252 actually) to copy filtered resources, i.e. build is platform dependent!
2022-02-05 15:59:12,454 [Worker-88: Building] INFO  o.e.m.c.i.embedder.EclipseLogger - skip non existing resourceDirectory D:\Documents\QA Engineer\Learn and Teach\JAVA BDD Cucumber Web, Mobile and API Testing\JavaAPITesting\JavaAPITesting\src\main\resources
2022-02-05 15:59:12,455 [Worker-88: Building] WARN  o.e.m.c.i.embedder.EclipseLogger - Using platform encoding (Cp1252 actually) to copy filtered resources, i.e. build is platform dependent!
2022-02-05 15:59:12,456 [Worker-88: Building] INFO  o.e.m.c.i.embedder.EclipseLogger - Copying 0 resource
2022-02-05 15:59:14,226 [Worker-89: Building] WARN  o.e.m.c.i.embedder.EclipseLogger - Using platform encoding (Cp1252 actually) to copy filtered resources, i.e. build is platform dependent!
2022-02-05 15:59:14,227 [Worker-89: Building] INFO  o.e.m.c.i.embedder.EclipseLogger - skip non existing resourceDirectory D:\Documents\QA Engineer\Learn and Teach\JAVA BDD Cucumber Web, Mobile and API Testing\JavaAPITesting\JavaAPITesting\src\main\resources
2022-02-05 15:59:14,227 [Worker-89: Building] WARN  o.e.m.c.i.embedder.EclipseLogger - Using platform encoding (Cp1252 actually) to copy filtered resources, i.e. build is platform dependent!
2022-02-05 15:59:14,228 [Worker-89: Building] INFO  o.e.m.c.i.embedder.EclipseLogger - Copying 0 resource
2022-02-05 15:59:17,620 [Worker-88: Building] WARN  o.e.m.c.i.embedder.EclipseLogger - Using platform encoding (Cp1252 actually) to copy filtered resources, i.e. build is platform dependent!
2022-02-05 15:59:17,620 [Worker-88: Building] INFO  o.e.m.c.i.embedder.EclipseLogger - skip non existing resourceDirectory D:\Documents\QA Engineer\Learn and Teach\JAVA BDD Cucumber Web, Mobile and API Testing\JavaAPITesting\JavaAPITesting\src\main\resources
2022-02-05 15:59:17,621 [Worker-88: Building] WARN  o.e.m.c.i.embedder.EclipseLogger - Using platform encoding (Cp1252 actually) to copy filtered resources, i.e. build is platform dependent!
2022-02-05 15:59:17,622 [Worker-88: Building] INFO  o.e.m.c.i.embedder.EclipseLogger - Copying 0 resource
2022-02-05 15:59:23,517 [Worker-90: Building] WARN  o.e.m.c.i.embedder.EclipseLogger - Using platform encoding (Cp1252 actually) to copy filtered resources, i.e. build is platform dependent!
2022-02-05 15:59:23,518 [Worker-90: Building] INFO  o.e.m.c.i.embedder.EclipseLogger - skip non existing resourceDirectory D:\Documents\QA Engineer\Learn and Teach\JAVA BDD Cucumber Web, Mobile and API Testing\JavaAPITesting\JavaAPITesting\src\main\resources
2022-02-05 15:59:23,518 [Worker-90: Building] WARN  o.e.m.c.i.embedder.EclipseLogger - Using platform encoding (Cp1252 actually) to copy filtered resources, i.e. build is platform dependent!
2022-02-05 15:59:23,519 [Worker-90: Building] INFO  o.e.m.c.i.embedder.EclipseLogger - Copying 0 resource
2022-02-05 15:59:26,142 [Worker-89: Building] WARN  o.e.m.c.i.embedder.EclipseLogger - Using platform encoding (Cp1252 actually) to copy filtered resources, i.e. build is platform dependent!
2022-02-05 15:59:26,142 [Worker-89: Building] INFO  o.e.m.c.i.embedder.EclipseLogger - skip non existing resourceDirectory D:\Documents\QA Engineer\Learn and Teach\JAVA BDD Cucumber Web, Mobile and API Testing\JavaAPITesting\JavaAPITesting\src\main\resources
2022-02-05 15:59:26,143 [Worker-89: Building] WARN  o.e.m.c.i.embedder.EclipseLogger - Using platform encoding (Cp1252 actually) to copy filtered resources, i.e. build is platform dependent!
2022-02-05 15:59:26,144 [Worker-89: Building] INFO  o.e.m.c.i.embedder.EclipseLogger - Copying 0 resource
2022-02-05 16:00:08,855 [Worker-89: Building] WARN  o.e.m.c.i.embedder.EclipseLogger - Using platform encoding (Cp1252 actually) to copy filtered resources, i.e. build is platform dependent!
2022-02-05 16:00:08,856 [Worker-89: Building] INFO  o.e.m.c.i.embedder.EclipseLogger - skip non existing resourceDirectory D:\Documents\QA Engineer\Learn and Teach\JAVA BDD Cucumber Web, Mobile and API Testing\JavaAPITesting\JavaAPITesting\src\main\resources
2022-02-05 16:00:08,857 [Worker-89: Building] WARN  o.e.m.c.i.embedder.EclipseLogger - Using platform encoding (Cp1252 actually) to copy filtered resources, i.e. build is platform dependent!
2022-02-05 16:00:08,858 [Worker-89: Building] INFO  o.e.m.c.i.embedder.EclipseLogger - Copying 0 resource
2022-02-05 16:01:09,004 [Worker-90: Building] WARN  o.e.m.c.i.embedder.EclipseLogger - Using platform encoding (Cp1252 actually) to copy filtered resources, i.e. build is platform dependent!
2022-02-05 16:01:09,004 [Worker-90: Building] INFO  o.e.m.c.i.embedder.EclipseLogger - skip non existing resourceDirectory D:\Documents\QA Engineer\Learn and Teach\JAVA BDD Cucumber Web, Mobile and API Testing\JavaAPITesting\JavaAPITesting\src\main\resources
2022-02-05 16:01:09,005 [Worker-90: Building] WARN  o.e.m.c.i.embedder.EclipseLogger - Using platform encoding (Cp1252 actually) to copy filtered resources, i.e. build is platform dependent!
2022-02-05 16:01:09,006 [Worker-90: Building] INFO  o.e.m.c.i.embedder.EclipseLogger - Copying 0 resource
2022-02-05 16:01:41,706 [Worker-90: Building] WARN  o.e.m.c.i.embedder.EclipseLogger - Using platform encoding (Cp1252 actually) to copy filtered resources, i.e. build is platform dependent!
2022-02-05 16:01:41,707 [Worker-90: Building] INFO  o.e.m.c.i.embedder.EclipseLogger - skip non existing resourceDirectory D:\Documents\QA Engineer\Learn and Teach\JAVA BDD Cucumber Web, Mobile and API Testing\JavaAPITesting\JavaAPITesting\src\main\resources
2022-02-05 16:01:41,708 [Worker-90: Building] WARN  o.e.m.c.i.embedder.EclipseLogger - Using platform encoding (Cp1252 actually) to copy filtered resources, i.e. build is platform dependent!
2022-02-05 16:01:41,709 [Worker-90: Building] INFO  o.e.m.c.i.embedder.EclipseLogger - Copying 1 resource
2022-02-05 16:01:43,723 [Worker-89: Building] WARN  o.e.m.c.i.embedder.EclipseLogger - Using platform encoding (Cp1252 actually) to copy filtered resources, i.e. build is platform dependent!
2022-02-05 16:01:43,724 [Worker-89: Building] INFO  o.e.m.c.i.embedder.EclipseLogger - skip non existing resourceDirectory D:\Documents\QA Engineer\Learn and Teach\JAVA BDD Cucumber Web, Mobile and API Testing\JavaAPITesting\JavaAPITesting\src\main\resources
2022-02-05 16:01:43,725 [Worker-89: Building] WARN  o.e.m.c.i.embedder.EclipseLogger - Using platform encoding (Cp1252 actually) to copy filtered resources, i.e. build is platform dependent!
2022-02-05 16:01:43,726 [Worker-89: Building] INFO  o.e.m.c.i.embedder.EclipseLogger - Copying 1 resource
2022-02-05 16:02:53,601 [Worker-92: Building] WARN  o.e.m.c.i.embedder.EclipseLogger - Using platform encoding (Cp1252 actually) to copy filtered resources, i.e. build is platform dependent!
2022-02-05 16:02:53,602 [Worker-92: Building] INFO  o.e.m.c.i.embedder.EclipseLogger - skip non existing resourceDirectory D:\Documents\QA Engineer\Learn and Teach\JAVA BDD Cucumber Web, Mobile and API Testing\JavaAPITesting\JavaAPITesting\src\main\resources
2022-02-05 16:02:53,602 [Worker-92: Building] WARN  o.e.m.c.i.embedder.EclipseLogger - Using platform encoding (Cp1252 actually) to copy filtered resources, i.e. build is platform dependent!
2022-02-05 16:02:53,603 [Worker-92: Building] INFO  o.e.m.c.i.embedder.EclipseLogger - Copying 1 resource
2022-02-05 16:02:56,899 [Worker-88: Building] WARN  o.e.m.c.i.embedder.EclipseLogger - Using platform encoding (Cp1252 actually) to copy filtered resources, i.e. build is platform dependent!
2022-02-05 16:02:56,900 [Worker-88: Building] INFO  o.e.m.c.i.embedder.EclipseLogger - skip non existing resourceDirectory D:\Documents\QA Engineer\Learn and Teach\JAVA BDD Cucumber Web, Mobile and API Testing\JavaAPITesting\JavaAPITesting\src\main\resources
2022-02-05 16:02:56,900 [Worker-88: Building] WARN  o.e.m.c.i.embedder.EclipseLogger - Using platform encoding (Cp1252 actually) to copy filtered resources, i.e. build is platform dependent!
2022-02-05 16:02:56,901 [Worker-88: Building] INFO  o.e.m.c.i.embedder.EclipseLogger - Copying 1 resource
2022-02-05 16:04:39,472 [Worker-93: Building] WARN  o.e.m.c.i.embedder.EclipseLogger - Using platform encoding (Cp1252 actually) to copy filtered resources, i.e. build is platform dependent!
2022-02-05 16:04:39,473 [Worker-93: Building] INFO  o.e.m.c.i.embedder.EclipseLogger - skip non existing resourceDirectory D:\Documents\QA Engineer\Learn and Teach\JAVA BDD Cucumber Web, Mobile and API Testing\JavaAPITesting\JavaAPITesting\src\main\resources
2022-02-05 16:04:39,474 [Worker-93: Building] WARN  o.e.m.c.i.embedder.EclipseLogger - Using platform encoding (Cp1252 actually) to copy filtered resources, i.e. build is platform dependent!
2022-02-05 16:04:39,476 [Worker-93: Building] INFO  o.e.m.c.i.embedder.EclipseLogger - Copying 2 resources
2022-02-05 16:06:42,922 [Worker-94: Building] WARN  o.e.m.c.i.embedder.EclipseLogger - Using platform encoding (Cp1252 actually) to copy filtered resources, i.e. build is platform dependent!
2022-02-05 16:06:42,923 [Worker-94: Building] INFO  o.e.m.c.i.embedder.EclipseLogger - skip non existing resourceDirectory D:\Documents\QA Engineer\Learn and Teach\JAVA BDD Cucumber Web, Mobile and API Testing\JavaAPITesting\JavaAPITesting\src\main\resources
2022-02-05 16:06:42,924 [Worker-94: Building] WARN  o.e.m.c.i.embedder.EclipseLogger - Using platform encoding (Cp1252 actually) to copy filtered resources, i.e. build is platform dependent!
2022-02-05 16:06:42,926 [Worker-94: Building] INFO  o.e.m.c.i.embedder.EclipseLogger - Copying 2 resources
2022-02-05 16:07:57,122 [Worker-93: Building] WARN  o.e.m.c.i.embedder.EclipseLogger - Using platform encoding (Cp1252 actually) to copy filtered resources, i.e. build is platform dependent!
2022-02-05 16:07:57,123 [Worker-93: Building] INFO  o.e.m.c.i.embedder.EclipseLogger - skip non existing resourceDirectory D:\Documents\QA Engineer\Learn and Teach\JAVA BDD Cucumber Web, Mobile and API Testing\JavaAPITesting\JavaAPITesting\src\main\resources
2022-02-05 16:07:57,124 [Worker-93: Building] WARN  o.e.m.c.i.embedder.EclipseLogger - Using platform encoding (Cp1252 actually) to copy filtered resources, i.e. build is platform dependent!
2022-02-05 16:07:57,126 [Worker-93: Building] INFO  o.e.m.c.i.embedder.EclipseLogger - Copying 2 resources
2022-02-05 16:08:04,011 [Worker-93: Building] WARN  o.e.m.c.i.embedder.EclipseLogger - Using platform encoding (Cp1252 actually) to copy filtered resources, i.e. build is platform dependent!
2022-02-05 16:08:04,012 [Worker-93: Building] INFO  o.e.m.c.i.embedder.EclipseLogger - skip non existing resourceDirectory D:\Documents\QA Engineer\Learn and Teach\JAVA BDD Cucumber Web, Mobile and API Testing\JavaAPITesting\JavaAPITesting\src\main\resources
2022-02-05 16:08:04,013 [Worker-93: Building] WARN  o.e.m.c.i.embedder.EclipseLogger - Using platform encoding (Cp1252 actually) to copy filtered resources, i.e. build is platform dependent!
2022-02-05 16:08:04,015 [Worker-93: Building] INFO  o.e.m.c.i.embedder.EclipseLogger - Copying 2 resources
2022-02-05 16:09:42,383 [Worker-88: Building] WARN  o.e.m.c.i.embedder.EclipseLogger - Using platform encoding (Cp1252 actually) to copy filtered resources, i.e. build is platform dependent!
2022-02-05 16:09:42,384 [Worker-88: Building] INFO  o.e.m.c.i.embedder.EclipseLogger - skip non existing resourceDirectory D:\Documents\QA Engineer\Learn and Teach\JAVA BDD Cucumber Web, Mobile and API Testing\JavaAPITesting\JavaAPITesting\src\main\resources
2022-02-05 16:09:42,385 [Worker-88: Building] WARN  o.e.m.c.i.embedder.EclipseLogger - Using platform encoding (Cp1252 actually) to copy filtered resources, i.e. build is platform dependent!
2022-02-05 16:09:42,387 [Worker-88: Building] INFO  o.e.m.c.i.embedder.EclipseLogger - Copying 2 resources
2022-02-05 16:10:47,575 [Worker-93: Building] WARN  o.e.m.c.i.embedder.EclipseLogger - Using platform encoding (Cp1252 actually) to copy filtered resources, i.e. build is platform dependent!
2022-02-05 16:10:47,576 [Worker-93: Building] INFO  o.e.m.c.i.embedder.EclipseLogger - skip non existing resourceDirectory D:\Documents\QA Engineer\Learn and Teach\JAVA BDD Cucumber Web, Mobile and API Testing\JavaAPITesting\JavaAPITesting\src\main\resources
2022-02-05 16:10:47,577 [Worker-93: Building] WARN  o.e.m.c.i.embedder.EclipseLogger - Using platform encoding (Cp1252 actually) to copy filtered resources, i.e. build is platform dependent!
2022-02-05 16:10:47,579 [Worker-93: Building] INFO  o.e.m.c.i.embedder.EclipseLogger - Copying 2 resources
2022-02-05 16:10:59,196 [Worker-88: Building] WARN  o.e.m.c.i.embedder.EclipseLogger - Using platform encoding (Cp1252 actually) to copy filtered resources, i.e. build is platform dependent!
2022-02-05 16:10:59,197 [Worker-88: Building] INFO  o.e.m.c.i.embedder.EclipseLogger - skip non existing resourceDirectory D:\Documents\QA Engineer\Learn and Teach\JAVA BDD Cucumber Web, Mobile and API Testing\JavaAPITesting\JavaAPITesting\src\main\resources
2022-02-05 16:10:59,198 [Worker-88: Building] WARN  o.e.m.c.i.embedder.EclipseLogger - Using platform encoding (Cp1252 actually) to copy filtered resources, i.e. build is platform dependent!
2022-02-05 16:10:59,201 [Worker-88: Building] INFO  o.e.m.c.i.embedder.EclipseLogger - Copying 2 resources
2022-02-05 16:11:05,989 [Worker-95: Building] WARN  o.e.m.c.i.embedder.EclipseLogger - Using platform encoding (Cp1252 actually) to copy filtered resources, i.e. build is platform dependent!
2022-02-05 16:11:05,990 [Worker-95: Building] INFO  o.e.m.c.i.embedder.EclipseLogger - skip non existing resourceDirectory D:\Documents\QA Engineer\Learn and Teach\JAVA BDD Cucumber Web, Mobile and API Testing\JavaAPITesting\JavaAPITesting\src\main\resources
2022-02-05 16:11:05,991 [Worker-95: Building] WARN  o.e.m.c.i.embedder.EclipseLogger - Using platform encoding (Cp1252 actually) to copy filtered resources, i.e. build is platform dependent!
2022-02-05 16:11:05,992 [Worker-95: Building] INFO  o.e.m.c.i.embedder.EclipseLogger - Copying 2 resources
2022-02-05 16:12:04,114 [Worker-93: Building] WARN  o.e.m.c.i.embedder.EclipseLogger - Using platform encoding (Cp1252 actually) to copy filtered resources, i.e. build is platform dependent!
2022-02-05 16:12:04,115 [Worker-93: Building] INFO  o.e.m.c.i.embedder.EclipseLogger - skip non existing resourceDirectory D:\Documents\QA Engineer\Learn and Teach\JAVA BDD Cucumber Web, Mobile and API Testing\JavaAPITesting\JavaAPITesting\src\main\resources
2022-02-05 16:12:04,116 [Worker-93: Building] WARN  o.e.m.c.i.embedder.EclipseLogger - Using platform encoding (Cp1252 actually) to copy filtered resources, i.e. build is platform dependent!
2022-02-05 16:12:04,117 [Worker-93: Building] INFO  o.e.m.c.i.embedder.EclipseLogger - Copying 2 resources
2022-02-05 16:13:11,740 [Worker-96: Building] WARN  o.e.m.c.i.embedder.EclipseLogger - Using platform encoding (Cp1252 actually) to copy filtered resources, i.e. build is platform dependent!
2022-02-05 16:13:11,742 [Worker-96: Building] INFO  o.e.m.c.i.embedder.EclipseLogger - skip non existing resourceDirectory D:\Documents\QA Engineer\Learn and Teach\JAVA BDD Cucumber Web, Mobile and API Testing\JavaAPITesting\JavaAPITesting\src\main\resources
2022-02-05 16:13:11,744 [Worker-96: Building] WARN  o.e.m.c.i.embedder.EclipseLogger - Using platform encoding (Cp1252 actually) to copy filtered resources, i.e. build is platform dependent!
2022-02-05 16:13:11,746 [Worker-96: Building] INFO  o.e.m.c.i.embedder.EclipseLogger - Copying 2 resources
2022-02-05 16:13:47,795 [Worker-95: Building] WARN  o.e.m.c.i.embedder.EclipseLogger - Using platform encoding (Cp1252 actually) to copy filtered resources, i.e. build is platform dependent!
2022-02-05 16:13:47,796 [Worker-95: Building] INFO  o.e.m.c.i.embedder.EclipseLogger - skip non existing resourceDirectory D:\Documents\QA Engineer\Learn and Teach\JAVA BDD Cucumber Web, Mobile and API Testing\JavaAPITesting\JavaAPITesting\src\main\resources
2022-02-05 16:13:47,797 [Worker-95: Building] WARN  o.e.m.c.i.embedder.EclipseLogger - Using platform encoding (Cp1252 actually) to copy filtered resources, i.e. build is platform dependent!
2022-02-05 16:13:47,800 [Worker-95: Building] INFO  o.e.m.c.i.embedder.EclipseLogger - Copying 2 resources
2022-02-05 16:14:15,786 [Worker-96: Building] WARN  o.e.m.c.i.embedder.EclipseLogger - Using platform encoding (Cp1252 actually) to copy filtered resources, i.e. build is platform dependent!
2022-02-05 16:14:15,786 [Worker-96: Building] INFO  o.e.m.c.i.embedder.EclipseLogger - skip non existing resourceDirectory D:\Documents\QA Engineer\Learn and Teach\JAVA BDD Cucumber Web, Mobile and API Testing\JavaAPITesting\JavaAPITesting\src\main\resources
2022-02-05 16:14:15,787 [Worker-96: Building] WARN  o.e.m.c.i.embedder.EclipseLogger - Using platform encoding (Cp1252 actually) to copy filtered resources, i.e. build is platform dependent!
2022-02-05 16:14:15,788 [Worker-96: Building] INFO  o.e.m.c.i.embedder.EclipseLogger - Copying 1 resource
2022-02-05 16:14:19,457 [Worker-96: Building] WARN  o.e.m.c.i.embedder.EclipseLogger - Using platform encoding (Cp1252 actually) to copy filtered resources, i.e. build is platform dependent!
2022-02-05 16:14:19,458 [Worker-96: Building] INFO  o.e.m.c.i.embedder.EclipseLogger - skip non existing resourceDirectory D:\Documents\QA Engineer\Learn and Teach\JAVA BDD Cucumber Web, Mobile and API Testing\JavaAPITesting\JavaAPITesting\src\main\resources
2022-02-05 16:14:19,459 [Worker-96: Building] WARN  o.e.m.c.i.embedder.EclipseLogger - Using platform encoding (Cp1252 actually) to copy filtered resources, i.e. build is platform dependent!
2022-02-05 16:14:19,459 [Worker-96: Building] INFO  o.e.m.c.i.embedder.EclipseLogger - Copying 1 resource
2022-02-05 16:15:09,898 [Worker-96: Building] WARN  o.e.m.c.i.embedder.EclipseLogger - Using platform encoding (Cp1252 actually) to copy filtered resources, i.e. build is platform dependent!
2022-02-05 16:15:09,898 [Worker-96: Building] INFO  o.e.m.c.i.embedder.EclipseLogger - skip non existing resourceDirectory D:\Documents\QA Engineer\Learn and Teach\JAVA BDD Cucumber Web, Mobile and API Testing\JavaAPITesting\JavaAPITesting\src\main\resources
2022-02-05 16:15:09,899 [Worker-96: Building] WARN  o.e.m.c.i.embedder.EclipseLogger - Using platform encoding (Cp1252 actually) to copy filtered resources, i.e. build is platform dependent!
2022-02-05 16:15:09,900 [Worker-96: Building] INFO  o.e.m.c.i.embedder.EclipseLogger - Copying 1 resource
2022-02-05 16:15:42,951 [Worker-88: Building] WARN  o.e.m.c.i.embedder.EclipseLogger - Using platform encoding (Cp1252 actually) to copy filtered resources, i.e. build is platform dependent!
2022-02-05 16:15:42,952 [Worker-88: Building] INFO  o.e.m.c.i.embedder.EclipseLogger - skip non existing resourceDirectory D:\Documents\QA Engineer\Learn and Teach\JAVA BDD Cucumber Web, Mobile and API Testing\JavaAPITesting\JavaAPITesting\src\main\resources
2022-02-05 16:15:42,953 [Worker-88: Building] WARN  o.e.m.c.i.embedder.EclipseLogger - Using platform encoding (Cp1252 actually) to copy filtered resources, i.e. build is platform dependent!
2022-02-05 16:15:42,953 [Worker-88: Building] INFO  o.e.m.c.i.embedder.EclipseLogger - Copying 1 resource
2022-02-05 16:15:47,687 [Worker-95: Building Workspace] WARN  o.e.m.c.i.embedder.EclipseLogger - Using platform encoding (Cp1252 actually) to copy filtered resources, i.e. build is platform dependent!
2022-02-05 16:15:47,688 [Worker-95: Building Workspace] INFO  o.e.m.c.i.embedder.EclipseLogger - skip non existing resourceDirectory D:\Documents\QA Engineer\Learn and Teach\JAVA BDD Cucumber Web, Mobile and API Testing\JavaAPITesting\JavaAPITesting\src\main\resources
2022-02-05 16:15:47,689 [Worker-95: Building Workspace] WARN  o.e.m.c.i.embedder.EclipseLogger - Using platform encoding (Cp1252 actually) to copy filtered resources, i.e. build is platform dependent!
2022-02-05 16:15:47,690 [Worker-95: Building Workspace] INFO  o.e.m.c.i.embedder.EclipseLogger - Copying 2 resources
2022-02-05 16:16:28,898 [Worker-88: Building] WARN  o.e.m.c.i.embedder.EclipseLogger - Using platform encoding (Cp1252 actually) to copy filtered resources, i.e. build is platform dependent!
2022-02-05 16:16:28,899 [Worker-88: Building] INFO  o.e.m.c.i.embedder.EclipseLogger - skip non existing resourceDirectory D:\Documents\QA Engineer\Learn and Teach\JAVA BDD Cucumber Web, Mobile and API Testing\JavaAPITesting\JavaAPITesting\src\main\resources
2022-02-05 16:16:28,900 [Worker-88: Building] WARN  o.e.m.c.i.embedder.EclipseLogger - Using platform encoding (Cp1252 actually) to copy filtered resources, i.e. build is platform dependent!
2022-02-05 16:16:28,901 [Worker-88: Building] INFO  o.e.m.c.i.embedder.EclipseLogger - Copying 1 resource
2022-02-05 16:16:31,664 [Worker-95: Building] WARN  o.e.m.c.i.embedder.EclipseLogger - Using platform encoding (Cp1252 actually) to copy filtered resources, i.e. build is platform dependent!
2022-02-05 16:16:31,664 [Worker-95: Building] INFO  o.e.m.c.i.embedder.EclipseLogger - skip non existing resourceDirectory D:\Documents\QA Engineer\Learn and Teach\JAVA BDD Cucumber Web, Mobile and API Testing\JavaAPITesting\JavaAPITesting\src\main\resources
2022-02-05 16:16:31,665 [Worker-95: Building] WARN  o.e.m.c.i.embedder.EclipseLogger - Using platform encoding (Cp1252 actually) to copy filtered resources, i.e. build is platform dependent!
2022-02-05 16:16:31,666 [Worker-95: Building] INFO  o.e.m.c.i.embedder.EclipseLogger - Copying 1 resource
2022-02-05 16:16:43,867 [Worker-93: Building] WARN  o.e.m.c.i.embedder.EclipseLogger - Using platform encoding (Cp1252 actually) to copy filtered resources, i.e. build is platform dependent!
2022-02-05 16:16:43,868 [Worker-93: Building] INFO  o.e.m.c.i.embedder.EclipseLogger - skip non existing resourceDirectory D:\Documents\QA Engineer\Learn and Teach\JAVA BDD Cucumber Web, Mobile and API Testing\JavaAPITesting\JavaAPITesting\src\main\resources
2022-02-05 16:16:43,900 [Worker-93: Building] WARN  o.e.m.c.i.embedder.EclipseLogger - Using platform encoding (Cp1252 actually) to copy filtered resources, i.e. build is platform dependent!
2022-02-05 16:16:43,901 [Worker-93: Building] INFO  o.e.m.c.i.embedder.EclipseLogger - Copying 1 resource
2022-02-05 16:16:46,407 [Worker-88: Building] WARN  o.e.m.c.i.embedder.EclipseLogger - Using platform encoding (Cp1252 actually) to copy filtered resources, i.e. build is platform dependent!
2022-02-05 16:16:46,408 [Worker-88: Building] INFO  o.e.m.c.i.embedder.EclipseLogger - skip non existing resourceDirectory D:\Documents\QA Engineer\Learn and Teach\JAVA BDD Cucumber Web, Mobile and API Testing\JavaAPITesting\JavaAPITesting\src\main\resources
2022-02-05 16:16:46,409 [Worker-88: Building] WARN  o.e.m.c.i.embedder.EclipseLogger - Using platform encoding (Cp1252 actually) to copy filtered resources, i.e. build is platform dependent!
2022-02-05 16:16:46,410 [Worker-88: Building] INFO  o.e.m.c.i.embedder.EclipseLogger - Copying 1 resource
2022-02-05 16:18:07,792 [Worker-93: Building] WARN  o.e.m.c.i.embedder.EclipseLogger - Using platform encoding (Cp1252 actually) to copy filtered resources, i.e. build is platform dependent!
2022-02-05 16:18:07,793 [Worker-93: Building] INFO  o.e.m.c.i.embedder.EclipseLogger - skip non existing resourceDirectory D:\Documents\QA Engineer\Learn and Teach\JAVA BDD Cucumber Web, Mobile and API Testing\JavaAPITesting\JavaAPITesting\src\main\resources
2022-02-05 16:18:07,794 [Worker-93: Building] WARN  o.e.m.c.i.embedder.EclipseLogger - Using platform encoding (Cp1252 actually) to copy filtered resources, i.e. build is platform dependent!
2022-02-05 16:18:07,796 [Worker-93: Building] INFO  o.e.m.c.i.embedder.EclipseLogger - Copying 6 resources
2022-02-05 16:18:11,389 [Worker-88: Building] WARN  o.e.m.c.i.embedder.EclipseLogger - Using platform encoding (Cp1252 actually) to copy filtered resources, i.e. build is platform dependent!
2022-02-05 16:18:11,390 [Worker-88: Building] INFO  o.e.m.c.i.embedder.EclipseLogger - skip non existing resourceDirectory D:\Documents\QA Engineer\Learn and Teach\JAVA BDD Cucumber Web, Mobile and API Testing\JavaAPITesting\JavaAPITesting\src\main\resources
2022-02-05 16:18:11,391 [Worker-88: Building] WARN  o.e.m.c.i.embedder.EclipseLogger - Using platform encoding (Cp1252 actually) to copy filtered resources, i.e. build is platform dependent!
2022-02-05 16:18:11,393 [Worker-88: Building] INFO  o.e.m.c.i.embedder.EclipseLogger - Copying 6 resources
2022-02-05 16:18:41,999 [Worker-95: Building] WARN  o.e.m.c.i.embedder.EclipseLogger - Using platform encoding (Cp1252 actually) to copy filtered resources, i.e. build is platform dependent!
2022-02-05 16:18:42,000 [Worker-95: Building] INFO  o.e.m.c.i.embedder.EclipseLogger - skip non existing resourceDirectory D:\Documents\QA Engineer\Learn and Teach\JAVA BDD Cucumber Web, Mobile and API Testing\JavaAPITesting\JavaAPITesting\src\main\resources
2022-02-05 16:18:42,001 [Worker-95: Building] WARN  o.e.m.c.i.embedder.EclipseLogger - Using platform encoding (Cp1252 actually) to copy filtered resources, i.e. build is platform dependent!
2022-02-05 16:18:42,002 [Worker-95: Building] INFO  o.e.m.c.i.embedder.EclipseLogger - Copying 6 resources
2022-02-05 16:18:54,419 [Worker-96: Building] WARN  o.e.m.c.i.embedder.EclipseLogger - Using platform encoding (Cp1252 actually) to copy filtered resources, i.e. build is platform dependent!
2022-02-05 16:18:54,419 [Worker-96: Building] INFO  o.e.m.c.i.embedder.EclipseLogger - skip non existing resourceDirectory D:\Documents\QA Engineer\Learn and Teach\JAVA BDD Cucumber Web, Mobile and API Testing\JavaAPITesting\JavaAPITesting\src\main\resources
2022-02-05 16:18:54,420 [Worker-96: Building] WARN  o.e.m.c.i.embedder.EclipseLogger - Using platform encoding (Cp1252 actually) to copy filtered resources, i.e. build is platform dependent!
2022-02-05 16:18:54,422 [Worker-96: Building] INFO  o.e.m.c.i.embedder.EclipseLogger - Copying 6 resources
2022-02-05 16:20:27,059 [Worker-96: Building] WARN  o.e.m.c.i.embedder.EclipseLogger - Using platform encoding (Cp1252 actually) to copy filtered resources, i.e. build is platform dependent!
2022-02-05 16:20:27,060 [Worker-96: Building] INFO  o.e.m.c.i.embedder.EclipseLogger - skip non existing resourceDirectory D:\Documents\QA Engineer\Learn and Teach\JAVA BDD Cucumber Web, Mobile and API Testing\JavaAPITesting\JavaAPITesting\src\main\resources
2022-02-05 16:20:27,061 [Worker-96: Building] WARN  o.e.m.c.i.embedder.EclipseLogger - Using platform encoding (Cp1252 actually) to copy filtered resources, i.e. build is platform dependent!
2022-02-05 16:20:27,062 [Worker-96: Building] INFO  o.e.m.c.i.embedder.EclipseLogger - Copying 1 resource
2022-02-05 16:20:30,006 [Worker-88: Building] WARN  o.e.m.c.i.embedder.EclipseLogger - Using platform encoding (Cp1252 actually) to copy filtered resources, i.e. build is platform dependent!
2022-02-05 16:20:30,006 [Worker-88: Building] INFO  o.e.m.c.i.embedder.EclipseLogger - skip non existing resourceDirectory D:\Documents\QA Engineer\Learn and Teach\JAVA BDD Cucumber Web, Mobile and API Testing\JavaAPITesting\JavaAPITesting\src\main\resources
2022-02-05 16:20:30,007 [Worker-88: Building] WARN  o.e.m.c.i.embedder.EclipseLogger - Using platform encoding (Cp1252 actually) to copy filtered resources, i.e. build is platform dependent!
2022-02-05 16:20:30,008 [Worker-88: Building] INFO  o.e.m.c.i.embedder.EclipseLogger - Copying 1 resource
2022-02-05 16:21:13,709 [Worker-93: Building] WARN  o.e.m.c.i.embedder.EclipseLogger - Using platform encoding (Cp1252 actually) to copy filtered resources, i.e. build is platform dependent!
2022-02-05 16:21:13,709 [Worker-93: Building] INFO  o.e.m.c.i.embedder.EclipseLogger - skip non existing resourceDirectory D:\Documents\QA Engineer\Learn and Teach\JAVA BDD Cucumber Web, Mobile and API Testing\JavaAPITesting\JavaAPITesting\src\main\resources
2022-02-05 16:21:13,710 [Worker-93: Building] WARN  o.e.m.c.i.embedder.EclipseLogger - Using platform encoding (Cp1252 actually) to copy filtered resources, i.e. build is platform dependent!
2022-02-05 16:21:13,711 [Worker-93: Building] INFO  o.e.m.c.i.embedder.EclipseLogger - Copying 1 resource
2022-02-05 16:21:46,486 [Worker-96: Building] WARN  o.e.m.c.i.embedder.EclipseLogger - Using platform encoding (Cp1252 actually) to copy filtered resources, i.e. build is platform dependent!
2022-02-05 16:21:46,487 [Worker-96: Building] INFO  o.e.m.c.i.embedder.EclipseLogger - skip non existing resourceDirectory D:\Documents\QA Engineer\Learn and Teach\JAVA BDD Cucumber Web, Mobile and API Testing\JavaAPITesting\JavaAPITesting\src\main\resources
2022-02-05 16:21:46,487 [Worker-96: Building] WARN  o.e.m.c.i.embedder.EclipseLogger - Using platform encoding (Cp1252 actually) to copy filtered resources, i.e. build is platform dependent!
2022-02-05 16:21:46,488 [Worker-96: Building] INFO  o.e.m.c.i.embedder.EclipseLogger - Copying 1 resource
2022-02-05 16:22:29,982 [Worker-99: Building] WARN  o.e.m.c.i.embedder.EclipseLogger - Using platform encoding (Cp1252 actually) to copy filtered resources, i.e. build is platform dependent!
2022-02-05 16:22:29,983 [Worker-99: Building] INFO  o.e.m.c.i.embedder.EclipseLogger - skip non existing resourceDirectory D:\Documents\QA Engineer\Learn and Teach\JAVA BDD Cucumber Web, Mobile and API Testing\JavaAPITesting\JavaAPITesting\src\main\resources
2022-02-05 16:22:29,984 [Worker-99: Building] WARN  o.e.m.c.i.embedder.EclipseLogger - Using platform encoding (Cp1252 actually) to copy filtered resources, i.e. build is platform dependent!
2022-02-05 16:22:29,985 [Worker-99: Building] INFO  o.e.m.c.i.embedder.EclipseLogger - Copying 1 resource
2022-02-05 16:24:05,578 [Worker-93: Building] WARN  o.e.m.c.i.embedder.EclipseLogger - Using platform encoding (Cp1252 actually) to copy filtered resources, i.e. build is platform dependent!
2022-02-05 16:24:05,579 [Worker-93: Building] INFO  o.e.m.c.i.embedder.EclipseLogger - skip non existing resourceDirectory D:\Documents\QA Engineer\Learn and Teach\JAVA BDD Cucumber Web, Mobile and API Testing\JavaAPITesting\JavaAPITesting\src\main\resources
2022-02-05 16:24:05,581 [Worker-93: Building] WARN  o.e.m.c.i.embedder.EclipseLogger - Using platform encoding (Cp1252 actually) to copy filtered resources, i.e. build is platform dependent!
2022-02-05 16:24:05,582 [Worker-93: Building] INFO  o.e.m.c.i.embedder.EclipseLogger - Copying 7 resources
2022-02-05 20:08:06,209 [Worker-88: Building] WARN  o.e.m.c.i.embedder.EclipseLogger - Using platform encoding (Cp1252 actually) to copy filtered resources, i.e. build is platform dependent!
2022-02-05 20:08:06,211 [Worker-88: Building] INFO  o.e.m.c.i.embedder.EclipseLogger - skip non existing resourceDirectory D:\Documents\QA Engineer\Learn and Teach\JAVA BDD Cucumber Web, Mobile and API Testing\JavaAPITesting\JavaAPITesting\src\main\resources
2022-02-05 20:08:06,212 [Worker-88: Building] WARN  o.e.m.c.i.embedder.EclipseLogger - Using platform encoding (Cp1252 actually) to copy filtered resources, i.e. build is platform dependent!
2022-02-05 20:08:06,213 [Worker-88: Building] INFO  o.e.m.c.i.embedder.EclipseLogger - Copying 0 resource
2022-02-05 20:10:26,833 [Worker-105: Building] WARN  o.e.m.c.i.embedder.EclipseLogger - Using platform encoding (Cp1252 actually) to copy filtered resources, i.e. build is platform dependent!
2022-02-05 20:10:26,833 [Worker-105: Building] INFO  o.e.m.c.i.embedder.EclipseLogger - skip non existing resourceDirectory D:\Documents\QA Engineer\Learn and Teach\JAVA BDD Cucumber Web, Mobile and API Testing\JavaAPITesting\JavaAPITesting\src\main\resources
2022-02-05 20:10:26,836 [Worker-105: Building] WARN  o.e.m.c.i.embedder.EclipseLogger - Using platform encoding (Cp1252 actually) to copy filtered resources, i.e. build is platform dependent!
2022-02-05 20:10:26,840 [Worker-105: Building] INFO  o.e.m.c.i.embedder.EclipseLogger - Copying 0 resource
2022-02-05 20:10:30,682 [Worker-106: Building] WARN  o.e.m.c.i.embedder.EclipseLogger - Using platform encoding (Cp1252 actually) to copy filtered resources, i.e. build is platform dependent!
2022-02-05 20:10:30,685 [Worker-106: Building] INFO  o.e.m.c.i.embedder.EclipseLogger - skip non existing resourceDirectory D:\Documents\QA Engineer\Learn and Teach\JAVA BDD Cucumber Web, Mobile and API Testing\JavaAPITesting\JavaAPITesting\src\main\resources
2022-02-05 20:10:30,689 [Worker-106: Building] WARN  o.e.m.c.i.embedder.EclipseLogger - Using platform encoding (Cp1252 actually) to copy filtered resources, i.e. build is platform dependent!
2022-02-05 20:10:30,693 [Worker-106: Building] INFO  o.e.m.c.i.embedder.EclipseLogger - Copying 2 resources
2022-02-05 20:11:03,367 [Worker-106: Building] WARN  o.e.m.c.i.embedder.EclipseLogger - Using platform encoding (Cp1252 actually) to copy filtered resources, i.e. build is platform dependent!
2022-02-05 20:11:03,368 [Worker-106: Building] INFO  o.e.m.c.i.embedder.EclipseLogger - skip non existing resourceDirectory D:\Documents\QA Engineer\Learn and Teach\JAVA BDD Cucumber Web, Mobile and API Testing\JavaAPITesting\JavaAPITesting\src\main\resources
2022-02-05 20:11:03,369 [Worker-106: Building] WARN  o.e.m.c.i.embedder.EclipseLogger - Using platform encoding (Cp1252 actually) to copy filtered resources, i.e. build is platform dependent!
2022-02-05 20:11:03,371 [Worker-106: Building] INFO  o.e.m.c.i.embedder.EclipseLogger - Copying 7 resources
2022-02-05 20:11:27,762 [Worker-105: Building] WARN  o.e.m.c.i.embedder.EclipseLogger - Using platform encoding (Cp1252 actually) to copy filtered resources, i.e. build is platform dependent!
2022-02-05 20:11:27,765 [Worker-105: Building] INFO  o.e.m.c.i.embedder.EclipseLogger - skip non existing resourceDirectory D:\Documents\QA Engineer\Learn and Teach\JAVA BDD Cucumber Web, Mobile and API Testing\JavaAPITesting\JavaAPITesting\src\main\resources
2022-02-05 20:11:27,766 [Worker-105: Building] WARN  o.e.m.c.i.embedder.EclipseLogger - Using platform encoding (Cp1252 actually) to copy filtered resources, i.e. build is platform dependent!
2022-02-05 20:11:27,768 [Worker-105: Building] INFO  o.e.m.c.i.embedder.EclipseLogger - Copying 7 resources
2022-02-05 20:11:42,487 [Worker-105: Building] WARN  o.e.m.c.i.embedder.EclipseLogger - Using platform encoding (Cp1252 actually) to copy filtered resources, i.e. build is platform dependent!
2022-02-05 20:11:42,488 [Worker-105: Building] INFO  o.e.m.c.i.embedder.EclipseLogger - skip non existing resourceDirectory D:\Documents\QA Engineer\Learn and Teach\JAVA BDD Cucumber Web, Mobile and API Testing\JavaAPITesting\JavaAPITesting\src\main\resources
2022-02-05 20:11:42,491 [Worker-105: Building] WARN  o.e.m.c.i.embedder.EclipseLogger - Using platform encoding (Cp1252 actually) to copy filtered resources, i.e. build is platform dependent!
2022-02-05 20:11:42,495 [Worker-105: Building] INFO  o.e.m.c.i.embedder.EclipseLogger - Copying 7 resources
2022-02-05 20:12:01,236 [Worker-106: Building] WARN  o.e.m.c.i.embedder.EclipseLogger - Using platform encoding (Cp1252 actually) to copy filtered resources, i.e. build is platform dependent!
2022-02-05 20:12:01,237 [Worker-106: Building] INFO  o.e.m.c.i.embedder.EclipseLogger - skip non existing resourceDirectory D:\Documents\QA Engineer\Learn and Teach\JAVA BDD Cucumber Web, Mobile and API Testing\JavaAPITesting\JavaAPITesting\src\main\resources
2022-02-05 20:12:01,239 [Worker-106: Building] WARN  o.e.m.c.i.embedder.EclipseLogger - Using platform encoding (Cp1252 actually) to copy filtered resources, i.e. build is platform dependent!
2022-02-05 20:12:01,242 [Worker-106: Building] INFO  o.e.m.c.i.embedder.EclipseLogger - Copying 7 resources
2022-02-05 20:13:40,889 [Worker-103: Building] WARN  o.e.m.c.i.embedder.EclipseLogger - Using platform encoding (Cp1252 actually) to copy filtered resources, i.e. build is platform dependent!
2022-02-05 20:13:40,890 [Worker-103: Building] INFO  o.e.m.c.i.embedder.EclipseLogger - skip non existing resourceDirectory D:\Documents\QA Engineer\Learn and Teach\JAVA BDD Cucumber Web, Mobile and API Testing\JavaAPITesting\JavaAPITesting\src\main\resources
2022-02-05 20:13:40,894 [Worker-103: Building] WARN  o.e.m.c.i.embedder.EclipseLogger - Using platform encoding (Cp1252 actually) to copy filtered resources, i.e. build is platform dependent!
2022-02-05 20:13:40,896 [Worker-103: Building] INFO  o.e.m.c.i.embedder.EclipseLogger - Copying 7 resources
2022-02-05 20:28:26,603 [Worker-105: Building] WARN  o.e.m.c.i.embedder.EclipseLogger - Using platform encoding (Cp1252 actually) to copy filtered resources, i.e. build is platform dependent!
2022-02-05 20:28:26,603 [Worker-105: Building] INFO  o.e.m.c.i.embedder.EclipseLogger - skip non existing resourceDirectory D:\Documents\QA Engineer\Learn and Teach\JAVA BDD Cucumber Web, Mobile and API Testing\JavaAPITesting\JavaAPITesting\src\main\resources
2022-02-05 20:28:26,605 [Worker-105: Building] WARN  o.e.m.c.i.embedder.EclipseLogger - Using platform encoding (Cp1252 actually) to copy filtered resources, i.e. build is platform dependent!
2022-02-05 20:28:26,607 [Worker-105: Building] INFO  o.e.m.c.i.embedder.EclipseLogger - Copying 7 resources
2022-02-05 20:40:20,924 [Worker-113: Building] WARN  o.e.m.c.i.embedder.EclipseLogger - Using platform encoding (Cp1252 actually) to copy filtered resources, i.e. build is platform dependent!
2022-02-05 20:40:20,924 [Worker-113: Building] INFO  o.e.m.c.i.embedder.EclipseLogger - skip non existing resourceDirectory D:\Documents\QA Engineer\Learn and Teach\JAVA BDD Cucumber Web, Mobile and API Testing\JavaAPITesting\JavaAPITesting\src\main\resources
2022-02-05 20:40:20,925 [Worker-113: Building] WARN  o.e.m.c.i.embedder.EclipseLogger - Using platform encoding (Cp1252 actually) to copy filtered resources, i.e. build is platform dependent!
2022-02-05 20:40:20,927 [Worker-113: Building] INFO  o.e.m.c.i.embedder.EclipseLogger - Copying 7 resources
2022-02-05 20:41:22,736 [Worker-111: Building] WARN  o.e.m.c.i.embedder.EclipseLogger - Using platform encoding (Cp1252 actually) to copy filtered resources, i.e. build is platform dependent!
2022-02-05 20:41:22,737 [Worker-111: Building] INFO  o.e.m.c.i.embedder.EclipseLogger - skip non existing resourceDirectory D:\Documents\QA Engineer\Learn and Teach\JAVA BDD Cucumber Web, Mobile and API Testing\JavaAPITesting\JavaAPITesting\src\main\resources
2022-02-05 20:41:22,738 [Worker-111: Building] WARN  o.e.m.c.i.embedder.EclipseLogger - Using platform encoding (Cp1252 actually) to copy filtered resources, i.e. build is platform dependent!
2022-02-05 20:41:22,739 [Worker-111: Building] INFO  o.e.m.c.i.embedder.EclipseLogger - Copying 7 resources
2022-02-05 20:41:29,884 [Worker-106: Building] WARN  o.e.m.c.i.embedder.EclipseLogger - Using platform encoding (Cp1252 actually) to copy filtered resources, i.e. build is platform dependent!
2022-02-05 20:41:29,884 [Worker-106: Building] INFO  o.e.m.c.i.embedder.EclipseLogger - skip non existing resourceDirectory D:\Documents\QA Engineer\Learn and Teach\JAVA BDD Cucumber Web, Mobile and API Testing\JavaAPITesting\JavaAPITesting\src\main\resources
2022-02-05 20:41:29,885 [Worker-106: Building] WARN  o.e.m.c.i.embedder.EclipseLogger - Using platform encoding (Cp1252 actually) to copy filtered resources, i.e. build is platform dependent!
2022-02-05 20:41:29,886 [Worker-106: Building] INFO  o.e.m.c.i.embedder.EclipseLogger - Copying 7 resources
2022-02-05 20:41:38,313 [Worker-114: Building Workspace] WARN  o.e.m.c.i.embedder.EclipseLogger - Using platform encoding (Cp1252 actually) to copy filtered resources, i.e. build is platform dependent!
2022-02-05 20:41:38,314 [Worker-114: Building Workspace] INFO  o.e.m.c.i.embedder.EclipseLogger - skip non existing resourceDirectory D:\Documents\QA Engineer\Learn and Teach\JAVA BDD Cucumber Web, Mobile and API Testing\JavaAPITesting\JavaAPITesting\src\main\resources
2022-02-05 20:41:38,317 [Worker-114: Building Workspace] WARN  o.e.m.c.i.embedder.EclipseLogger - Using platform encoding (Cp1252 actually) to copy filtered resources, i.e. build is platform dependent!
2022-02-05 20:41:38,320 [Worker-114: Building Workspace] INFO  o.e.m.c.i.embedder.EclipseLogger - Copying 5 resources
2022-02-05 20:42:56,480 [Worker-114: Building] WARN  o.e.m.c.i.embedder.EclipseLogger - Using platform encoding (Cp1252 actually) to copy filtered resources, i.e. build is platform dependent!
2022-02-05 20:42:56,481 [Worker-114: Building] INFO  o.e.m.c.i.embedder.EclipseLogger - skip non existing resourceDirectory D:\Documents\QA Engineer\Learn and Teach\JAVA BDD Cucumber Web, Mobile and API Testing\JavaAPITesting\JavaAPITesting\src\main\resources
2022-02-05 20:42:56,482 [Worker-114: Building] WARN  o.e.m.c.i.embedder.EclipseLogger - Using platform encoding (Cp1252 actually) to copy filtered resources, i.e. build is platform dependent!
2022-02-05 20:42:56,483 [Worker-114: Building] INFO  o.e.m.c.i.embedder.EclipseLogger - Copying 0 resource
2022-02-05 20:44:04,804 [Worker-115: Building] WARN  o.e.m.c.i.embedder.EclipseLogger - Using platform encoding (Cp1252 actually) to copy filtered resources, i.e. build is platform dependent!
2022-02-05 20:44:04,805 [Worker-115: Building] INFO  o.e.m.c.i.embedder.EclipseLogger - skip non existing resourceDirectory D:\Documents\QA Engineer\Learn and Teach\JAVA BDD Cucumber Web, Mobile and API Testing\JavaAPITesting\JavaAPITesting\src\main\resources
2022-02-05 20:44:04,806 [Worker-115: Building] WARN  o.e.m.c.i.embedder.EclipseLogger - Using platform encoding (Cp1252 actually) to copy filtered resources, i.e. build is platform dependent!
2022-02-05 20:44:04,807 [Worker-115: Building] INFO  o.e.m.c.i.embedder.EclipseLogger - Copying 5 resources
2022-02-05 20:44:44,519 [Worker-106: Building] WARN  o.e.m.c.i.embedder.EclipseLogger - Using platform encoding (Cp1252 actually) to copy filtered resources, i.e. build is platform dependent!
2022-02-05 20:44:44,519 [Worker-106: Building] INFO  o.e.m.c.i.embedder.EclipseLogger - skip non existing resourceDirectory D:\Documents\QA Engineer\Learn and Teach\JAVA BDD Cucumber Web, Mobile and API Testing\JavaAPITesting\JavaAPITesting\src\main\resources
2022-02-05 20:44:44,522 [Worker-106: Building] WARN  o.e.m.c.i.embedder.EclipseLogger - Using platform encoding (Cp1252 actually) to copy filtered resources, i.e. build is platform dependent!
2022-02-05 20:44:44,524 [Worker-106: Building] INFO  o.e.m.c.i.embedder.EclipseLogger - Copying 5 resources
2022-02-05 20:46:05,047 [Worker-106: Building] WARN  o.e.m.c.i.embedder.EclipseLogger - Using platform encoding (Cp1252 actually) to copy filtered resources, i.e. build is platform dependent!
2022-02-05 20:46:05,048 [Worker-106: Building] INFO  o.e.m.c.i.embedder.EclipseLogger - skip non existing resourceDirectory D:\Documents\QA Engineer\Learn and Teach\JAVA BDD Cucumber Web, Mobile and API Testing\JavaAPITesting\JavaAPITesting\src\main\resources
2022-02-05 20:46:05,049 [Worker-106: Building] WARN  o.e.m.c.i.embedder.EclipseLogger - Using platform encoding (Cp1252 actually) to copy filtered resources, i.e. build is platform dependent!
2022-02-05 20:46:05,051 [Worker-106: Building] INFO  o.e.m.c.i.embedder.EclipseLogger - Copying 5 resources
2022-02-05 20:46:53,837 [Worker-116: Building] WARN  o.e.m.c.i.embedder.EclipseLogger - Using platform encoding (Cp1252 actually) to copy filtered resources, i.e. build is platform dependent!
2022-02-05 20:46:53,838 [Worker-116: Building] INFO  o.e.m.c.i.embedder.EclipseLogger - skip non existing resourceDirectory D:\Documents\QA Engineer\Learn and Teach\JAVA BDD Cucumber Web, Mobile and API Testing\JavaAPITesting\JavaAPITesting\src\main\resources
2022-02-05 20:46:53,839 [Worker-116: Building] WARN  o.e.m.c.i.embedder.EclipseLogger - Using platform encoding (Cp1252 actually) to copy filtered resources, i.e. build is platform dependent!
2022-02-05 20:46:53,840 [Worker-116: Building] INFO  o.e.m.c.i.embedder.EclipseLogger - Copying 5 resources
2022-02-05 20:47:49,837 [Worker-117: Building] WARN  o.e.m.c.i.embedder.EclipseLogger - Using platform encoding (Cp1252 actually) to copy filtered resources, i.e. build is platform dependent!
2022-02-05 20:47:49,838 [Worker-117: Building] INFO  o.e.m.c.i.embedder.EclipseLogger - skip non existing resourceDirectory D:\Documents\QA Engineer\Learn and Teach\JAVA BDD Cucumber Web, Mobile and API Testing\JavaAPITesting\JavaAPITesting\src\main\resources
2022-02-05 20:47:49,839 [Worker-117: Building] WARN  o.e.m.c.i.embedder.EclipseLogger - Using platform encoding (Cp1252 actually) to copy filtered resources, i.e. build is platform dependent!
2022-02-05 20:47:49,840 [Worker-117: Building] INFO  o.e.m.c.i.embedder.EclipseLogger - Copying 5 resources
2022-02-05 20:48:11,720 [Worker-115: Building] WARN  o.e.m.c.i.embedder.EclipseLogger - Using platform encoding (Cp1252 actually) to copy filtered resources, i.e. build is platform dependent!
2022-02-05 20:48:11,721 [Worker-115: Building] INFO  o.e.m.c.i.embedder.EclipseLogger - skip non existing resourceDirectory D:\Documents\QA Engineer\Learn and Teach\JAVA BDD Cucumber Web, Mobile and API Testing\JavaAPITesting\JavaAPITesting\src\main\resources
2022-02-05 20:48:11,723 [Worker-115: Building] WARN  o.e.m.c.i.embedder.EclipseLogger - Using platform encoding (Cp1252 actually) to copy filtered resources, i.e. build is platform dependent!
2022-02-05 20:48:11,725 [Worker-115: Building] INFO  o.e.m.c.i.embedder.EclipseLogger - Copying 5 resources
2022-02-05 20:48:44,729 [Worker-117: Building] WARN  o.e.m.c.i.embedder.EclipseLogger - Using platform encoding (Cp1252 actually) to copy filtered resources, i.e. build is platform dependent!
2022-02-05 20:48:44,730 [Worker-117: Building] INFO  o.e.m.c.i.embedder.EclipseLogger - skip non existing resourceDirectory D:\Documents\QA Engineer\Learn and Teach\JAVA BDD Cucumber Web, Mobile and API Testing\JavaAPITesting\JavaAPITesting\src\main\resources
2022-02-05 20:48:44,731 [Worker-117: Building] WARN  o.e.m.c.i.embedder.EclipseLogger - Using platform encoding (Cp1252 actually) to copy filtered resources, i.e. build is platform dependent!
2022-02-05 20:48:44,733 [Worker-117: Building] INFO  o.e.m.c.i.embedder.EclipseLogger - Copying 5 resources
2022-02-05 20:49:53,111 [Worker-117: Building] WARN  o.e.m.c.i.embedder.EclipseLogger - Using platform encoding (Cp1252 actually) to copy filtered resources, i.e. build is platform dependent!
2022-02-05 20:49:53,111 [Worker-117: Building] INFO  o.e.m.c.i.embedder.EclipseLogger - skip non existing resourceDirectory D:\Documents\QA Engineer\Learn and Teach\JAVA BDD Cucumber Web, Mobile and API Testing\JavaAPITesting\JavaAPITesting\src\main\resources
2022-02-05 20:49:53,113 [Worker-117: Building] WARN  o.e.m.c.i.embedder.EclipseLogger - Using platform encoding (Cp1252 actually) to copy filtered resources, i.e. build is platform dependent!
2022-02-05 20:49:53,115 [Worker-117: Building] INFO  o.e.m.c.i.embedder.EclipseLogger - Copying 0 resource
2022-02-05 20:50:29,536 [Worker-117: Building] WARN  o.e.m.c.i.embedder.EclipseLogger - Using platform encoding (Cp1252 actually) to copy filtered resources, i.e. build is platform dependent!
2022-02-05 20:50:29,537 [Worker-117: Building] INFO  o.e.m.c.i.embedder.EclipseLogger - skip non existing resourceDirectory D:\Documents\QA Engineer\Learn and Teach\JAVA BDD Cucumber Web, Mobile and API Testing\JavaAPITesting\JavaAPITesting\src\main\resources
2022-02-05 20:50:29,539 [Worker-117: Building] WARN  o.e.m.c.i.embedder.EclipseLogger - Using platform encoding (Cp1252 actually) to copy filtered resources, i.e. build is platform dependent!
2022-02-05 20:50:29,542 [Worker-117: Building] INFO  o.e.m.c.i.embedder.EclipseLogger - Copying 5 resources
2022-02-05 20:50:41,373 [Worker-111: Building] WARN  o.e.m.c.i.embedder.EclipseLogger - Using platform encoding (Cp1252 actually) to copy filtered resources, i.e. build is platform dependent!
2022-02-05 20:50:41,374 [Worker-111: Building] INFO  o.e.m.c.i.embedder.EclipseLogger - skip non existing resourceDirectory D:\Documents\QA Engineer\Learn and Teach\JAVA BDD Cucumber Web, Mobile and API Testing\JavaAPITesting\JavaAPITesting\src\main\resources
2022-02-05 20:50:41,375 [Worker-111: Building] WARN  o.e.m.c.i.embedder.EclipseLogger - Using platform encoding (Cp1252 actually) to copy filtered resources, i.e. build is platform dependent!
2022-02-05 20:50:41,376 [Worker-111: Building] INFO  o.e.m.c.i.embedder.EclipseLogger - Copying 0 resource
2022-02-05 20:50:45,437 [Worker-116: Building] WARN  o.e.m.c.i.embedder.EclipseLogger - Using platform encoding (Cp1252 actually) to copy filtered resources, i.e. build is platform dependent!
2022-02-05 20:50:45,438 [Worker-116: Building] INFO  o.e.m.c.i.embedder.EclipseLogger - skip non existing resourceDirectory D:\Documents\QA Engineer\Learn and Teach\JAVA BDD Cucumber Web, Mobile and API Testing\JavaAPITesting\JavaAPITesting\src\main\resources
2022-02-05 20:50:45,440 [Worker-116: Building] WARN  o.e.m.c.i.embedder.EclipseLogger - Using platform encoding (Cp1252 actually) to copy filtered resources, i.e. build is platform dependent!
2022-02-05 20:50:45,441 [Worker-116: Building] INFO  o.e.m.c.i.embedder.EclipseLogger - skip non existing resourceDirectory D:\Documents\QA Engineer\Learn and Teach\JAVA BDD Cucumber Web, Mobile and API Testing\JavaAPITesting\JavaAPITesting\src\test\resources
2022-02-05 20:51:24,846 [Worker-111: Building] WARN  o.e.m.c.i.embedder.EclipseLogger - Using platform encoding (Cp1252 actually) to copy filtered resources, i.e. build is platform dependent!
2022-02-05 20:51:24,847 [Worker-111: Building] INFO  o.e.m.c.i.embedder.EclipseLogger - skip non existing resourceDirectory D:\Documents\QA Engineer\Learn and Teach\JAVA BDD Cucumber Web, Mobile and API Testing\JavaAPITesting\JavaAPITesting\src\main\resources
2022-02-05 20:51:24,848 [Worker-111: Building] WARN  o.e.m.c.i.embedder.EclipseLogger - Using platform encoding (Cp1252 actually) to copy filtered resources, i.e. build is platform dependent!
2022-02-05 20:51:24,849 [Worker-111: Building] INFO  o.e.m.c.i.embedder.EclipseLogger - skip non existing resourceDirectory D:\Documents\QA Engineer\Learn and Teach\JAVA BDD Cucumber Web, Mobile and API Testing\JavaAPITesting\JavaAPITesting\src\test\resources
2022-02-05 20:54:57,387 [Worker-111: Building] WARN  o.e.m.c.i.embedder.EclipseLogger - Using platform encoding (Cp1252 actually) to copy filtered resources, i.e. build is platform dependent!
2022-02-05 20:54:57,388 [Worker-111: Building] INFO  o.e.m.c.i.embedder.EclipseLogger - skip non existing resourceDirectory D:\Documents\QA Engineer\Learn and Teach\JAVA BDD Cucumber Web, Mobile and API Testing\JavaAPITesting\JavaAPITesting\src\main\resources
2022-02-05 20:54:57,389 [Worker-111: Building] WARN  o.e.m.c.i.embedder.EclipseLogger - Using platform encoding (Cp1252 actually) to copy filtered resources, i.e. build is platform dependent!
2022-02-05 20:54:57,390 [Worker-111: Building] INFO  o.e.m.c.i.embedder.EclipseLogger - skip non existing resourceDirectory D:\Documents\QA Engineer\Learn and Teach\JAVA BDD Cucumber Web, Mobile and API Testing\JavaAPITesting\JavaAPITesting\src\test\resources
2022-02-05 20:55:32,722 [Worker-119: Building] WARN  o.e.m.c.i.embedder.EclipseLogger - Using platform encoding (Cp1252 actually) to copy filtered resources, i.e. build is platform dependent!
2022-02-05 20:55:32,722 [Worker-119: Building] INFO  o.e.m.c.i.embedder.EclipseLogger - skip non existing resourceDirectory D:\Documents\QA Engineer\Learn and Teach\JAVA BDD Cucumber Web, Mobile and API Testing\JavaAPITesting\JavaAPITesting\src\main\resources
2022-02-05 20:55:32,723 [Worker-119: Building] WARN  o.e.m.c.i.embedder.EclipseLogger - Using platform encoding (Cp1252 actually) to copy filtered resources, i.e. build is platform dependent!
2022-02-05 20:55:32,724 [Worker-119: Building] INFO  o.e.m.c.i.embedder.EclipseLogger - skip non existing resourceDirectory D:\Documents\QA Engineer\Learn and Teach\JAVA BDD Cucumber Web, Mobile and API Testing\JavaAPITesting\JavaAPITesting\src\test\resources
2022-02-05 20:55:54,741 [Worker-121: Building] WARN  o.e.m.c.i.embedder.EclipseLogger - Using platform encoding (Cp1252 actually) to copy filtered resources, i.e. build is platform dependent!
2022-02-05 20:55:54,741 [Worker-121: Building] INFO  o.e.m.c.i.embedder.EclipseLogger - skip non existing resourceDirectory D:\Documents\QA Engineer\Learn and Teach\JAVA BDD Cucumber Web, Mobile and API Testing\JavaAPITesting\JavaAPITesting\src\main\resources
2022-02-05 20:55:54,742 [Worker-121: Building] WARN  o.e.m.c.i.embedder.EclipseLogger - Using platform encoding (Cp1252 actually) to copy filtered resources, i.e. build is platform dependent!
2022-02-05 20:55:54,743 [Worker-121: Building] INFO  o.e.m.c.i.embedder.EclipseLogger - skip non existing resourceDirectory D:\Documents\QA Engineer\Learn and Teach\JAVA BDD Cucumber Web, Mobile and API Testing\JavaAPITesting\JavaAPITesting\src\test\resources
2022-02-05 20:56:11,143 [Worker-117: Building] WARN  o.e.m.c.i.embedder.EclipseLogger - Using platform encoding (Cp1252 actually) to copy filtered resources, i.e. build is platform dependent!
2022-02-05 20:56:11,148 [Worker-117: Building] INFO  o.e.m.c.i.embedder.EclipseLogger - skip non existing resourceDirectory D:\Documents\QA Engineer\Learn and Teach\JAVA BDD Cucumber Web, Mobile and API Testing\JavaAPITesting\JavaAPITesting\src\main\resources
2022-02-05 20:56:11,151 [Worker-117: Building] WARN  o.e.m.c.i.embedder.EclipseLogger - Using platform encoding (Cp1252 actually) to copy filtered resources, i.e. build is platform dependent!
2022-02-05 20:56:11,152 [Worker-117: Building] INFO  o.e.m.c.i.embedder.EclipseLogger - skip non existing resourceDirectory D:\Documents\QA Engineer\Learn and Teach\JAVA BDD Cucumber Web, Mobile and API Testing\JavaAPITesting\JavaAPITesting\src\test\resources
2022-02-05 20:56:52,029 [Worker-117: Building] WARN  o.e.m.c.i.embedder.EclipseLogger - Using platform encoding (Cp1252 actually) to copy filtered resources, i.e. build is platform dependent!
2022-02-05 20:56:52,030 [Worker-117: Building] INFO  o.e.m.c.i.embedder.EclipseLogger - skip non existing resourceDirectory D:\Documents\QA Engineer\Learn and Teach\JAVA BDD Cucumber Web, Mobile and API Testing\JavaAPITesting\JavaAPITesting\src\main\resources
2022-02-05 20:56:52,031 [Worker-117: Building] WARN  o.e.m.c.i.embedder.EclipseLogger - Using platform encoding (Cp1252 actually) to copy filtered resources, i.e. build is platform dependent!
2022-02-05 20:56:52,032 [Worker-117: Building] INFO  o.e.m.c.i.embedder.EclipseLogger - skip non existing resourceDirectory D:\Documents\QA Engineer\Learn and Teach\JAVA BDD Cucumber Web, Mobile and API Testing\JavaAPITesting\JavaAPITesting\src\test\resources
2022-02-05 20:56:57,968 [Worker-117: Building] WARN  o.e.m.c.i.embedder.EclipseLogger - Using platform encoding (Cp1252 actually) to copy filtered resources, i.e. build is platform dependent!
2022-02-05 20:56:57,969 [Worker-117: Building] INFO  o.e.m.c.i.embedder.EclipseLogger - skip non existing resourceDirectory D:\Documents\QA Engineer\Learn and Teach\JAVA BDD Cucumber Web, Mobile and API Testing\JavaAPITesting\JavaAPITesting\src\main\resources
2022-02-05 20:56:57,970 [Worker-117: Building] WARN  o.e.m.c.i.embedder.EclipseLogger - Using platform encoding (Cp1252 actually) to copy filtered resources, i.e. build is platform dependent!
2022-02-05 20:56:57,971 [Worker-117: Building] INFO  o.e.m.c.i.embedder.EclipseLogger - skip non existing resourceDirectory D:\Documents\QA Engineer\Learn and Teach\JAVA BDD Cucumber Web, Mobile and API Testing\JavaAPITesting\JavaAPITesting\src\test\resources
2022-02-05 20:57:27,057 [Worker-119: Building] WARN  o.e.m.c.i.embedder.EclipseLogger - Using platform encoding (Cp1252 actually) to copy filtered resources, i.e. build is platform dependent!
2022-02-05 20:57:27,057 [Worker-119: Building] INFO  o.e.m.c.i.embedder.EclipseLogger - skip non existing resourceDirectory D:\Documents\QA Engineer\Learn and Teach\JAVA BDD Cucumber Web, Mobile and API Testing\JavaAPITesting\JavaAPITesting\src\main\resources
2022-02-05 20:57:27,058 [Worker-119: Building] WARN  o.e.m.c.i.embedder.EclipseLogger - Using platform encoding (Cp1252 actually) to copy filtered resources, i.e. build is platform dependent!
2022-02-05 20:57:27,059 [Worker-119: Building] INFO  o.e.m.c.i.embedder.EclipseLogger - skip non existing resourceDirectory D:\Documents\QA Engineer\Learn and Teach\JAVA BDD Cucumber Web, Mobile and API Testing\JavaAPITesting\JavaAPITesting\src\test\resources
2022-02-05 20:57:38,181 [Worker-119: Building] WARN  o.e.m.c.i.embedder.EclipseLogger - Using platform encoding (Cp1252 actually) to copy filtered resources, i.e. build is platform dependent!
2022-02-05 20:57:38,181 [Worker-119: Building] INFO  o.e.m.c.i.embedder.EclipseLogger - skip non existing resourceDirectory D:\Documents\QA Engineer\Learn and Teach\JAVA BDD Cucumber Web, Mobile and API Testing\JavaAPITesting\JavaAPITesting\src\main\resources
2022-02-05 20:57:38,182 [Worker-119: Building] WARN  o.e.m.c.i.embedder.EclipseLogger - Using platform encoding (Cp1252 actually) to copy filtered resources, i.e. build is platform dependent!
2022-02-05 20:57:38,183 [Worker-119: Building] INFO  o.e.m.c.i.embedder.EclipseLogger - skip non existing resourceDirectory D:\Documents\QA Engineer\Learn and Teach\JAVA BDD Cucumber Web, Mobile and API Testing\JavaAPITesting\JavaAPITesting\src\test\resources
2022-02-05 20:58:32,473 [Worker-121: Building] WARN  o.e.m.c.i.embedder.EclipseLogger - Using platform encoding (Cp1252 actually) to copy filtered resources, i.e. build is platform dependent!
2022-02-05 20:58:32,474 [Worker-121: Building] INFO  o.e.m.c.i.embedder.EclipseLogger - skip non existing resourceDirectory D:\Documents\QA Engineer\Learn and Teach\JAVA BDD Cucumber Web, Mobile and API Testing\JavaAPITesting\JavaAPITesting\src\main\resources
2022-02-05 20:58:32,475 [Worker-121: Building] WARN  o.e.m.c.i.embedder.EclipseLogger - Using platform encoding (Cp1252 actually) to copy filtered resources, i.e. build is platform dependent!
2022-02-05 20:58:32,476 [Worker-121: Building] INFO  o.e.m.c.i.embedder.EclipseLogger - skip non existing resourceDirectory D:\Documents\QA Engineer\Learn and Teach\JAVA BDD Cucumber Web, Mobile and API Testing\JavaAPITesting\JavaAPITesting\src\test\resources
2022-02-05 20:58:55,885 [Worker-117: Building] WARN  o.e.m.c.i.embedder.EclipseLogger - Using platform encoding (Cp1252 actually) to copy filtered resources, i.e. build is platform dependent!
2022-02-05 20:58:55,885 [Worker-117: Building] INFO  o.e.m.c.i.embedder.EclipseLogger - skip non existing resourceDirectory D:\Documents\QA Engineer\Learn and Teach\JAVA BDD Cucumber Web, Mobile and API Testing\JavaAPITesting\JavaAPITesting\src\main\resources
2022-02-05 20:58:55,886 [Worker-117: Building] WARN  o.e.m.c.i.embedder.EclipseLogger - Using platform encoding (Cp1252 actually) to copy filtered resources, i.e. build is platform dependent!
2022-02-05 20:58:55,887 [Worker-117: Building] INFO  o.e.m.c.i.embedder.EclipseLogger - skip non existing resourceDirectory D:\Documents\QA Engineer\Learn and Teach\JAVA BDD Cucumber Web, Mobile and API Testing\JavaAPITesting\JavaAPITesting\src\test\resources
2022-02-05 20:59:09,679 [Worker-119: Building] WARN  o.e.m.c.i.embedder.EclipseLogger - Using platform encoding (Cp1252 actually) to copy filtered resources, i.e. build is platform dependent!
2022-02-05 20:59:09,680 [Worker-119: Building] INFO  o.e.m.c.i.embedder.EclipseLogger - skip non existing resourceDirectory D:\Documents\QA Engineer\Learn and Teach\JAVA BDD Cucumber Web, Mobile and API Testing\JavaAPITesting\JavaAPITesting\src\main\resources
2022-02-05 20:59:09,681 [Worker-119: Building] WARN  o.e.m.c.i.embedder.EclipseLogger - Using platform encoding (Cp1252 actually) to copy filtered resources, i.e. build is platform dependent!
2022-02-05 20:59:09,681 [Worker-119: Building] INFO  o.e.m.c.i.embedder.EclipseLogger - skip non existing resourceDirectory D:\Documents\QA Engineer\Learn and Teach\JAVA BDD Cucumber Web, Mobile and API Testing\JavaAPITesting\JavaAPITesting\src\test\resources
2022-02-05 20:59:23,995 [Worker-120: Building] WARN  o.e.m.c.i.embedder.EclipseLogger - Using platform encoding (Cp1252 actually) to copy filtered resources, i.e. build is platform dependent!
2022-02-05 20:59:23,996 [Worker-120: Building] INFO  o.e.m.c.i.embedder.EclipseLogger - skip non existing resourceDirectory D:\Documents\QA Engineer\Learn and Teach\JAVA BDD Cucumber Web, Mobile and API Testing\JavaAPITesting\JavaAPITesting\src\main\resources
2022-02-05 20:59:23,997 [Worker-120: Building] WARN  o.e.m.c.i.embedder.EclipseLogger - Using platform encoding (Cp1252 actually) to copy filtered resources, i.e. build is platform dependent!
2022-02-05 20:59:23,998 [Worker-120: Building] INFO  o.e.m.c.i.embedder.EclipseLogger - skip non existing resourceDirectory D:\Documents\QA Engineer\Learn and Teach\JAVA BDD Cucumber Web, Mobile and API Testing\JavaAPITesting\JavaAPITesting\src\test\resources
2022-02-05 20:59:41,883 [Worker-119: Building] WARN  o.e.m.c.i.embedder.EclipseLogger - Using platform encoding (Cp1252 actually) to copy filtered resources, i.e. build is platform dependent!
2022-02-05 20:59:41,884 [Worker-119: Building] INFO  o.e.m.c.i.embedder.EclipseLogger - skip non existing resourceDirectory D:\Documents\QA Engineer\Learn and Teach\JAVA BDD Cucumber Web, Mobile and API Testing\JavaAPITesting\JavaAPITesting\src\main\resources
2022-02-05 20:59:41,885 [Worker-119: Building] WARN  o.e.m.c.i.embedder.EclipseLogger - Using platform encoding (Cp1252 actually) to copy filtered resources, i.e. build is platform dependent!
2022-02-05 20:59:41,885 [Worker-119: Building] INFO  o.e.m.c.i.embedder.EclipseLogger - skip non existing resourceDirectory D:\Documents\QA Engineer\Learn and Teach\JAVA BDD Cucumber Web, Mobile and API Testing\JavaAPITesting\JavaAPITesting\src\test\resources
2022-02-05 21:00:47,161 [Worker-117: Building] WARN  o.e.m.c.i.embedder.EclipseLogger - Using platform encoding (Cp1252 actually) to copy filtered resources, i.e. build is platform dependent!
2022-02-05 21:00:47,161 [Worker-117: Building] INFO  o.e.m.c.i.embedder.EclipseLogger - skip non existing resourceDirectory D:\Documents\QA Engineer\Learn and Teach\JAVA BDD Cucumber Web, Mobile and API Testing\JavaAPITesting\JavaAPITesting\src\main\resources
2022-02-05 21:00:47,162 [Worker-117: Building] WARN  o.e.m.c.i.embedder.EclipseLogger - Using platform encoding (Cp1252 actually) to copy filtered resources, i.e. build is platform dependent!
2022-02-05 21:00:47,163 [Worker-117: Building] INFO  o.e.m.c.i.embedder.EclipseLogger - skip non existing resourceDirectory D:\Documents\QA Engineer\Learn and Teach\JAVA BDD Cucumber Web, Mobile and API Testing\JavaAPITesting\JavaAPITesting\src\test\resources
2022-02-05 21:01:11,048 [Worker-122: Building] WARN  o.e.m.c.i.embedder.EclipseLogger - Using platform encoding (Cp1252 actually) to copy filtered resources, i.e. build is platform dependent!
2022-02-05 21:01:11,049 [Worker-122: Building] INFO  o.e.m.c.i.embedder.EclipseLogger - skip non existing resourceDirectory D:\Documents\QA Engineer\Learn and Teach\JAVA BDD Cucumber Web, Mobile and API Testing\JavaAPITesting\JavaAPITesting\src\main\resources
2022-02-05 21:01:11,050 [Worker-122: Building] WARN  o.e.m.c.i.embedder.EclipseLogger - Using platform encoding (Cp1252 actually) to copy filtered resources, i.e. build is platform dependent!
2022-02-05 21:01:11,051 [Worker-122: Building] INFO  o.e.m.c.i.embedder.EclipseLogger - skip non existing resourceDirectory D:\Documents\QA Engineer\Learn and Teach\JAVA BDD Cucumber Web, Mobile and API Testing\JavaAPITesting\JavaAPITesting\src\test\resources
2022-02-05 21:02:13,676 [Worker-111: Building] WARN  o.e.m.c.i.embedder.EclipseLogger - Using platform encoding (Cp1252 actually) to copy filtered resources, i.e. build is platform dependent!
2022-02-05 21:02:13,677 [Worker-111: Building] INFO  o.e.m.c.i.embedder.EclipseLogger - skip non existing resourceDirectory D:\Documents\QA Engineer\Learn and Teach\JAVA BDD Cucumber Web, Mobile and API Testing\JavaAPITesting\JavaAPITesting\src\main\resources
2022-02-05 21:02:13,678 [Worker-111: Building] WARN  o.e.m.c.i.embedder.EclipseLogger - Using platform encoding (Cp1252 actually) to copy filtered resources, i.e. build is platform dependent!
2022-02-05 21:02:13,678 [Worker-111: Building] INFO  o.e.m.c.i.embedder.EclipseLogger - skip non existing resourceDirectory D:\Documents\QA Engineer\Learn and Teach\JAVA BDD Cucumber Web, Mobile and API Testing\JavaAPITesting\JavaAPITesting\src\test\resources
2022-02-05 21:02:38,849 [Worker-111: Building] WARN  o.e.m.c.i.embedder.EclipseLogger - Using platform encoding (Cp1252 actually) to copy filtered resources, i.e. build is platform dependent!
2022-02-05 21:02:38,850 [Worker-111: Building] INFO  o.e.m.c.i.embedder.EclipseLogger - skip non existing resourceDirectory D:\Documents\QA Engineer\Learn and Teach\JAVA BDD Cucumber Web, Mobile and API Testing\JavaAPITesting\JavaAPITesting\src\main\resources
2022-02-05 21:02:38,851 [Worker-111: Building] WARN  o.e.m.c.i.embedder.EclipseLogger - Using platform encoding (Cp1252 actually) to copy filtered resources, i.e. build is platform dependent!
2022-02-05 21:02:38,852 [Worker-111: Building] INFO  o.e.m.c.i.embedder.EclipseLogger - skip non existing resourceDirectory D:\Documents\QA Engineer\Learn and Teach\JAVA BDD Cucumber Web, Mobile and API Testing\JavaAPITesting\JavaAPITesting\src\test\resources
2022-02-05 21:02:46,895 [Worker-120: Building] WARN  o.e.m.c.i.embedder.EclipseLogger - Using platform encoding (Cp1252 actually) to copy filtered resources, i.e. build is platform dependent!
2022-02-05 21:02:46,895 [Worker-120: Building] INFO  o.e.m.c.i.embedder.EclipseLogger - skip non existing resourceDirectory D:\Documents\QA Engineer\Learn and Teach\JAVA BDD Cucumber Web, Mobile and API Testing\JavaAPITesting\JavaAPITesting\src\main\resources
2022-02-05 21:02:46,896 [Worker-120: Building] WARN  o.e.m.c.i.embedder.EclipseLogger - Using platform encoding (Cp1252 actually) to copy filtered resources, i.e. build is platform dependent!
2022-02-05 21:02:46,896 [Worker-120: Building] INFO  o.e.m.c.i.embedder.EclipseLogger - skip non existing resourceDirectory D:\Documents\QA Engineer\Learn and Teach\JAVA BDD Cucumber Web, Mobile and API Testing\JavaAPITesting\JavaAPITesting\src\test\resources
2022-02-05 21:02:49,603 [Worker-117: Building] WARN  o.e.m.c.i.embedder.EclipseLogger - Using platform encoding (Cp1252 actually) to copy filtered resources, i.e. build is platform dependent!
2022-02-05 21:02:49,603 [Worker-117: Building] INFO  o.e.m.c.i.embedder.EclipseLogger - skip non existing resourceDirectory D:\Documents\QA Engineer\Learn and Teach\JAVA BDD Cucumber Web, Mobile and API Testing\JavaAPITesting\JavaAPITesting\src\main\resources
2022-02-05 21:02:49,604 [Worker-117: Building] WARN  o.e.m.c.i.embedder.EclipseLogger - Using platform encoding (Cp1252 actually) to copy filtered resources, i.e. build is platform dependent!
2022-02-05 21:02:49,605 [Worker-117: Building] INFO  o.e.m.c.i.embedder.EclipseLogger - skip non existing resourceDirectory D:\Documents\QA Engineer\Learn and Teach\JAVA BDD Cucumber Web, Mobile and API Testing\JavaAPITesting\JavaAPITesting\src\test\resources
2022-02-05 21:03:10,491 [Worker-122: Building] WARN  o.e.m.c.i.embedder.EclipseLogger - Using platform encoding (Cp1252 actually) to copy filtered resources, i.e. build is platform dependent!
2022-02-05 21:03:10,492 [Worker-122: Building] INFO  o.e.m.c.i.embedder.EclipseLogger - skip non existing resourceDirectory D:\Documents\QA Engineer\Learn and Teach\JAVA BDD Cucumber Web, Mobile and API Testing\JavaAPITesting\JavaAPITesting\src\main\resources
2022-02-05 21:03:10,493 [Worker-122: Building] WARN  o.e.m.c.i.embedder.EclipseLogger - Using platform encoding (Cp1252 actually) to copy filtered resources, i.e. build is platform dependent!
2022-02-05 21:03:10,494 [Worker-122: Building] INFO  o.e.m.c.i.embedder.EclipseLogger - skip non existing resourceDirectory D:\Documents\QA Engineer\Learn and Teach\JAVA BDD Cucumber Web, Mobile and API Testing\JavaAPITesting\JavaAPITesting\src\test\resources
2022-02-05 21:03:30,259 [Worker-122: Building] WARN  o.e.m.c.i.embedder.EclipseLogger - Using platform encoding (Cp1252 actually) to copy filtered resources, i.e. build is platform dependent!
2022-02-05 21:03:30,259 [Worker-122: Building] INFO  o.e.m.c.i.embedder.EclipseLogger - skip non existing resourceDirectory D:\Documents\QA Engineer\Learn and Teach\JAVA BDD Cucumber Web, Mobile and API Testing\JavaAPITesting\JavaAPITesting\src\main\resources
2022-02-05 21:03:30,260 [Worker-122: Building] WARN  o.e.m.c.i.embedder.EclipseLogger - Using platform encoding (Cp1252 actually) to copy filtered resources, i.e. build is platform dependent!
2022-02-05 21:03:30,260 [Worker-122: Building] INFO  o.e.m.c.i.embedder.EclipseLogger - skip non existing resourceDirectory D:\Documents\QA Engineer\Learn and Teach\JAVA BDD Cucumber Web, Mobile and API Testing\JavaAPITesting\JavaAPITesting\src\test\resources
2022-02-05 21:03:41,878 [Worker-111: Building] WARN  o.e.m.c.i.embedder.EclipseLogger - Using platform encoding (Cp1252 actually) to copy filtered resources, i.e. build is platform dependent!
2022-02-05 21:03:41,879 [Worker-111: Building] INFO  o.e.m.c.i.embedder.EclipseLogger - skip non existing resourceDirectory D:\Documents\QA Engineer\Learn and Teach\JAVA BDD Cucumber Web, Mobile and API Testing\JavaAPITesting\JavaAPITesting\src\main\resources
2022-02-05 21:03:41,880 [Worker-111: Building] WARN  o.e.m.c.i.embedder.EclipseLogger - Using platform encoding (Cp1252 actually) to copy filtered resources, i.e. build is platform dependent!
2022-02-05 21:03:41,880 [Worker-111: Building] INFO  o.e.m.c.i.embedder.EclipseLogger - skip non existing resourceDirectory D:\Documents\QA Engineer\Learn and Teach\JAVA BDD Cucumber Web, Mobile and API Testing\JavaAPITesting\JavaAPITesting\src\test\resources
2022-02-05 21:03:48,514 [Worker-111: Building] WARN  o.e.m.c.i.embedder.EclipseLogger - Using platform encoding (Cp1252 actually) to copy filtered resources, i.e. build is platform dependent!
2022-02-05 21:03:48,514 [Worker-111: Building] INFO  o.e.m.c.i.embedder.EclipseLogger - skip non existing resourceDirectory D:\Documents\QA Engineer\Learn and Teach\JAVA BDD Cucumber Web, Mobile and API Testing\JavaAPITesting\JavaAPITesting\src\main\resources
2022-02-05 21:03:48,515 [Worker-111: Building] WARN  o.e.m.c.i.embedder.EclipseLogger - Using platform encoding (Cp1252 actually) to copy filtered resources, i.e. build is platform dependent!
2022-02-05 21:03:48,516 [Worker-111: Building] INFO  o.e.m.c.i.embedder.EclipseLogger - skip non existing resourceDirectory D:\Documents\QA Engineer\Learn and Teach\JAVA BDD Cucumber Web, Mobile and API Testing\JavaAPITesting\JavaAPITesting\src\test\resources
2022-02-05 21:05:23,242 [Worker-119: Building] WARN  o.e.m.c.i.embedder.EclipseLogger - Using platform encoding (Cp1252 actually) to copy filtered resources, i.e. build is platform dependent!
2022-02-05 21:05:23,242 [Worker-119: Building] INFO  o.e.m.c.i.embedder.EclipseLogger - skip non existing resourceDirectory D:\Documents\QA Engineer\Learn and Teach\JAVA BDD Cucumber Web, Mobile and API Testing\JavaAPITesting\JavaAPITesting\src\main\resources
2022-02-05 21:05:23,243 [Worker-119: Building] WARN  o.e.m.c.i.embedder.EclipseLogger - Using platform encoding (Cp1252 actually) to copy filtered resources, i.e. build is platform dependent!
2022-02-05 21:05:23,244 [Worker-119: Building] INFO  o.e.m.c.i.embedder.EclipseLogger - skip non existing resourceDirectory D:\Documents\QA Engineer\Learn and Teach\JAVA BDD Cucumber Web, Mobile and API Testing\JavaAPITesting\JavaAPITesting\src\test\resources
2022-02-05 21:05:29,822 [Worker-121: Building] WARN  o.e.m.c.i.embedder.EclipseLogger - Using platform encoding (Cp1252 actually) to copy filtered resources, i.e. build is platform dependent!
2022-02-05 21:05:29,822 [Worker-121: Building] INFO  o.e.m.c.i.embedder.EclipseLogger - skip non existing resourceDirectory D:\Documents\QA Engineer\Learn and Teach\JAVA BDD Cucumber Web, Mobile and API Testing\JavaAPITesting\JavaAPITesting\src\main\resources
2022-02-05 21:05:29,823 [Worker-121: Building] WARN  o.e.m.c.i.embedder.EclipseLogger - Using platform encoding (Cp1252 actually) to copy filtered resources, i.e. build is platform dependent!
2022-02-05 21:05:29,824 [Worker-121: Building] INFO  o.e.m.c.i.embedder.EclipseLogger - skip non existing resourceDirectory D:\Documents\QA Engineer\Learn and Teach\JAVA BDD Cucumber Web, Mobile and API Testing\JavaAPITesting\JavaAPITesting\src\test\resources
2022-02-05 21:05:36,057 [Worker-119: Building] WARN  o.e.m.c.i.embedder.EclipseLogger - Using platform encoding (Cp1252 actually) to copy filtered resources, i.e. build is platform dependent!
2022-02-05 21:05:36,057 [Worker-119: Building] INFO  o.e.m.c.i.embedder.EclipseLogger - skip non existing resourceDirectory D:\Documents\QA Engineer\Learn and Teach\JAVA BDD Cucumber Web, Mobile and API Testing\JavaAPITesting\JavaAPITesting\src\main\resources
2022-02-05 21:05:36,058 [Worker-119: Building] WARN  o.e.m.c.i.embedder.EclipseLogger - Using platform encoding (Cp1252 actually) to copy filtered resources, i.e. build is platform dependent!
2022-02-05 21:05:36,058 [Worker-119: Building] INFO  o.e.m.c.i.embedder.EclipseLogger - skip non existing resourceDirectory D:\Documents\QA Engineer\Learn and Teach\JAVA BDD Cucumber Web, Mobile and API Testing\JavaAPITesting\JavaAPITesting\src\test\resources
2022-02-05 21:06:15,745 [Worker-111: Building] WARN  o.e.m.c.i.embedder.EclipseLogger - Using platform encoding (Cp1252 actually) to copy filtered resources, i.e. build is platform dependent!
2022-02-05 21:06:15,746 [Worker-111: Building] INFO  o.e.m.c.i.embedder.EclipseLogger - skip non existing resourceDirectory D:\Documents\QA Engineer\Learn and Teach\JAVA BDD Cucumber Web, Mobile and API Testing\JavaAPITesting\JavaAPITesting\src\main\resources
2022-02-05 21:06:15,747 [Worker-111: Building] WARN  o.e.m.c.i.embedder.EclipseLogger - Using platform encoding (Cp1252 actually) to copy filtered resources, i.e. build is platform dependent!
2022-02-05 21:06:15,747 [Worker-111: Building] INFO  o.e.m.c.i.embedder.EclipseLogger - skip non existing resourceDirectory D:\Documents\QA Engineer\Learn and Teach\JAVA BDD Cucumber Web, Mobile and API Testing\JavaAPITesting\JavaAPITesting\src\test\resources
2022-02-05 21:06:54,841 [Worker-123: Building] WARN  o.e.m.c.i.embedder.EclipseLogger - Using platform encoding (Cp1252 actually) to copy filtered resources, i.e. build is platform dependent!
2022-02-05 21:06:54,841 [Worker-123: Building] INFO  o.e.m.c.i.embedder.EclipseLogger - skip non existing resourceDirectory D:\Documents\QA Engineer\Learn and Teach\JAVA BDD Cucumber Web, Mobile and API Testing\JavaAPITesting\JavaAPITesting\src\main\resources
2022-02-05 21:06:54,842 [Worker-123: Building] WARN  o.e.m.c.i.embedder.EclipseLogger - Using platform encoding (Cp1252 actually) to copy filtered resources, i.e. build is platform dependent!
2022-02-05 21:06:54,842 [Worker-123: Building] INFO  o.e.m.c.i.embedder.EclipseLogger - skip non existing resourceDirectory D:\Documents\QA Engineer\Learn and Teach\JAVA BDD Cucumber Web, Mobile and API Testing\JavaAPITesting\JavaAPITesting\src\test\resources
2022-02-05 21:07:03,503 [Worker-121: Building] WARN  o.e.m.c.i.embedder.EclipseLogger - Using platform encoding (Cp1252 actually) to copy filtered resources, i.e. build is platform dependent!
2022-02-05 21:07:03,503 [Worker-121: Building] INFO  o.e.m.c.i.embedder.EclipseLogger - skip non existing resourceDirectory D:\Documents\QA Engineer\Learn and Teach\JAVA BDD Cucumber Web, Mobile and API Testing\JavaAPITesting\JavaAPITesting\src\main\resources
2022-02-05 21:07:03,504 [Worker-121: Building] WARN  o.e.m.c.i.embedder.EclipseLogger - Using platform encoding (Cp1252 actually) to copy filtered resources, i.e. build is platform dependent!
2022-02-05 21:07:03,505 [Worker-121: Building] INFO  o.e.m.c.i.embedder.EclipseLogger - skip non existing resourceDirectory D:\Documents\QA Engineer\Learn and Teach\JAVA BDD Cucumber Web, Mobile and API Testing\JavaAPITesting\JavaAPITesting\src\test\resources
2022-02-05 21:07:24,341 [Worker-121: Building] WARN  o.e.m.c.i.embedder.EclipseLogger - Using platform encoding (Cp1252 actually) to copy filtered resources, i.e. build is platform dependent!
2022-02-05 21:07:24,342 [Worker-121: Building] INFO  o.e.m.c.i.embedder.EclipseLogger - skip non existing resourceDirectory D:\Documents\QA Engineer\Learn and Teach\JAVA BDD Cucumber Web, Mobile and API Testing\JavaAPITesting\JavaAPITesting\src\main\resources
2022-02-05 21:07:24,343 [Worker-121: Building] WARN  o.e.m.c.i.embedder.EclipseLogger - Using platform encoding (Cp1252 actually) to copy filtered resources, i.e. build is platform dependent!
2022-02-05 21:07:24,344 [Worker-121: Building] INFO  o.e.m.c.i.embedder.EclipseLogger - skip non existing resourceDirectory D:\Documents\QA Engineer\Learn and Teach\JAVA BDD Cucumber Web, Mobile and API Testing\JavaAPITesting\JavaAPITesting\src\test\resources
2022-02-05 21:08:15,481 [Worker-122: Building] WARN  o.e.m.c.i.embedder.EclipseLogger - Using platform encoding (Cp1252 actually) to copy filtered resources, i.e. build is platform dependent!
2022-02-05 21:08:15,482 [Worker-122: Building] INFO  o.e.m.c.i.embedder.EclipseLogger - skip non existing resourceDirectory D:\Documents\QA Engineer\Learn and Teach\JAVA BDD Cucumber Web, Mobile and API Testing\JavaAPITesting\JavaAPITesting\src\main\resources
2022-02-05 21:08:15,483 [Worker-122: Building] WARN  o.e.m.c.i.embedder.EclipseLogger - Using platform encoding (Cp1252 actually) to copy filtered resources, i.e. build is platform dependent!
2022-02-05 21:08:15,484 [Worker-122: Building] INFO  o.e.m.c.i.embedder.EclipseLogger - skip non existing resourceDirectory D:\Documents\QA Engineer\Learn and Teach\JAVA BDD Cucumber Web, Mobile and API Testing\JavaAPITesting\JavaAPITesting\src\test\resources
2022-02-05 21:08:19,284 [Worker-120: Building] WARN  o.e.m.c.i.embedder.EclipseLogger - Using platform encoding (Cp1252 actually) to copy filtered resources, i.e. build is platform dependent!
2022-02-05 21:08:19,285 [Worker-120: Building] INFO  o.e.m.c.i.embedder.EclipseLogger - skip non existing resourceDirectory D:\Documents\QA Engineer\Learn and Teach\JAVA BDD Cucumber Web, Mobile and API Testing\JavaAPITesting\JavaAPITesting\src\main\resources
2022-02-05 21:08:19,286 [Worker-120: Building] WARN  o.e.m.c.i.embedder.EclipseLogger - Using platform encoding (Cp1252 actually) to copy filtered resources, i.e. build is platform dependent!
2022-02-05 21:08:19,287 [Worker-120: Building] INFO  o.e.m.c.i.embedder.EclipseLogger - skip non existing resourceDirectory D:\Documents\QA Engineer\Learn and Teach\JAVA BDD Cucumber Web, Mobile and API Testing\JavaAPITesting\JavaAPITesting\src\test\resources
2022-02-05 21:08:27,232 [Worker-123: Building] WARN  o.e.m.c.i.embedder.EclipseLogger - Using platform encoding (Cp1252 actually) to copy filtered resources, i.e. build is platform dependent!
2022-02-05 21:08:27,233 [Worker-123: Building] INFO  o.e.m.c.i.embedder.EclipseLogger - skip non existing resourceDirectory D:\Documents\QA Engineer\Learn and Teach\JAVA BDD Cucumber Web, Mobile and API Testing\JavaAPITesting\JavaAPITesting\src\main\resources
2022-02-05 21:08:27,234 [Worker-123: Building] WARN  o.e.m.c.i.embedder.EclipseLogger - Using platform encoding (Cp1252 actually) to copy filtered resources, i.e. build is platform dependent!
2022-02-05 21:08:27,234 [Worker-123: Building] INFO  o.e.m.c.i.embedder.EclipseLogger - skip non existing resourceDirectory D:\Documents\QA Engineer\Learn and Teach\JAVA BDD Cucumber Web, Mobile and API Testing\JavaAPITesting\JavaAPITesting\src\test\resources
2022-02-05 21:08:33,950 [Worker-111: Building] WARN  o.e.m.c.i.embedder.EclipseLogger - Using platform encoding (Cp1252 actually) to copy filtered resources, i.e. build is platform dependent!
2022-02-05 21:08:33,950 [Worker-111: Building] INFO  o.e.m.c.i.embedder.EclipseLogger - skip non existing resourceDirectory D:\Documents\QA Engineer\Learn and Teach\JAVA BDD Cucumber Web, Mobile and API Testing\JavaAPITesting\JavaAPITesting\src\main\resources
2022-02-05 21:08:33,951 [Worker-111: Building] WARN  o.e.m.c.i.embedder.EclipseLogger - Using platform encoding (Cp1252 actually) to copy filtered resources, i.e. build is platform dependent!
2022-02-05 21:08:33,952 [Worker-111: Building] INFO  o.e.m.c.i.embedder.EclipseLogger - skip non existing resourceDirectory D:\Documents\QA Engineer\Learn and Teach\JAVA BDD Cucumber Web, Mobile and API Testing\JavaAPITesting\JavaAPITesting\src\test\resources
2022-02-05 21:09:20,895 [Worker-123: Building] WARN  o.e.m.c.i.embedder.EclipseLogger - Using platform encoding (Cp1252 actually) to copy filtered resources, i.e. build is platform dependent!
2022-02-05 21:09:20,896 [Worker-123: Building] INFO  o.e.m.c.i.embedder.EclipseLogger - skip non existing resourceDirectory D:\Documents\QA Engineer\Learn and Teach\JAVA BDD Cucumber Web, Mobile and API Testing\JavaAPITesting\JavaAPITesting\src\main\resources
2022-02-05 21:09:20,896 [Worker-123: Building] WARN  o.e.m.c.i.embedder.EclipseLogger - Using platform encoding (Cp1252 actually) to copy filtered resources, i.e. build is platform dependent!
2022-02-05 21:09:20,897 [Worker-123: Building] INFO  o.e.m.c.i.embedder.EclipseLogger - skip non existing resourceDirectory D:\Documents\QA Engineer\Learn and Teach\JAVA BDD Cucumber Web, Mobile and API Testing\JavaAPITesting\JavaAPITesting\src\test\resources
2022-02-05 21:09:28,095 [Worker-119: Building] WARN  o.e.m.c.i.embedder.EclipseLogger - Using platform encoding (Cp1252 actually) to copy filtered resources, i.e. build is platform dependent!
2022-02-05 21:09:28,095 [Worker-119: Building] INFO  o.e.m.c.i.embedder.EclipseLogger - skip non existing resourceDirectory D:\Documents\QA Engineer\Learn and Teach\JAVA BDD Cucumber Web, Mobile and API Testing\JavaAPITesting\JavaAPITesting\src\main\resources
2022-02-05 21:09:28,096 [Worker-119: Building] WARN  o.e.m.c.i.embedder.EclipseLogger - Using platform encoding (Cp1252 actually) to copy filtered resources, i.e. build is platform dependent!
2022-02-05 21:09:28,097 [Worker-119: Building] INFO  o.e.m.c.i.embedder.EclipseLogger - skip non existing resourceDirectory D:\Documents\QA Engineer\Learn and Teach\JAVA BDD Cucumber Web, Mobile and API Testing\JavaAPITesting\JavaAPITesting\src\test\resources
2022-02-05 21:10:02,800 [Worker-123: Building] WARN  o.e.m.c.i.embedder.EclipseLogger - Using platform encoding (Cp1252 actually) to copy filtered resources, i.e. build is platform dependent!
2022-02-05 21:10:02,801 [Worker-123: Building] INFO  o.e.m.c.i.embedder.EclipseLogger - skip non existing resourceDirectory D:\Documents\QA Engineer\Learn and Teach\JAVA BDD Cucumber Web, Mobile and API Testing\JavaAPITesting\JavaAPITesting\src\main\resources
2022-02-05 21:10:02,802 [Worker-123: Building] WARN  o.e.m.c.i.embedder.EclipseLogger - Using platform encoding (Cp1252 actually) to copy filtered resources, i.e. build is platform dependent!
2022-02-05 21:10:02,803 [Worker-123: Building] INFO  o.e.m.c.i.embedder.EclipseLogger - skip non existing resourceDirectory D:\Documents\QA Engineer\Learn and Teach\JAVA BDD Cucumber Web, Mobile and API Testing\JavaAPITesting\JavaAPITesting\src\test\resources
2022-02-05 21:10:11,938 [Worker-122: Building] WARN  o.e.m.c.i.embedder.EclipseLogger - Using platform encoding (Cp1252 actually) to copy filtered resources, i.e. build is platform dependent!
2022-02-05 21:10:11,938 [Worker-122: Building] INFO  o.e.m.c.i.embedder.EclipseLogger - skip non existing resourceDirectory D:\Documents\QA Engineer\Learn and Teach\JAVA BDD Cucumber Web, Mobile and API Testing\JavaAPITesting\JavaAPITesting\src\main\resources
2022-02-05 21:10:11,939 [Worker-122: Building] WARN  o.e.m.c.i.embedder.EclipseLogger - Using platform encoding (Cp1252 actually) to copy filtered resources, i.e. build is platform dependent!
2022-02-05 21:10:11,940 [Worker-122: Building] INFO  o.e.m.c.i.embedder.EclipseLogger - skip non existing resourceDirectory D:\Documents\QA Engineer\Learn and Teach\JAVA BDD Cucumber Web, Mobile and API Testing\JavaAPITesting\JavaAPITesting\src\test\resources
2022-02-05 21:10:29,368 [Worker-111: Building] WARN  o.e.m.c.i.embedder.EclipseLogger - Using platform encoding (Cp1252 actually) to copy filtered resources, i.e. build is platform dependent!
2022-02-05 21:10:29,368 [Worker-111: Building] INFO  o.e.m.c.i.embedder.EclipseLogger - skip non existing resourceDirectory D:\Documents\QA Engineer\Learn and Teach\JAVA BDD Cucumber Web, Mobile and API Testing\JavaAPITesting\JavaAPITesting\src\main\resources
2022-02-05 21:10:29,369 [Worker-111: Building] WARN  o.e.m.c.i.embedder.EclipseLogger - Using platform encoding (Cp1252 actually) to copy filtered resources, i.e. build is platform dependent!
2022-02-05 21:10:29,370 [Worker-111: Building] INFO  o.e.m.c.i.embedder.EclipseLogger - skip non existing resourceDirectory D:\Documents\QA Engineer\Learn and Teach\JAVA BDD Cucumber Web, Mobile and API Testing\JavaAPITesting\JavaAPITesting\src\test\resources
2022-02-05 21:11:08,654 [Worker-121: Building] WARN  o.e.m.c.i.embedder.EclipseLogger - Using platform encoding (Cp1252 actually) to copy filtered resources, i.e. build is platform dependent!
2022-02-05 21:11:08,655 [Worker-121: Building] INFO  o.e.m.c.i.embedder.EclipseLogger - skip non existing resourceDirectory D:\Documents\QA Engineer\Learn and Teach\JAVA BDD Cucumber Web, Mobile and API Testing\JavaAPITesting\JavaAPITesting\src\main\resources
2022-02-05 21:11:08,656 [Worker-121: Building] WARN  o.e.m.c.i.embedder.EclipseLogger - Using platform encoding (Cp1252 actually) to copy filtered resources, i.e. build is platform dependent!
2022-02-05 21:11:08,657 [Worker-121: Building] INFO  o.e.m.c.i.embedder.EclipseLogger - skip non existing resourceDirectory D:\Documents\QA Engineer\Learn and Teach\JAVA BDD Cucumber Web, Mobile and API Testing\JavaAPITesting\JavaAPITesting\src\test\resources
2022-02-05 21:11:12,645 [Worker-111: Building] WARN  o.e.m.c.i.embedder.EclipseLogger - Using platform encoding (Cp1252 actually) to copy filtered resources, i.e. build is platform dependent!
2022-02-05 21:11:12,645 [Worker-111: Building] INFO  o.e.m.c.i.embedder.EclipseLogger - skip non existing resourceDirectory D:\Documents\QA Engineer\Learn and Teach\JAVA BDD Cucumber Web, Mobile and API Testing\JavaAPITesting\JavaAPITesting\src\main\resources
2022-02-05 21:11:12,646 [Worker-111: Building] WARN  o.e.m.c.i.embedder.EclipseLogger - Using platform encoding (Cp1252 actually) to copy filtered resources, i.e. build is platform dependent!
2022-02-05 21:11:12,647 [Worker-111: Building] INFO  o.e.m.c.i.embedder.EclipseLogger - skip non existing resourceDirectory D:\Documents\QA Engineer\Learn and Teach\JAVA BDD Cucumber Web, Mobile and API Testing\JavaAPITesting\JavaAPITesting\src\test\resources
2022-02-05 21:12:23,428 [Worker-111: Building] WARN  o.e.m.c.i.embedder.EclipseLogger - Using platform encoding (Cp1252 actually) to copy filtered resources, i.e. build is platform dependent!
2022-02-05 21:12:23,429 [Worker-111: Building] INFO  o.e.m.c.i.embedder.EclipseLogger - skip non existing resourceDirectory D:\Documents\QA Engineer\Learn and Teach\JAVA BDD Cucumber Web, Mobile and API Testing\JavaAPITesting\JavaAPITesting\src\main\resources
2022-02-05 21:12:23,430 [Worker-111: Building] WARN  o.e.m.c.i.embedder.EclipseLogger - Using platform encoding (Cp1252 actually) to copy filtered resources, i.e. build is platform dependent!
2022-02-05 21:12:23,430 [Worker-111: Building] INFO  o.e.m.c.i.embedder.EclipseLogger - skip non existing resourceDirectory D:\Documents\QA Engineer\Learn and Teach\JAVA BDD Cucumber Web, Mobile and API Testing\JavaAPITesting\JavaAPITesting\src\test\resources
2022-02-05 21:12:44,932 [Worker-125: Building] WARN  o.e.m.c.i.embedder.EclipseLogger - Using platform encoding (Cp1252 actually) to copy filtered resources, i.e. build is platform dependent!
2022-02-05 21:12:44,932 [Worker-125: Building] INFO  o.e.m.c.i.embedder.EclipseLogger - skip non existing resourceDirectory D:\Documents\QA Engineer\Learn and Teach\JAVA BDD Cucumber Web, Mobile and API Testing\JavaAPITesting\JavaAPITesting\src\main\resources
2022-02-05 21:12:44,933 [Worker-125: Building] WARN  o.e.m.c.i.embedder.EclipseLogger - Using platform encoding (Cp1252 actually) to copy filtered resources, i.e. build is platform dependent!
2022-02-05 21:12:44,934 [Worker-125: Building] INFO  o.e.m.c.i.embedder.EclipseLogger - skip non existing resourceDirectory D:\Documents\QA Engineer\Learn and Teach\JAVA BDD Cucumber Web, Mobile and API Testing\JavaAPITesting\JavaAPITesting\src\test\resources
2022-02-05 21:12:56,284 [Worker-122: Building] WARN  o.e.m.c.i.embedder.EclipseLogger - Using platform encoding (Cp1252 actually) to copy filtered resources, i.e. build is platform dependent!
2022-02-05 21:12:56,285 [Worker-122: Building] INFO  o.e.m.c.i.embedder.EclipseLogger - skip non existing resourceDirectory D:\Documents\QA Engineer\Learn and Teach\JAVA BDD Cucumber Web, Mobile and API Testing\JavaAPITesting\JavaAPITesting\src\main\resources
2022-02-05 21:12:56,286 [Worker-122: Building] WARN  o.e.m.c.i.embedder.EclipseLogger - Using platform encoding (Cp1252 actually) to copy filtered resources, i.e. build is platform dependent!
2022-02-05 21:12:56,287 [Worker-122: Building] INFO  o.e.m.c.i.embedder.EclipseLogger - skip non existing resourceDirectory D:\Documents\QA Engineer\Learn and Teach\JAVA BDD Cucumber Web, Mobile and API Testing\JavaAPITesting\JavaAPITesting\src\test\resources
2022-02-05 21:13:45,764 [Worker-123: Building] WARN  o.e.m.c.i.embedder.EclipseLogger - Using platform encoding (Cp1252 actually) to copy filtered resources, i.e. build is platform dependent!
2022-02-05 21:13:45,765 [Worker-123: Building] INFO  o.e.m.c.i.embedder.EclipseLogger - skip non existing resourceDirectory D:\Documents\QA Engineer\Learn and Teach\JAVA BDD Cucumber Web, Mobile and API Testing\JavaAPITesting\JavaAPITesting\src\main\resources
2022-02-05 21:13:45,765 [Worker-123: Building] WARN  o.e.m.c.i.embedder.EclipseLogger - Using platform encoding (Cp1252 actually) to copy filtered resources, i.e. build is platform dependent!
2022-02-05 21:13:45,766 [Worker-123: Building] INFO  o.e.m.c.i.embedder.EclipseLogger - skip non existing resourceDirectory D:\Documents\QA Engineer\Learn and Teach\JAVA BDD Cucumber Web, Mobile and API Testing\JavaAPITesting\JavaAPITesting\src\test\resources
2022-02-05 21:13:50,234 [Worker-123: Building] WARN  o.e.m.c.i.embedder.EclipseLogger - Using platform encoding (Cp1252 actually) to copy filtered resources, i.e. build is platform dependent!
2022-02-05 21:13:50,234 [Worker-123: Building] INFO  o.e.m.c.i.embedder.EclipseLogger - skip non existing resourceDirectory D:\Documents\QA Engineer\Learn and Teach\JAVA BDD Cucumber Web, Mobile and API Testing\JavaAPITesting\JavaAPITesting\src\main\resources
2022-02-05 21:13:50,235 [Worker-123: Building] WARN  o.e.m.c.i.embedder.EclipseLogger - Using platform encoding (Cp1252 actually) to copy filtered resources, i.e. build is platform dependent!
2022-02-05 21:13:50,235 [Worker-123: Building] INFO  o.e.m.c.i.embedder.EclipseLogger - skip non existing resourceDirectory D:\Documents\QA Engineer\Learn and Teach\JAVA BDD Cucumber Web, Mobile and API Testing\JavaAPITesting\JavaAPITesting\src\test\resources
2022-02-05 21:14:45,827 [Worker-124: Building] WARN  o.e.m.c.i.embedder.EclipseLogger - Using platform encoding (Cp1252 actually) to copy filtered resources, i.e. build is platform dependent!
2022-02-05 21:14:45,828 [Worker-124: Building] INFO  o.e.m.c.i.embedder.EclipseLogger - skip non existing resourceDirectory D:\Documents\QA Engineer\Learn and Teach\JAVA BDD Cucumber Web, Mobile and API Testing\JavaAPITesting\JavaAPITesting\src\main\resources
2022-02-05 21:14:45,829 [Worker-124: Building] WARN  o.e.m.c.i.embedder.EclipseLogger - Using platform encoding (Cp1252 actually) to copy filtered resources, i.e. build is platform dependent!
2022-02-05 21:14:45,830 [Worker-124: Building] INFO  o.e.m.c.i.embedder.EclipseLogger - skip non existing resourceDirectory D:\Documents\QA Engineer\Learn and Teach\JAVA BDD Cucumber Web, Mobile and API Testing\JavaAPITesting\JavaAPITesting\src\test\resources
2022-02-05 21:18:03,290 [Worker-126: Building] WARN  o.e.m.c.i.embedder.EclipseLogger - Using platform encoding (Cp1252 actually) to copy filtered resources, i.e. build is platform dependent!
2022-02-05 21:18:03,290 [Worker-126: Building] INFO  o.e.m.c.i.embedder.EclipseLogger - skip non existing resourceDirectory D:\Documents\QA Engineer\Learn and Teach\JAVA BDD Cucumber Web, Mobile and API Testing\JavaAPITesting\JavaAPITesting\src\main\resources
2022-02-05 21:18:03,291 [Worker-126: Building] WARN  o.e.m.c.i.embedder.EclipseLogger - Using platform encoding (Cp1252 actually) to copy filtered resources, i.e. build is platform dependent!
2022-02-05 21:18:03,292 [Worker-126: Building] INFO  o.e.m.c.i.embedder.EclipseLogger - skip non existing resourceDirectory D:\Documents\QA Engineer\Learn and Teach\JAVA BDD Cucumber Web, Mobile and API Testing\JavaAPITesting\JavaAPITesting\src\test\resources
2022-02-05 21:18:06,045 [Worker-121: Building] WARN  o.e.m.c.i.embedder.EclipseLogger - Using platform encoding (Cp1252 actually) to copy filtered resources, i.e. build is platform dependent!
2022-02-05 21:18:06,046 [Worker-121: Building] INFO  o.e.m.c.i.embedder.EclipseLogger - skip non existing resourceDirectory D:\Documents\QA Engineer\Learn and Teach\JAVA BDD Cucumber Web, Mobile and API Testing\JavaAPITesting\JavaAPITesting\src\main\resources
2022-02-05 21:18:06,047 [Worker-121: Building] WARN  o.e.m.c.i.embedder.EclipseLogger - Using platform encoding (Cp1252 actually) to copy filtered resources, i.e. build is platform dependent!
2022-02-05 21:18:06,048 [Worker-121: Building] INFO  o.e.m.c.i.embedder.EclipseLogger - skip non existing resourceDirectory D:\Documents\QA Engineer\Learn and Teach\JAVA BDD Cucumber Web, Mobile and API Testing\JavaAPITesting\JavaAPITesting\src\test\resources
2022-02-05 21:18:29,388 [Worker-126: Building] WARN  o.e.m.c.i.embedder.EclipseLogger - Using platform encoding (Cp1252 actually) to copy filtered resources, i.e. build is platform dependent!
2022-02-05 21:18:29,388 [Worker-126: Building] INFO  o.e.m.c.i.embedder.EclipseLogger - skip non existing resourceDirectory D:\Documents\QA Engineer\Learn and Teach\JAVA BDD Cucumber Web, Mobile and API Testing\JavaAPITesting\JavaAPITesting\src\main\resources
2022-02-05 21:18:29,391 [Worker-126: Building] WARN  o.e.m.c.i.embedder.EclipseLogger - Using platform encoding (Cp1252 actually) to copy filtered resources, i.e. build is platform dependent!
2022-02-05 21:18:29,391 [Worker-126: Building] INFO  o.e.m.c.i.embedder.EclipseLogger - skip non existing resourceDirectory D:\Documents\QA Engineer\Learn and Teach\JAVA BDD Cucumber Web, Mobile and API Testing\JavaAPITesting\JavaAPITesting\src\test\resources
2022-02-05 21:18:37,994 [Worker-121: Building] WARN  o.e.m.c.i.embedder.EclipseLogger - Using platform encoding (Cp1252 actually) to copy filtered resources, i.e. build is platform dependent!
2022-02-05 21:18:37,995 [Worker-121: Building] INFO  o.e.m.c.i.embedder.EclipseLogger - skip non existing resourceDirectory D:\Documents\QA Engineer\Learn and Teach\JAVA BDD Cucumber Web, Mobile and API Testing\JavaAPITesting\JavaAPITesting\src\main\resources
2022-02-05 21:18:37,996 [Worker-121: Building] WARN  o.e.m.c.i.embedder.EclipseLogger - Using platform encoding (Cp1252 actually) to copy filtered resources, i.e. build is platform dependent!
2022-02-05 21:18:37,997 [Worker-121: Building] INFO  o.e.m.c.i.embedder.EclipseLogger - skip non existing resourceDirectory D:\Documents\QA Engineer\Learn and Teach\JAVA BDD Cucumber Web, Mobile and API Testing\JavaAPITesting\JavaAPITesting\src\test\resources
2022-02-05 21:18:41,185 [Worker-121: Building] WARN  o.e.m.c.i.embedder.EclipseLogger - Using platform encoding (Cp1252 actually) to copy filtered resources, i.e. build is platform dependent!
2022-02-05 21:18:41,185 [Worker-121: Building] INFO  o.e.m.c.i.embedder.EclipseLogger - skip non existing resourceDirectory D:\Documents\QA Engineer\Learn and Teach\JAVA BDD Cucumber Web, Mobile and API Testing\JavaAPITesting\JavaAPITesting\src\main\resources
2022-02-05 21:18:41,186 [Worker-121: Building] WARN  o.e.m.c.i.embedder.EclipseLogger - Using platform encoding (Cp1252 actually) to copy filtered resources, i.e. build is platform dependent!
2022-02-05 21:18:41,187 [Worker-121: Building] INFO  o.e.m.c.i.embedder.EclipseLogger - skip non existing resourceDirectory D:\Documents\QA Engineer\Learn and Teach\JAVA BDD Cucumber Web, Mobile and API Testing\JavaAPITesting\JavaAPITesting\src\test\resources
2022-02-05 21:18:56,071 [Worker-124: Building] WARN  o.e.m.c.i.embedder.EclipseLogger - Using platform encoding (Cp1252 actually) to copy filtered resources, i.e. build is platform dependent!
2022-02-05 21:18:56,072 [Worker-124: Building] INFO  o.e.m.c.i.embedder.EclipseLogger - skip non existing resourceDirectory D:\Documents\QA Engineer\Learn and Teach\JAVA BDD Cucumber Web, Mobile and API Testing\JavaAPITesting\JavaAPITesting\src\main\resources
2022-02-05 21:18:56,073 [Worker-124: Building] WARN  o.e.m.c.i.embedder.EclipseLogger - Using platform encoding (Cp1252 actually) to copy filtered resources, i.e. build is platform dependent!
2022-02-05 21:18:56,103 [Worker-124: Building] INFO  o.e.m.c.i.embedder.EclipseLogger - skip non existing resourceDirectory D:\Documents\QA Engineer\Learn and Teach\JAVA BDD Cucumber Web, Mobile and API Testing\JavaAPITesting\JavaAPITesting\src\test\resources
2022-02-05 21:18:59,265 [Worker-127: Building] WARN  o.e.m.c.i.embedder.EclipseLogger - Using platform encoding (Cp1252 actually) to copy filtered resources, i.e. build is platform dependent!
2022-02-05 21:18:59,266 [Worker-127: Building] INFO  o.e.m.c.i.embedder.EclipseLogger - skip non existing resourceDirectory D:\Documents\QA Engineer\Learn and Teach\JAVA BDD Cucumber Web, Mobile and API Testing\JavaAPITesting\JavaAPITesting\src\main\resources
2022-02-05 21:18:59,267 [Worker-127: Building] WARN  o.e.m.c.i.embedder.EclipseLogger - Using platform encoding (Cp1252 actually) to copy filtered resources, i.e. build is platform dependent!
2022-02-05 21:18:59,268 [Worker-127: Building] INFO  o.e.m.c.i.embedder.EclipseLogger - skip non existing resourceDirectory D:\Documents\QA Engineer\Learn and Teach\JAVA BDD Cucumber Web, Mobile and API Testing\JavaAPITesting\JavaAPITesting\src\test\resources
2022-02-05 21:19:08,986 [Worker-126: Building] WARN  o.e.m.c.i.embedder.EclipseLogger - Using platform encoding (Cp1252 actually) to copy filtered resources, i.e. build is platform dependent!
2022-02-05 21:19:08,986 [Worker-126: Building] INFO  o.e.m.c.i.embedder.EclipseLogger - skip non existing resourceDirectory D:\Documents\QA Engineer\Learn and Teach\JAVA BDD Cucumber Web, Mobile and API Testing\JavaAPITesting\JavaAPITesting\src\main\resources
2022-02-05 21:19:08,987 [Worker-126: Building] WARN  o.e.m.c.i.embedder.EclipseLogger - Using platform encoding (Cp1252 actually) to copy filtered resources, i.e. build is platform dependent!
2022-02-05 21:19:08,988 [Worker-126: Building] INFO  o.e.m.c.i.embedder.EclipseLogger - skip non existing resourceDirectory D:\Documents\QA Engineer\Learn and Teach\JAVA BDD Cucumber Web, Mobile and API Testing\JavaAPITesting\JavaAPITesting\src\test\resources
2022-02-05 21:19:49,159 [Worker-121: Building] WARN  o.e.m.c.i.embedder.EclipseLogger - Using platform encoding (Cp1252 actually) to copy filtered resources, i.e. build is platform dependent!
2022-02-05 21:19:49,160 [Worker-121: Building] INFO  o.e.m.c.i.embedder.EclipseLogger - skip non existing resourceDirectory D:\Documents\QA Engineer\Learn and Teach\JAVA BDD Cucumber Web, Mobile and API Testing\JavaAPITesting\JavaAPITesting\src\main\resources
2022-02-05 21:19:49,161 [Worker-121: Building] WARN  o.e.m.c.i.embedder.EclipseLogger - Using platform encoding (Cp1252 actually) to copy filtered resources, i.e. build is platform dependent!
2022-02-05 21:19:49,162 [Worker-121: Building] INFO  o.e.m.c.i.embedder.EclipseLogger - skip non existing resourceDirectory D:\Documents\QA Engineer\Learn and Teach\JAVA BDD Cucumber Web, Mobile and API Testing\JavaAPITesting\JavaAPITesting\src\test\resources
2022-02-05 21:19:51,932 [Worker-126: Building] WARN  o.e.m.c.i.embedder.EclipseLogger - Using platform encoding (Cp1252 actually) to copy filtered resources, i.e. build is platform dependent!
2022-02-05 21:19:51,933 [Worker-126: Building] INFO  o.e.m.c.i.embedder.EclipseLogger - skip non existing resourceDirectory D:\Documents\QA Engineer\Learn and Teach\JAVA BDD Cucumber Web, Mobile and API Testing\JavaAPITesting\JavaAPITesting\src\main\resources
2022-02-05 21:19:51,933 [Worker-126: Building] WARN  o.e.m.c.i.embedder.EclipseLogger - Using platform encoding (Cp1252 actually) to copy filtered resources, i.e. build is platform dependent!
2022-02-05 21:19:51,934 [Worker-126: Building] INFO  o.e.m.c.i.embedder.EclipseLogger - skip non existing resourceDirectory D:\Documents\QA Engineer\Learn and Teach\JAVA BDD Cucumber Web, Mobile and API Testing\JavaAPITesting\JavaAPITesting\src\test\resources
2022-02-05 21:19:55,094 [Worker-127: Building] WARN  o.e.m.c.i.embedder.EclipseLogger - Using platform encoding (Cp1252 actually) to copy filtered resources, i.e. build is platform dependent!
2022-02-05 21:19:55,094 [Worker-127: Building] INFO  o.e.m.c.i.embedder.EclipseLogger - skip non existing resourceDirectory D:\Documents\QA Engineer\Learn and Teach\JAVA BDD Cucumber Web, Mobile and API Testing\JavaAPITesting\JavaAPITesting\src\main\resources
2022-02-05 21:19:55,095 [Worker-127: Building] WARN  o.e.m.c.i.embedder.EclipseLogger - Using platform encoding (Cp1252 actually) to copy filtered resources, i.e. build is platform dependent!
2022-02-05 21:19:55,096 [Worker-127: Building] INFO  o.e.m.c.i.embedder.EclipseLogger - skip non existing resourceDirectory D:\Documents\QA Engineer\Learn and Teach\JAVA BDD Cucumber Web, Mobile and API Testing\JavaAPITesting\JavaAPITesting\src\test\resources
2022-02-05 21:20:22,076 [Worker-121: Building] WARN  o.e.m.c.i.embedder.EclipseLogger - Using platform encoding (Cp1252 actually) to copy filtered resources, i.e. build is platform dependent!
2022-02-05 21:20:22,076 [Worker-121: Building] INFO  o.e.m.c.i.embedder.EclipseLogger - skip non existing resourceDirectory D:\Documents\QA Engineer\Learn and Teach\JAVA BDD Cucumber Web, Mobile and API Testing\JavaAPITesting\JavaAPITesting\src\main\resources
2022-02-05 21:20:22,077 [Worker-121: Building] WARN  o.e.m.c.i.embedder.EclipseLogger - Using platform encoding (Cp1252 actually) to copy filtered resources, i.e. build is platform dependent!
2022-02-05 21:20:22,079 [Worker-121: Building] INFO  o.e.m.c.i.embedder.EclipseLogger - skip non existing resourceDirectory D:\Documents\QA Engineer\Learn and Teach\JAVA BDD Cucumber Web, Mobile and API Testing\JavaAPITesting\JavaAPITesting\src\test\resources
2022-02-05 21:20:43,377 [Worker-126: Building] WARN  o.e.m.c.i.embedder.EclipseLogger - Using platform encoding (Cp1252 actually) to copy filtered resources, i.e. build is platform dependent!
2022-02-05 21:20:43,377 [Worker-126: Building] INFO  o.e.m.c.i.embedder.EclipseLogger - skip non existing resourceDirectory D:\Documents\QA Engineer\Learn and Teach\JAVA BDD Cucumber Web, Mobile and API Testing\JavaAPITesting\JavaAPITesting\src\main\resources
2022-02-05 21:20:43,378 [Worker-126: Building] WARN  o.e.m.c.i.embedder.EclipseLogger - Using platform encoding (Cp1252 actually) to copy filtered resources, i.e. build is platform dependent!
2022-02-05 21:20:43,379 [Worker-126: Building] INFO  o.e.m.c.i.embedder.EclipseLogger - skip non existing resourceDirectory D:\Documents\QA Engineer\Learn and Teach\JAVA BDD Cucumber Web, Mobile and API Testing\JavaAPITesting\JavaAPITesting\src\test\resources
2022-02-05 21:20:46,314 [Worker-127: Building] WARN  o.e.m.c.i.embedder.EclipseLogger - Using platform encoding (Cp1252 actually) to copy filtered resources, i.e. build is platform dependent!
2022-02-05 21:20:46,315 [Worker-127: Building] INFO  o.e.m.c.i.embedder.EclipseLogger - skip non existing resourceDirectory D:\Documents\QA Engineer\Learn and Teach\JAVA BDD Cucumber Web, Mobile and API Testing\JavaAPITesting\JavaAPITesting\src\main\resources
2022-02-05 21:20:46,315 [Worker-127: Building] WARN  o.e.m.c.i.embedder.EclipseLogger - Using platform encoding (Cp1252 actually) to copy filtered resources, i.e. build is platform dependent!
2022-02-05 21:20:46,316 [Worker-127: Building] INFO  o.e.m.c.i.embedder.EclipseLogger - skip non existing resourceDirectory D:\Documents\QA Engineer\Learn and Teach\JAVA BDD Cucumber Web, Mobile and API Testing\JavaAPITesting\JavaAPITesting\src\test\resources
2022-02-05 21:23:32,151 [Worker-130: Building] WARN  o.e.m.c.i.embedder.EclipseLogger - Using platform encoding (Cp1252 actually) to copy filtered resources, i.e. build is platform dependent!
2022-02-05 21:23:32,151 [Worker-130: Building] INFO  o.e.m.c.i.embedder.EclipseLogger - skip non existing resourceDirectory D:\Documents\QA Engineer\Learn and Teach\JAVA BDD Cucumber Web, Mobile and API Testing\JavaAPITesting\JavaAPITesting\src\main\resources
2022-02-05 21:23:32,152 [Worker-130: Building] WARN  o.e.m.c.i.embedder.EclipseLogger - Using platform encoding (Cp1252 actually) to copy filtered resources, i.e. build is platform dependent!
2022-02-05 21:23:32,153 [Worker-130: Building] INFO  o.e.m.c.i.embedder.EclipseLogger - skip non existing resourceDirectory D:\Documents\QA Engineer\Learn and Teach\JAVA BDD Cucumber Web, Mobile and API Testing\JavaAPITesting\JavaAPITesting\src\test\resources
2022-02-05 21:23:43,447 [Worker-128: Building] WARN  o.e.m.c.i.embedder.EclipseLogger - Using platform encoding (Cp1252 actually) to copy filtered resources, i.e. build is platform dependent!
2022-02-05 21:23:43,447 [Worker-128: Building] INFO  o.e.m.c.i.embedder.EclipseLogger - skip non existing resourceDirectory D:\Documents\QA Engineer\Learn and Teach\JAVA BDD Cucumber Web, Mobile and API Testing\JavaAPITesting\JavaAPITesting\src\main\resources
2022-02-05 21:23:43,448 [Worker-128: Building] WARN  o.e.m.c.i.embedder.EclipseLogger - Using platform encoding (Cp1252 actually) to copy filtered resources, i.e. build is platform dependent!
2022-02-05 21:23:43,449 [Worker-128: Building] INFO  o.e.m.c.i.embedder.EclipseLogger - skip non existing resourceDirectory D:\Documents\QA Engineer\Learn and Teach\JAVA BDD Cucumber Web, Mobile and API Testing\JavaAPITesting\JavaAPITesting\src\test\resources
2022-02-05 21:25:15,511 [Worker-130: Building] WARN  o.e.m.c.i.embedder.EclipseLogger - Using platform encoding (Cp1252 actually) to copy filtered resources, i.e. build is platform dependent!
2022-02-05 21:25:15,511 [Worker-130: Building] INFO  o.e.m.c.i.embedder.EclipseLogger - skip non existing resourceDirectory D:\Documents\QA Engineer\Learn and Teach\JAVA BDD Cucumber Web, Mobile and API Testing\JavaAPITesting\JavaAPITesting\src\main\resources
2022-02-05 21:25:15,512 [Worker-130: Building] WARN  o.e.m.c.i.embedder.EclipseLogger - Using platform encoding (Cp1252 actually) to copy filtered resources, i.e. build is platform dependent!
2022-02-05 21:25:15,513 [Worker-130: Building] INFO  o.e.m.c.i.embedder.EclipseLogger - skip non existing resourceDirectory D:\Documents\QA Engineer\Learn and Teach\JAVA BDD Cucumber Web, Mobile and API Testing\JavaAPITesting\JavaAPITesting\src\test\resources
2022-02-05 21:25:20,377 [Worker-131: Building] WARN  o.e.m.c.i.embedder.EclipseLogger - Using platform encoding (Cp1252 actually) to copy filtered resources, i.e. build is platform dependent!
2022-02-05 21:25:20,378 [Worker-131: Building] INFO  o.e.m.c.i.embedder.EclipseLogger - skip non existing resourceDirectory D:\Documents\QA Engineer\Learn and Teach\JAVA BDD Cucumber Web, Mobile and API Testing\JavaAPITesting\JavaAPITesting\src\main\resources
2022-02-05 21:25:20,378 [Worker-131: Building] WARN  o.e.m.c.i.embedder.EclipseLogger - Using platform encoding (Cp1252 actually) to copy filtered resources, i.e. build is platform dependent!
2022-02-05 21:25:20,379 [Worker-131: Building] INFO  o.e.m.c.i.embedder.EclipseLogger - skip non existing resourceDirectory D:\Documents\QA Engineer\Learn and Teach\JAVA BDD Cucumber Web, Mobile and API Testing\JavaAPITesting\JavaAPITesting\src\test\resources
2022-02-05 21:25:54,548 [Worker-130: Building] WARN  o.e.m.c.i.embedder.EclipseLogger - Using platform encoding (Cp1252 actually) to copy filtered resources, i.e. build is platform dependent!
2022-02-05 21:25:54,549 [Worker-130: Building] INFO  o.e.m.c.i.embedder.EclipseLogger - skip non existing resourceDirectory D:\Documents\QA Engineer\Learn and Teach\JAVA BDD Cucumber Web, Mobile and API Testing\JavaAPITesting\JavaAPITesting\src\main\resources
2022-02-05 21:25:54,550 [Worker-130: Building] WARN  o.e.m.c.i.embedder.EclipseLogger - Using platform encoding (Cp1252 actually) to copy filtered resources, i.e. build is platform dependent!
2022-02-05 21:25:54,551 [Worker-130: Building] INFO  o.e.m.c.i.embedder.EclipseLogger - skip non existing resourceDirectory D:\Documents\QA Engineer\Learn and Teach\JAVA BDD Cucumber Web, Mobile and API Testing\JavaAPITesting\JavaAPITesting\src\test\resources
2022-02-05 21:27:30,671 [Worker-130: Building] WARN  o.e.m.c.i.embedder.EclipseLogger - Using platform encoding (Cp1252 actually) to copy filtered resources, i.e. build is platform dependent!
2022-02-05 21:27:30,671 [Worker-130: Building] INFO  o.e.m.c.i.embedder.EclipseLogger - skip non existing resourceDirectory D:\Documents\QA Engineer\Learn and Teach\JAVA BDD Cucumber Web, Mobile and API Testing\JavaAPITesting\JavaAPITesting\src\main\resources
2022-02-05 21:27:30,672 [Worker-130: Building] WARN  o.e.m.c.i.embedder.EclipseLogger - Using platform encoding (Cp1252 actually) to copy filtered resources, i.e. build is platform dependent!
2022-02-05 21:27:30,673 [Worker-130: Building] INFO  o.e.m.c.i.embedder.EclipseLogger - skip non existing resourceDirectory D:\Documents\QA Engineer\Learn and Teach\JAVA BDD Cucumber Web, Mobile and API Testing\JavaAPITesting\JavaAPITesting\src\test\resources
2022-02-05 21:27:40,029 [Worker-128: Building] WARN  o.e.m.c.i.embedder.EclipseLogger - Using platform encoding (Cp1252 actually) to copy filtered resources, i.e. build is platform dependent!
2022-02-05 21:27:40,029 [Worker-128: Building] INFO  o.e.m.c.i.embedder.EclipseLogger - skip non existing resourceDirectory D:\Documents\QA Engineer\Learn and Teach\JAVA BDD Cucumber Web, Mobile and API Testing\JavaAPITesting\JavaAPITesting\src\main\resources
2022-02-05 21:27:40,030 [Worker-128: Building] WARN  o.e.m.c.i.embedder.EclipseLogger - Using platform encoding (Cp1252 actually) to copy filtered resources, i.e. build is platform dependent!
2022-02-05 21:27:40,031 [Worker-128: Building] INFO  o.e.m.c.i.embedder.EclipseLogger - skip non existing resourceDirectory D:\Documents\QA Engineer\Learn and Teach\JAVA BDD Cucumber Web, Mobile and API Testing\JavaAPITesting\JavaAPITesting\src\test\resources
2022-02-05 21:27:50,425 [Worker-132: Building] WARN  o.e.m.c.i.embedder.EclipseLogger - Using platform encoding (Cp1252 actually) to copy filtered resources, i.e. build is platform dependent!
2022-02-05 21:27:50,425 [Worker-132: Building] INFO  o.e.m.c.i.embedder.EclipseLogger - skip non existing resourceDirectory D:\Documents\QA Engineer\Learn and Teach\JAVA BDD Cucumber Web, Mobile and API Testing\JavaAPITesting\JavaAPITesting\src\main\resources
2022-02-05 21:27:50,426 [Worker-132: Building] WARN  o.e.m.c.i.embedder.EclipseLogger - Using platform encoding (Cp1252 actually) to copy filtered resources, i.e. build is platform dependent!
2022-02-05 21:27:50,427 [Worker-132: Building] INFO  o.e.m.c.i.embedder.EclipseLogger - skip non existing resourceDirectory D:\Documents\QA Engineer\Learn and Teach\JAVA BDD Cucumber Web, Mobile and API Testing\JavaAPITesting\JavaAPITesting\src\test\resources
2022-02-05 21:27:56,979 [Worker-133: Building] WARN  o.e.m.c.i.embedder.EclipseLogger - Using platform encoding (Cp1252 actually) to copy filtered resources, i.e. build is platform dependent!
2022-02-05 21:27:56,980 [Worker-133: Building] INFO  o.e.m.c.i.embedder.EclipseLogger - skip non existing resourceDirectory D:\Documents\QA Engineer\Learn and Teach\JAVA BDD Cucumber Web, Mobile and API Testing\JavaAPITesting\JavaAPITesting\src\main\resources
2022-02-05 21:27:56,981 [Worker-133: Building] WARN  o.e.m.c.i.embedder.EclipseLogger - Using platform encoding (Cp1252 actually) to copy filtered resources, i.e. build is platform dependent!
2022-02-05 21:27:56,982 [Worker-133: Building] INFO  o.e.m.c.i.embedder.EclipseLogger - skip non existing resourceDirectory D:\Documents\QA Engineer\Learn and Teach\JAVA BDD Cucumber Web, Mobile and API Testing\JavaAPITesting\JavaAPITesting\src\test\resources
2022-02-05 21:28:20,164 [Worker-133: Building] WARN  o.e.m.c.i.embedder.EclipseLogger - Using platform encoding (Cp1252 actually) to copy filtered resources, i.e. build is platform dependent!
2022-02-05 21:28:20,165 [Worker-133: Building] INFO  o.e.m.c.i.embedder.EclipseLogger - skip non existing resourceDirectory D:\Documents\QA Engineer\Learn and Teach\JAVA BDD Cucumber Web, Mobile and API Testing\JavaAPITesting\JavaAPITesting\src\main\resources
2022-02-05 21:28:20,166 [Worker-133: Building] WARN  o.e.m.c.i.embedder.EclipseLogger - Using platform encoding (Cp1252 actually) to copy filtered resources, i.e. build is platform dependent!
2022-02-05 21:28:20,167 [Worker-133: Building] INFO  o.e.m.c.i.embedder.EclipseLogger - skip non existing resourceDirectory D:\Documents\QA Engineer\Learn and Teach\JAVA BDD Cucumber Web, Mobile and API Testing\JavaAPITesting\JavaAPITesting\src\test\resources
2022-02-05 21:29:32,041 [Worker-133: Building] WARN  o.e.m.c.i.embedder.EclipseLogger - Using platform encoding (Cp1252 actually) to copy filtered resources, i.e. build is platform dependent!
2022-02-05 21:29:32,041 [Worker-133: Building] INFO  o.e.m.c.i.embedder.EclipseLogger - skip non existing resourceDirectory D:\Documents\QA Engineer\Learn and Teach\JAVA BDD Cucumber Web, Mobile and API Testing\JavaAPITesting\JavaAPITesting\src\main\resources
2022-02-05 21:29:32,042 [Worker-133: Building] WARN  o.e.m.c.i.embedder.EclipseLogger - Using platform encoding (Cp1252 actually) to copy filtered resources, i.e. build is platform dependent!
2022-02-05 21:29:32,043 [Worker-133: Building] INFO  o.e.m.c.i.embedder.EclipseLogger - skip non existing resourceDirectory D:\Documents\QA Engineer\Learn and Teach\JAVA BDD Cucumber Web, Mobile and API Testing\JavaAPITesting\JavaAPITesting\src\test\resources
2022-02-05 21:29:54,190 [Worker-134: Building] WARN  o.e.m.c.i.embedder.EclipseLogger - Using platform encoding (Cp1252 actually) to copy filtered resources, i.e. build is platform dependent!
2022-02-05 21:29:54,191 [Worker-134: Building] INFO  o.e.m.c.i.embedder.EclipseLogger - skip non existing resourceDirectory D:\Documents\QA Engineer\Learn and Teach\JAVA BDD Cucumber Web, Mobile and API Testing\JavaAPITesting\JavaAPITesting\src\main\resources
2022-02-05 21:29:54,192 [Worker-134: Building] WARN  o.e.m.c.i.embedder.EclipseLogger - Using platform encoding (Cp1252 actually) to copy filtered resources, i.e. build is platform dependent!
2022-02-05 21:29:54,193 [Worker-134: Building] INFO  o.e.m.c.i.embedder.EclipseLogger - skip non existing resourceDirectory D:\Documents\QA Engineer\Learn and Teach\JAVA BDD Cucumber Web, Mobile and API Testing\JavaAPITesting\JavaAPITesting\src\test\resources
2022-02-05 21:31:40,020 [Worker-128: Building] WARN  o.e.m.c.i.embedder.EclipseLogger - Using platform encoding (Cp1252 actually) to copy filtered resources, i.e. build is platform dependent!
2022-02-05 21:31:40,021 [Worker-128: Building] INFO  o.e.m.c.i.embedder.EclipseLogger - skip non existing resourceDirectory D:\Documents\QA Engineer\Learn and Teach\JAVA BDD Cucumber Web, Mobile and API Testing\JavaAPITesting\JavaAPITesting\src\main\resources
2022-02-05 21:31:40,022 [Worker-128: Building] WARN  o.e.m.c.i.embedder.EclipseLogger - Using platform encoding (Cp1252 actually) to copy filtered resources, i.e. build is platform dependent!
2022-02-05 21:31:40,023 [Worker-128: Building] INFO  o.e.m.c.i.embedder.EclipseLogger - skip non existing resourceDirectory D:\Documents\QA Engineer\Learn and Teach\JAVA BDD Cucumber Web, Mobile and API Testing\JavaAPITesting\JavaAPITesting\src\test\resources
2022-02-05 21:32:40,320 [Worker-132: Building] WARN  o.e.m.c.i.embedder.EclipseLogger - Using platform encoding (Cp1252 actually) to copy filtered resources, i.e. build is platform dependent!
2022-02-05 21:32:40,320 [Worker-132: Building] INFO  o.e.m.c.i.embedder.EclipseLogger - skip non existing resourceDirectory D:\Documents\QA Engineer\Learn and Teach\JAVA BDD Cucumber Web, Mobile and API Testing\JavaAPITesting\JavaAPITesting\src\main\resources
2022-02-05 21:32:40,321 [Worker-132: Building] WARN  o.e.m.c.i.embedder.EclipseLogger - Using platform encoding (Cp1252 actually) to copy filtered resources, i.e. build is platform dependent!
2022-02-05 21:32:40,322 [Worker-132: Building] INFO  o.e.m.c.i.embedder.EclipseLogger - skip non existing resourceDirectory D:\Documents\QA Engineer\Learn and Teach\JAVA BDD Cucumber Web, Mobile and API Testing\JavaAPITesting\JavaAPITesting\src\test\resources
2022-02-05 21:33:03,970 [Worker-128: Building] WARN  o.e.m.c.i.embedder.EclipseLogger - Using platform encoding (Cp1252 actually) to copy filtered resources, i.e. build is platform dependent!
2022-02-05 21:33:03,971 [Worker-128: Building] INFO  o.e.m.c.i.embedder.EclipseLogger - skip non existing resourceDirectory D:\Documents\QA Engineer\Learn and Teach\JAVA BDD Cucumber Web, Mobile and API Testing\JavaAPITesting\JavaAPITesting\src\main\resources
2022-02-05 21:33:03,972 [Worker-128: Building] WARN  o.e.m.c.i.embedder.EclipseLogger - Using platform encoding (Cp1252 actually) to copy filtered resources, i.e. build is platform dependent!
2022-02-05 21:33:03,972 [Worker-128: Building] INFO  o.e.m.c.i.embedder.EclipseLogger - skip non existing resourceDirectory D:\Documents\QA Engineer\Learn and Teach\JAVA BDD Cucumber Web, Mobile and API Testing\JavaAPITesting\JavaAPITesting\src\test\resources
2022-02-05 21:33:35,592 [Worker-132: Building] WARN  o.e.m.c.i.embedder.EclipseLogger - Using platform encoding (Cp1252 actually) to copy filtered resources, i.e. build is platform dependent!
2022-02-05 21:33:35,593 [Worker-132: Building] INFO  o.e.m.c.i.embedder.EclipseLogger - skip non existing resourceDirectory D:\Documents\QA Engineer\Learn and Teach\JAVA BDD Cucumber Web, Mobile and API Testing\JavaAPITesting\JavaAPITesting\src\main\resources
2022-02-05 21:33:35,594 [Worker-132: Building] WARN  o.e.m.c.i.embedder.EclipseLogger - Using platform encoding (Cp1252 actually) to copy filtered resources, i.e. build is platform dependent!
2022-02-05 21:33:35,595 [Worker-132: Building] INFO  o.e.m.c.i.embedder.EclipseLogger - skip non existing resourceDirectory D:\Documents\QA Engineer\Learn and Teach\JAVA BDD Cucumber Web, Mobile and API Testing\JavaAPITesting\JavaAPITesting\src\test\resources
2022-02-05 21:34:09,707 [Worker-128: Building] WARN  o.e.m.c.i.embedder.EclipseLogger - Using platform encoding (Cp1252 actually) to copy filtered resources, i.e. build is platform dependent!
2022-02-05 21:34:09,708 [Worker-128: Building] INFO  o.e.m.c.i.embedder.EclipseLogger - skip non existing resourceDirectory D:\Documents\QA Engineer\Learn and Teach\JAVA BDD Cucumber Web, Mobile and API Testing\JavaAPITesting\JavaAPITesting\src\main\resources
2022-02-05 21:34:09,709 [Worker-128: Building] WARN  o.e.m.c.i.embedder.EclipseLogger - Using platform encoding (Cp1252 actually) to copy filtered resources, i.e. build is platform dependent!
2022-02-05 21:34:09,709 [Worker-128: Building] INFO  o.e.m.c.i.embedder.EclipseLogger - skip non existing resourceDirectory D:\Documents\QA Engineer\Learn and Teach\JAVA BDD Cucumber Web, Mobile and API Testing\JavaAPITesting\JavaAPITesting\src\test\resources
2022-02-05 21:34:54,054 [Worker-127: Building] WARN  o.e.m.c.i.embedder.EclipseLogger - Using platform encoding (Cp1252 actually) to copy filtered resources, i.e. build is platform dependent!
2022-02-05 21:34:54,055 [Worker-127: Building] INFO  o.e.m.c.i.embedder.EclipseLogger - skip non existing resourceDirectory D:\Documents\QA Engineer\Learn and Teach\JAVA BDD Cucumber Web, Mobile and API Testing\JavaAPITesting\JavaAPITesting\src\main\resources
2022-02-05 21:34:54,056 [Worker-127: Building] WARN  o.e.m.c.i.embedder.EclipseLogger - Using platform encoding (Cp1252 actually) to copy filtered resources, i.e. build is platform dependent!
2022-02-05 21:34:54,057 [Worker-127: Building] INFO  o.e.m.c.i.embedder.EclipseLogger - skip non existing resourceDirectory D:\Documents\QA Engineer\Learn and Teach\JAVA BDD Cucumber Web, Mobile and API Testing\JavaAPITesting\JavaAPITesting\src\test\resources
2022-02-05 21:35:06,645 [Worker-127: Building] WARN  o.e.m.c.i.embedder.EclipseLogger - Using platform encoding (Cp1252 actually) to copy filtered resources, i.e. build is platform dependent!
2022-02-05 21:35:06,646 [Worker-127: Building] INFO  o.e.m.c.i.embedder.EclipseLogger - skip non existing resourceDirectory D:\Documents\QA Engineer\Learn and Teach\JAVA BDD Cucumber Web, Mobile and API Testing\JavaAPITesting\JavaAPITesting\src\main\resources
2022-02-05 21:35:06,647 [Worker-127: Building] WARN  o.e.m.c.i.embedder.EclipseLogger - Using platform encoding (Cp1252 actually) to copy filtered resources, i.e. build is platform dependent!
2022-02-05 21:35:06,647 [Worker-127: Building] INFO  o.e.m.c.i.embedder.EclipseLogger - skip non existing resourceDirectory D:\Documents\QA Engineer\Learn and Teach\JAVA BDD Cucumber Web, Mobile and API Testing\JavaAPITesting\JavaAPITesting\src\test\resources
2022-02-05 21:35:12,016 [Worker-127: Building] WARN  o.e.m.c.i.embedder.EclipseLogger - Using platform encoding (Cp1252 actually) to copy filtered resources, i.e. build is platform dependent!
2022-02-05 21:35:12,017 [Worker-127: Building] INFO  o.e.m.c.i.embedder.EclipseLogger - skip non existing resourceDirectory D:\Documents\QA Engineer\Learn and Teach\JAVA BDD Cucumber Web, Mobile and API Testing\JavaAPITesting\JavaAPITesting\src\main\resources
2022-02-05 21:35:12,018 [Worker-127: Building] WARN  o.e.m.c.i.embedder.EclipseLogger - Using platform encoding (Cp1252 actually) to copy filtered resources, i.e. build is platform dependent!
2022-02-05 21:35:12,019 [Worker-127: Building] INFO  o.e.m.c.i.embedder.EclipseLogger - skip non existing resourceDirectory D:\Documents\QA Engineer\Learn and Teach\JAVA BDD Cucumber Web, Mobile and API Testing\JavaAPITesting\JavaAPITesting\src\test\resources
2022-02-05 21:35:21,543 [Worker-127: Building] WARN  o.e.m.c.i.embedder.EclipseLogger - Using platform encoding (Cp1252 actually) to copy filtered resources, i.e. build is platform dependent!
2022-02-05 21:35:21,543 [Worker-127: Building] INFO  o.e.m.c.i.embedder.EclipseLogger - skip non existing resourceDirectory D:\Documents\QA Engineer\Learn and Teach\JAVA BDD Cucumber Web, Mobile and API Testing\JavaAPITesting\JavaAPITesting\src\main\resources
2022-02-05 21:35:21,544 [Worker-127: Building] WARN  o.e.m.c.i.embedder.EclipseLogger - Using platform encoding (Cp1252 actually) to copy filtered resources, i.e. build is platform dependent!
2022-02-05 21:35:21,545 [Worker-127: Building] INFO  o.e.m.c.i.embedder.EclipseLogger - skip non existing resourceDirectory D:\Documents\QA Engineer\Learn and Teach\JAVA BDD Cucumber Web, Mobile and API Testing\JavaAPITesting\JavaAPITesting\src\test\resources
2022-02-05 21:35:55,020 [Worker-132: Building] INFO  o.e.m.c.i.l.LifecycleMappingFactory - Using org.eclipse.m2e.jdt.JarLifecycleMapping lifecycle mapping for MavenProject: ApiTesting:JavaAPITesting:0.0.1-SNAPSHOT @ D:\Documents\QA Engineer\Learn and Teach\JAVA BDD Cucumber Web, Mobile and API Testing\JavaAPITesting\JavaAPITesting\pom.xml.
2022-02-05 21:35:55,193 [Worker-132: Building] WARN  o.e.m.c.i.embedder.EclipseLogger - The artifact info.cukes:cucumber-java:pom:1.2.6 has been relocated to io.cucumber:cucumber-java:pom:1.2.6
2022-02-05 21:35:55,928 [Worker-132: Building] WARN  o.e.m.c.i.embedder.EclipseLogger - Using platform encoding (Cp1252 actually) to copy filtered resources, i.e. build is platform dependent!
2022-02-05 21:35:55,929 [Worker-132: Building] INFO  o.e.m.c.i.embedder.EclipseLogger - skip non existing resourceDirectory D:\Documents\QA Engineer\Learn and Teach\JAVA BDD Cucumber Web, Mobile and API Testing\JavaAPITesting\JavaAPITesting\src\main\resources
2022-02-05 21:35:55,930 [Worker-132: Building] WARN  o.e.m.c.i.embedder.EclipseLogger - Using platform encoding (Cp1252 actually) to copy filtered resources, i.e. build is platform dependent!
2022-02-05 21:35:55,931 [Worker-132: Building] INFO  o.e.m.c.i.embedder.EclipseLogger - skip non existing resourceDirectory D:\Documents\QA Engineer\Learn and Teach\JAVA BDD Cucumber Web, Mobile and API Testing\JavaAPITesting\JavaAPITesting\src\test\resources
2022-02-05 21:35:57,203 [Worker-128: Building] WARN  o.e.m.c.i.embedder.EclipseLogger - The artifact info.cukes:cucumber-java:pom:1.2.6 has been relocated to io.cucumber:cucumber-java:pom:1.2.6
2022-02-05 21:35:57,227 [Worker-128: Building] WARN  o.e.m.c.i.embedder.EclipseLogger - Using platform encoding (Cp1252 actually) to copy filtered resources, i.e. build is platform dependent!
2022-02-05 21:35:57,227 [Worker-128: Building] INFO  o.e.m.c.i.embedder.EclipseLogger - skip non existing resourceDirectory D:\Documents\QA Engineer\Learn and Teach\JAVA BDD Cucumber Web, Mobile and API Testing\JavaAPITesting\JavaAPITesting\src\main\resources
2022-02-05 21:35:57,228 [Worker-128: Building] WARN  o.e.m.c.i.embedder.EclipseLogger - Using platform encoding (Cp1252 actually) to copy filtered resources, i.e. build is platform dependent!
2022-02-05 21:35:57,229 [Worker-128: Building] INFO  o.e.m.c.i.embedder.EclipseLogger - skip non existing resourceDirectory D:\Documents\QA Engineer\Learn and Teach\JAVA BDD Cucumber Web, Mobile and API Testing\JavaAPITesting\JavaAPITesting\src\test\resources
2022-02-05 21:36:01,555 [Worker-130: Building] WARN  o.e.m.c.i.embedder.EclipseLogger - Using platform encoding (Cp1252 actually) to copy filtered resources, i.e. build is platform dependent!
2022-02-05 21:36:01,556 [Worker-130: Building] INFO  o.e.m.c.i.embedder.EclipseLogger - skip non existing resourceDirectory D:\Documents\QA Engineer\Learn and Teach\JAVA BDD Cucumber Web, Mobile and API Testing\JavaAPITesting\JavaAPITesting\src\main\resources
2022-02-05 21:36:01,557 [Worker-130: Building] WARN  o.e.m.c.i.embedder.EclipseLogger - Using platform encoding (Cp1252 actually) to copy filtered resources, i.e. build is platform dependent!
2022-02-05 21:36:01,557 [Worker-130: Building] INFO  o.e.m.c.i.embedder.EclipseLogger - skip non existing resourceDirectory D:\Documents\QA Engineer\Learn and Teach\JAVA BDD Cucumber Web, Mobile and API Testing\JavaAPITesting\JavaAPITesting\src\test\resources
2022-02-05 21:36:19,701 [Worker-135: Building] WARN  o.e.m.c.i.embedder.EclipseLogger - Using platform encoding (Cp1252 actually) to copy filtered resources, i.e. build is platform dependent!
2022-02-05 21:36:19,702 [Worker-135: Building] INFO  o.e.m.c.i.embedder.EclipseLogger - skip non existing resourceDirectory D:\Documents\QA Engineer\Learn and Teach\JAVA BDD Cucumber Web, Mobile and API Testing\JavaAPITesting\JavaAPITesting\src\main\resources
2022-02-05 21:36:19,703 [Worker-135: Building] WARN  o.e.m.c.i.embedder.EclipseLogger - Using platform encoding (Cp1252 actually) to copy filtered resources, i.e. build is platform dependent!
2022-02-05 21:36:19,703 [Worker-135: Building] INFO  o.e.m.c.i.embedder.EclipseLogger - skip non existing resourceDirectory D:\Documents\QA Engineer\Learn and Teach\JAVA BDD Cucumber Web, Mobile and API Testing\JavaAPITesting\JavaAPITesting\src\test\resources
2022-02-05 21:37:23,531 [Worker-127: Building] INFO  o.e.m.c.i.l.LifecycleMappingFactory - Using org.eclipse.m2e.jdt.JarLifecycleMapping lifecycle mapping for MavenProject: ApiTesting:JavaAPITesting:0.0.1-SNAPSHOT @ D:\Documents\QA Engineer\Learn and Teach\JAVA BDD Cucumber Web, Mobile and API Testing\JavaAPITesting\JavaAPITesting\pom.xml.
2022-02-05 21:37:23,693 [Worker-127: Building] WARN  o.e.m.c.i.embedder.EclipseLogger - The artifact info.cukes:cucumber-java:pom:1.2.6 has been relocated to io.cucumber:cucumber-java:pom:1.2.6
2022-02-05 21:37:24,171 [Worker-127: Building] WARN  o.e.m.c.i.embedder.EclipseLogger - Using platform encoding (Cp1252 actually) to copy filtered resources, i.e. build is platform dependent!
2022-02-05 21:37:24,172 [Worker-127: Building] INFO  o.e.m.c.i.embedder.EclipseLogger - skip non existing resourceDirectory D:\Documents\QA Engineer\Learn and Teach\JAVA BDD Cucumber Web, Mobile and API Testing\JavaAPITesting\JavaAPITesting\src\main\resources
2022-02-05 21:37:24,174 [Worker-127: Building] WARN  o.e.m.c.i.embedder.EclipseLogger - Using platform encoding (Cp1252 actually) to copy filtered resources, i.e. build is platform dependent!
2022-02-05 21:37:24,175 [Worker-127: Building] INFO  o.e.m.c.i.embedder.EclipseLogger - skip non existing resourceDirectory D:\Documents\QA Engineer\Learn and Teach\JAVA BDD Cucumber Web, Mobile and API Testing\JavaAPITesting\JavaAPITesting\src\test\resources
2022-02-05 21:37:25,444 [Worker-135: Building] WARN  o.e.m.c.i.embedder.EclipseLogger - The artifact info.cukes:cucumber-java:pom:1.2.6 has been relocated to io.cucumber:cucumber-java:pom:1.2.6
2022-02-05 21:37:25,462 [Worker-135: Building] WARN  o.e.m.c.i.embedder.EclipseLogger - Using platform encoding (Cp1252 actually) to copy filtered resources, i.e. build is platform dependent!
2022-02-05 21:37:25,462 [Worker-135: Building] INFO  o.e.m.c.i.embedder.EclipseLogger - skip non existing resourceDirectory D:\Documents\QA Engineer\Learn and Teach\JAVA BDD Cucumber Web, Mobile and API Testing\JavaAPITesting\JavaAPITesting\src\main\resources
2022-02-05 21:37:25,463 [Worker-135: Building] WARN  o.e.m.c.i.embedder.EclipseLogger - Using platform encoding (Cp1252 actually) to copy filtered resources, i.e. build is platform dependent!
2022-02-05 21:37:25,464 [Worker-135: Building] INFO  o.e.m.c.i.embedder.EclipseLogger - skip non existing resourceDirectory D:\Documents\QA Engineer\Learn and Teach\JAVA BDD Cucumber Web, Mobile and API Testing\JavaAPITesting\JavaAPITesting\src\test\resources
2022-02-05 21:38:29,721 [Worker-135: Building] WARN  o.e.m.c.i.embedder.EclipseLogger - Using platform encoding (Cp1252 actually) to copy filtered resources, i.e. build is platform dependent!
2022-02-05 21:38:29,724 [Worker-135: Building] INFO  o.e.m.c.i.embedder.EclipseLogger - skip non existing resourceDirectory D:\Documents\QA Engineer\Learn and Teach\JAVA BDD Cucumber Web, Mobile and API Testing\JavaAPITesting\JavaAPITesting\src\main\resources
2022-02-05 21:38:29,725 [Worker-135: Building] WARN  o.e.m.c.i.embedder.EclipseLogger - Using platform encoding (Cp1252 actually) to copy filtered resources, i.e. build is platform dependent!
2022-02-05 21:38:29,725 [Worker-135: Building] INFO  o.e.m.c.i.embedder.EclipseLogger - skip non existing resourceDirectory D:\Documents\QA Engineer\Learn and Teach\JAVA BDD Cucumber Web, Mobile and API Testing\JavaAPITesting\JavaAPITesting\src\test\resources
2022-02-05 21:38:39,363 [Worker-132: Building] WARN  o.e.m.c.i.embedder.EclipseLogger - Using platform encoding (Cp1252 actually) to copy filtered resources, i.e. build is platform dependent!
2022-02-05 21:38:39,364 [Worker-132: Building] INFO  o.e.m.c.i.embedder.EclipseLogger - skip non existing resourceDirectory D:\Documents\QA Engineer\Learn and Teach\JAVA BDD Cucumber Web, Mobile and API Testing\JavaAPITesting\JavaAPITesting\src\main\resources
2022-02-05 21:38:39,364 [Worker-132: Building] WARN  o.e.m.c.i.embedder.EclipseLogger - Using platform encoding (Cp1252 actually) to copy filtered resources, i.e. build is platform dependent!
2022-02-05 21:38:39,365 [Worker-132: Building] INFO  o.e.m.c.i.embedder.EclipseLogger - skip non existing resourceDirectory D:\Documents\QA Engineer\Learn and Teach\JAVA BDD Cucumber Web, Mobile and API Testing\JavaAPITesting\JavaAPITesting\src\test\resources
2022-02-05 21:39:27,426 [Worker-128: Building] WARN  o.e.m.c.i.embedder.EclipseLogger - Using platform encoding (Cp1252 actually) to copy filtered resources, i.e. build is platform dependent!
2022-02-05 21:39:27,427 [Worker-128: Building] INFO  o.e.m.c.i.embedder.EclipseLogger - skip non existing resourceDirectory D:\Documents\QA Engineer\Learn and Teach\JAVA BDD Cucumber Web, Mobile and API Testing\JavaAPITesting\JavaAPITesting\src\main\resources
2022-02-05 21:39:27,428 [Worker-128: Building] WARN  o.e.m.c.i.embedder.EclipseLogger - Using platform encoding (Cp1252 actually) to copy filtered resources, i.e. build is platform dependent!
2022-02-05 21:39:27,428 [Worker-128: Building] INFO  o.e.m.c.i.embedder.EclipseLogger - skip non existing resourceDirectory D:\Documents\QA Engineer\Learn and Teach\JAVA BDD Cucumber Web, Mobile and API Testing\JavaAPITesting\JavaAPITesting\src\test\resources
2022-02-05 21:40:05,864 [Worker-132: Building] WARN  o.e.m.c.i.embedder.EclipseLogger - Using platform encoding (Cp1252 actually) to copy filtered resources, i.e. build is platform dependent!
2022-02-05 21:40:05,865 [Worker-132: Building] INFO  o.e.m.c.i.embedder.EclipseLogger - skip non existing resourceDirectory D:\Documents\QA Engineer\Learn and Teach\JAVA BDD Cucumber Web, Mobile and API Testing\JavaAPITesting\JavaAPITesting\src\main\resources
2022-02-05 21:40:05,866 [Worker-132: Building] WARN  o.e.m.c.i.embedder.EclipseLogger - Using platform encoding (Cp1252 actually) to copy filtered resources, i.e. build is platform dependent!
2022-02-05 21:40:05,867 [Worker-132: Building] INFO  o.e.m.c.i.embedder.EclipseLogger - skip non existing resourceDirectory D:\Documents\QA Engineer\Learn and Teach\JAVA BDD Cucumber Web, Mobile and API Testing\JavaAPITesting\JavaAPITesting\src\test\resources
2022-02-05 21:40:27,726 [Worker-128: Building] WARN  o.e.m.c.i.embedder.EclipseLogger - Using platform encoding (Cp1252 actually) to copy filtered resources, i.e. build is platform dependent!
2022-02-05 21:40:27,727 [Worker-128: Building] INFO  o.e.m.c.i.embedder.EclipseLogger - skip non existing resourceDirectory D:\Documents\QA Engineer\Learn and Teach\JAVA BDD Cucumber Web, Mobile and API Testing\JavaAPITesting\JavaAPITesting\src\main\resources
2022-02-05 21:40:27,728 [Worker-128: Building] WARN  o.e.m.c.i.embedder.EclipseLogger - Using platform encoding (Cp1252 actually) to copy filtered resources, i.e. build is platform dependent!
2022-02-05 21:40:27,729 [Worker-128: Building] INFO  o.e.m.c.i.embedder.EclipseLogger - skip non existing resourceDirectory D:\Documents\QA Engineer\Learn and Teach\JAVA BDD Cucumber Web, Mobile and API Testing\JavaAPITesting\JavaAPITesting\src\test\resources
2022-02-05 21:40:53,477 [Worker-133: Building] WARN  o.e.m.c.i.embedder.EclipseLogger - Using platform encoding (Cp1252 actually) to copy filtered resources, i.e. build is platform dependent!
2022-02-05 21:40:53,477 [Worker-133: Building] INFO  o.e.m.c.i.embedder.EclipseLogger - skip non existing resourceDirectory D:\Documents\QA Engineer\Learn and Teach\JAVA BDD Cucumber Web, Mobile and API Testing\JavaAPITesting\JavaAPITesting\src\main\resources
2022-02-05 21:40:53,480 [Worker-133: Building] WARN  o.e.m.c.i.embedder.EclipseLogger - Using platform encoding (Cp1252 actually) to copy filtered resources, i.e. build is platform dependent!
2022-02-05 21:40:53,480 [Worker-133: Building] INFO  o.e.m.c.i.embedder.EclipseLogger - skip non existing resourceDirectory D:\Documents\QA Engineer\Learn and Teach\JAVA BDD Cucumber Web, Mobile and API Testing\JavaAPITesting\JavaAPITesting\src\test\resources
2022-02-05 21:41:20,290 [Worker-130: Building] WARN  o.e.m.c.i.embedder.EclipseLogger - Using platform encoding (Cp1252 actually) to copy filtered resources, i.e. build is platform dependent!
2022-02-05 21:41:20,291 [Worker-130: Building] INFO  o.e.m.c.i.embedder.EclipseLogger - skip non existing resourceDirectory D:\Documents\QA Engineer\Learn and Teach\JAVA BDD Cucumber Web, Mobile and API Testing\JavaAPITesting\JavaAPITesting\src\main\resources
2022-02-05 21:41:20,292 [Worker-130: Building] WARN  o.e.m.c.i.embedder.EclipseLogger - Using platform encoding (Cp1252 actually) to copy filtered resources, i.e. build is platform dependent!
2022-02-05 21:41:20,292 [Worker-130: Building] INFO  o.e.m.c.i.embedder.EclipseLogger - skip non existing resourceDirectory D:\Documents\QA Engineer\Learn and Teach\JAVA BDD Cucumber Web, Mobile and API Testing\JavaAPITesting\JavaAPITesting\src\test\resources
2022-02-05 21:42:22,817 [Worker-135: Building] WARN  o.e.m.c.i.embedder.EclipseLogger - Using platform encoding (Cp1252 actually) to copy filtered resources, i.e. build is platform dependent!
2022-02-05 21:42:22,818 [Worker-135: Building] INFO  o.e.m.c.i.embedder.EclipseLogger - skip non existing resourceDirectory D:\Documents\QA Engineer\Learn and Teach\JAVA BDD Cucumber Web, Mobile and API Testing\JavaAPITesting\JavaAPITesting\src\main\resources
2022-02-05 21:42:22,820 [Worker-135: Building] WARN  o.e.m.c.i.embedder.EclipseLogger - Using platform encoding (Cp1252 actually) to copy filtered resources, i.e. build is platform dependent!
2022-02-05 21:42:22,820 [Worker-135: Building] INFO  o.e.m.c.i.embedder.EclipseLogger - skip non existing resourceDirectory D:\Documents\QA Engineer\Learn and Teach\JAVA BDD Cucumber Web, Mobile and API Testing\JavaAPITesting\JavaAPITesting\src\test\resources
2022-02-05 21:42:54,177 [Worker-130: Building] WARN  o.e.m.c.i.embedder.EclipseLogger - Using platform encoding (Cp1252 actually) to copy filtered resources, i.e. build is platform dependent!
2022-02-05 21:42:54,178 [Worker-130: Building] INFO  o.e.m.c.i.embedder.EclipseLogger - skip non existing resourceDirectory D:\Documents\QA Engineer\Learn and Teach\JAVA BDD Cucumber Web, Mobile and API Testing\JavaAPITesting\JavaAPITesting\src\main\resources
2022-02-05 21:42:54,179 [Worker-130: Building] WARN  o.e.m.c.i.embedder.EclipseLogger - Using platform encoding (Cp1252 actually) to copy filtered resources, i.e. build is platform dependent!
2022-02-05 21:42:54,180 [Worker-130: Building] INFO  o.e.m.c.i.embedder.EclipseLogger - skip non existing resourceDirectory D:\Documents\QA Engineer\Learn and Teach\JAVA BDD Cucumber Web, Mobile and API Testing\JavaAPITesting\JavaAPITesting\src\test\resources
2022-02-05 21:43:17,534 [Worker-128: Building] WARN  o.e.m.c.i.embedder.EclipseLogger - Using platform encoding (Cp1252 actually) to copy filtered resources, i.e. build is platform dependent!
2022-02-05 21:43:17,535 [Worker-128: Building] INFO  o.e.m.c.i.embedder.EclipseLogger - skip non existing resourceDirectory D:\Documents\QA Engineer\Learn and Teach\JAVA BDD Cucumber Web, Mobile and API Testing\JavaAPITesting\JavaAPITesting\src\main\resources
2022-02-05 21:43:17,536 [Worker-128: Building] WARN  o.e.m.c.i.embedder.EclipseLogger - Using platform encoding (Cp1252 actually) to copy filtered resources, i.e. build is platform dependent!
2022-02-05 21:43:17,536 [Worker-128: Building] INFO  o.e.m.c.i.embedder.EclipseLogger - skip non existing resourceDirectory D:\Documents\QA Engineer\Learn and Teach\JAVA BDD Cucumber Web, Mobile and API Testing\JavaAPITesting\JavaAPITesting\src\test\resources
2022-02-05 21:46:16,738 [Worker-134: Building] WARN  o.e.m.c.i.embedder.EclipseLogger - Using platform encoding (Cp1252 actually) to copy filtered resources, i.e. build is platform dependent!
2022-02-05 21:46:16,739 [Worker-134: Building] INFO  o.e.m.c.i.embedder.EclipseLogger - skip non existing resourceDirectory D:\Documents\QA Engineer\Learn and Teach\JAVA BDD Cucumber Web, Mobile and API Testing\JavaAPITesting\JavaAPITesting\src\main\resources
2022-02-05 21:46:16,740 [Worker-134: Building] WARN  o.e.m.c.i.embedder.EclipseLogger - Using platform encoding (Cp1252 actually) to copy filtered resources, i.e. build is platform dependent!
2022-02-05 21:46:16,740 [Worker-134: Building] INFO  o.e.m.c.i.embedder.EclipseLogger - skip non existing resourceDirectory D:\Documents\QA Engineer\Learn and Teach\JAVA BDD Cucumber Web, Mobile and API Testing\JavaAPITesting\JavaAPITesting\src\test\resources
2022-02-05 21:46:48,092 [Worker-137: Building] WARN  o.e.m.c.i.embedder.EclipseLogger - Using platform encoding (Cp1252 actually) to copy filtered resources, i.e. build is platform dependent!
2022-02-05 21:46:48,093 [Worker-137: Building] INFO  o.e.m.c.i.embedder.EclipseLogger - skip non existing resourceDirectory D:\Documents\QA Engineer\Learn and Teach\JAVA BDD Cucumber Web, Mobile and API Testing\JavaAPITesting\JavaAPITesting\src\main\resources
2022-02-05 21:46:48,094 [Worker-137: Building] WARN  o.e.m.c.i.embedder.EclipseLogger - Using platform encoding (Cp1252 actually) to copy filtered resources, i.e. build is platform dependent!
2022-02-05 21:46:48,095 [Worker-137: Building] INFO  o.e.m.c.i.embedder.EclipseLogger - skip non existing resourceDirectory D:\Documents\QA Engineer\Learn and Teach\JAVA BDD Cucumber Web, Mobile and API Testing\JavaAPITesting\JavaAPITesting\src\test\resources
2022-02-05 21:46:51,826 [Worker-136: Building] WARN  o.e.m.c.i.embedder.EclipseLogger - Using platform encoding (Cp1252 actually) to copy filtered resources, i.e. build is platform dependent!
2022-02-05 21:46:51,827 [Worker-136: Building] INFO  o.e.m.c.i.embedder.EclipseLogger - skip non existing resourceDirectory D:\Documents\QA Engineer\Learn and Teach\JAVA BDD Cucumber Web, Mobile and API Testing\JavaAPITesting\JavaAPITesting\src\main\resources
2022-02-05 21:46:51,828 [Worker-136: Building] WARN  o.e.m.c.i.embedder.EclipseLogger - Using platform encoding (Cp1252 actually) to copy filtered resources, i.e. build is platform dependent!
2022-02-05 21:46:51,828 [Worker-136: Building] INFO  o.e.m.c.i.embedder.EclipseLogger - skip non existing resourceDirectory D:\Documents\QA Engineer\Learn and Teach\JAVA BDD Cucumber Web, Mobile and API Testing\JavaAPITesting\JavaAPITesting\src\test\resources
2022-02-05 21:47:19,595 [Worker-134: Building] WARN  o.e.m.c.i.embedder.EclipseLogger - Using platform encoding (Cp1252 actually) to copy filtered resources, i.e. build is platform dependent!
2022-02-05 21:47:19,595 [Worker-134: Building] INFO  o.e.m.c.i.embedder.EclipseLogger - skip non existing resourceDirectory D:\Documents\QA Engineer\Learn and Teach\JAVA BDD Cucumber Web, Mobile and API Testing\JavaAPITesting\JavaAPITesting\src\main\resources
2022-02-05 21:47:19,597 [Worker-134: Building] WARN  o.e.m.c.i.embedder.EclipseLogger - Using platform encoding (Cp1252 actually) to copy filtered resources, i.e. build is platform dependent!
2022-02-05 21:47:19,597 [Worker-134: Building] INFO  o.e.m.c.i.embedder.EclipseLogger - skip non existing resourceDirectory D:\Documents\QA Engineer\Learn and Teach\JAVA BDD Cucumber Web, Mobile and API Testing\JavaAPITesting\JavaAPITesting\src\test\resources
2022-02-05 21:47:43,461 [Worker-130: Building] WARN  o.e.m.c.i.embedder.EclipseLogger - Using platform encoding (Cp1252 actually) to copy filtered resources, i.e. build is platform dependent!
2022-02-05 21:47:43,462 [Worker-130: Building] INFO  o.e.m.c.i.embedder.EclipseLogger - skip non existing resourceDirectory D:\Documents\QA Engineer\Learn and Teach\JAVA BDD Cucumber Web, Mobile and API Testing\JavaAPITesting\JavaAPITesting\src\main\resources
2022-02-05 21:47:43,463 [Worker-130: Building] WARN  o.e.m.c.i.embedder.EclipseLogger - Using platform encoding (Cp1252 actually) to copy filtered resources, i.e. build is platform dependent!
2022-02-05 21:47:43,464 [Worker-130: Building] INFO  o.e.m.c.i.embedder.EclipseLogger - skip non existing resourceDirectory D:\Documents\QA Engineer\Learn and Teach\JAVA BDD Cucumber Web, Mobile and API Testing\JavaAPITesting\JavaAPITesting\src\test\resources
2022-02-05 21:48:53,109 [Worker-136: Building] WARN  o.e.m.c.i.embedder.EclipseLogger - Using platform encoding (Cp1252 actually) to copy filtered resources, i.e. build is platform dependent!
2022-02-05 21:48:53,110 [Worker-136: Building] INFO  o.e.m.c.i.embedder.EclipseLogger - skip non existing resourceDirectory D:\Documents\QA Engineer\Learn and Teach\JAVA BDD Cucumber Web, Mobile and API Testing\JavaAPITesting\JavaAPITesting\src\main\resources
2022-02-05 21:48:53,111 [Worker-136: Building] WARN  o.e.m.c.i.embedder.EclipseLogger - Using platform encoding (Cp1252 actually) to copy filtered resources, i.e. build is platform dependent!
2022-02-05 21:48:53,111 [Worker-136: Building] INFO  o.e.m.c.i.embedder.EclipseLogger - skip non existing resourceDirectory D:\Documents\QA Engineer\Learn and Teach\JAVA BDD Cucumber Web, Mobile and API Testing\JavaAPITesting\JavaAPITesting\src\test\resources
2022-02-05 21:49:01,006 [Worker-136: Launching test] WARN  o.e.m.c.i.embedder.EclipseLogger - Using platform encoding (Cp1252 actually) to copy filtered resources, i.e. build is platform dependent!
2022-02-05 21:49:01,007 [Worker-136: Launching test] INFO  o.e.m.c.i.embedder.EclipseLogger - skip non existing resourceDirectory D:\Documents\QA Engineer\Learn and Teach\JAVA BDD Cucumber Web, Mobile and API Testing\JavaAPITesting\JavaAPITesting\src\main\resources
2022-02-05 21:49:01,008 [Worker-136: Launching test] WARN  o.e.m.c.i.embedder.EclipseLogger - Using platform encoding (Cp1252 actually) to copy filtered resources, i.e. build is platform dependent!
2022-02-05 21:49:01,009 [Worker-136: Launching test] INFO  o.e.m.c.i.embedder.EclipseLogger - skip non existing resourceDirectory D:\Documents\QA Engineer\Learn and Teach\JAVA BDD Cucumber Web, Mobile and API Testing\JavaAPITesting\JavaAPITesting\src\test\resources
2022-02-05 21:49:20,262 [Worker-138: Building] WARN  o.e.m.c.i.embedder.EclipseLogger - Using platform encoding (Cp1252 actually) to copy filtered resources, i.e. build is platform dependent!
2022-02-05 21:49:20,263 [Worker-138: Building] INFO  o.e.m.c.i.embedder.EclipseLogger - skip non existing resourceDirectory D:\Documents\QA Engineer\Learn and Teach\JAVA BDD Cucumber Web, Mobile and API Testing\JavaAPITesting\JavaAPITesting\src\main\resources
2022-02-05 21:49:20,264 [Worker-138: Building] WARN  o.e.m.c.i.embedder.EclipseLogger - Using platform encoding (Cp1252 actually) to copy filtered resources, i.e. build is platform dependent!
2022-02-05 21:49:20,265 [Worker-138: Building] INFO  o.e.m.c.i.embedder.EclipseLogger - skip non existing resourceDirectory D:\Documents\QA Engineer\Learn and Teach\JAVA BDD Cucumber Web, Mobile and API Testing\JavaAPITesting\JavaAPITesting\src\test\resources
2022-02-05 21:50:17,286 [Worker-140: Building] WARN  o.e.m.c.i.embedder.EclipseLogger - Using platform encoding (Cp1252 actually) to copy filtered resources, i.e. build is platform dependent!
2022-02-05 21:50:17,286 [Worker-140: Building] INFO  o.e.m.c.i.embedder.EclipseLogger - skip non existing resourceDirectory D:\Documents\QA Engineer\Learn and Teach\JAVA BDD Cucumber Web, Mobile and API Testing\JavaAPITesting\JavaAPITesting\src\main\resources
2022-02-05 21:50:17,287 [Worker-140: Building] WARN  o.e.m.c.i.embedder.EclipseLogger - Using platform encoding (Cp1252 actually) to copy filtered resources, i.e. build is platform dependent!
2022-02-05 21:50:17,288 [Worker-140: Building] INFO  o.e.m.c.i.embedder.EclipseLogger - skip non existing resourceDirectory D:\Documents\QA Engineer\Learn and Teach\JAVA BDD Cucumber Web, Mobile and API Testing\JavaAPITesting\JavaAPITesting\src\test\resources
2022-02-05 21:50:20,923 [Worker-141: Building] WARN  o.e.m.c.i.embedder.EclipseLogger - Using platform encoding (Cp1252 actually) to copy filtered resources, i.e. build is platform dependent!
2022-02-05 21:50:20,924 [Worker-141: Building] INFO  o.e.m.c.i.embedder.EclipseLogger - skip non existing resourceDirectory D:\Documents\QA Engineer\Learn and Teach\JAVA BDD Cucumber Web, Mobile and API Testing\JavaAPITesting\JavaAPITesting\src\main\resources
2022-02-05 21:50:20,924 [Worker-141: Building] WARN  o.e.m.c.i.embedder.EclipseLogger - Using platform encoding (Cp1252 actually) to copy filtered resources, i.e. build is platform dependent!
2022-02-05 21:50:20,925 [Worker-141: Building] INFO  o.e.m.c.i.embedder.EclipseLogger - skip non existing resourceDirectory D:\Documents\QA Engineer\Learn and Teach\JAVA BDD Cucumber Web, Mobile and API Testing\JavaAPITesting\JavaAPITesting\src\test\resources
2022-02-05 21:50:26,024 [Worker-140: Building] WARN  o.e.m.c.i.embedder.EclipseLogger - Using platform encoding (Cp1252 actually) to copy filtered resources, i.e. build is platform dependent!
2022-02-05 21:50:26,025 [Worker-140: Building] INFO  o.e.m.c.i.embedder.EclipseLogger - skip non existing resourceDirectory D:\Documents\QA Engineer\Learn and Teach\JAVA BDD Cucumber Web, Mobile and API Testing\JavaAPITesting\JavaAPITesting\src\main\resources
2022-02-05 21:50:26,025 [Worker-140: Building] WARN  o.e.m.c.i.embedder.EclipseLogger - Using platform encoding (Cp1252 actually) to copy filtered resources, i.e. build is platform dependent!
2022-02-05 21:50:26,026 [Worker-140: Building] INFO  o.e.m.c.i.embedder.EclipseLogger - skip non existing resourceDirectory D:\Documents\QA Engineer\Learn and Teach\JAVA BDD Cucumber Web, Mobile and API Testing\JavaAPITesting\JavaAPITesting\src\test\resources
2022-02-05 21:50:37,697 [Worker-134: Building] WARN  o.e.m.c.i.embedder.EclipseLogger - Using platform encoding (Cp1252 actually) to copy filtered resources, i.e. build is platform dependent!
2022-02-05 21:50:37,698 [Worker-134: Building] INFO  o.e.m.c.i.embedder.EclipseLogger - skip non existing resourceDirectory D:\Documents\QA Engineer\Learn and Teach\JAVA BDD Cucumber Web, Mobile and API Testing\JavaAPITesting\JavaAPITesting\src\main\resources
2022-02-05 21:50:37,699 [Worker-134: Building] WARN  o.e.m.c.i.embedder.EclipseLogger - Using platform encoding (Cp1252 actually) to copy filtered resources, i.e. build is platform dependent!
2022-02-05 21:50:37,699 [Worker-134: Building] INFO  o.e.m.c.i.embedder.EclipseLogger - skip non existing resourceDirectory D:\Documents\QA Engineer\Learn and Teach\JAVA BDD Cucumber Web, Mobile and API Testing\JavaAPITesting\JavaAPITesting\src\test\resources
2022-02-05 21:50:44,603 [Worker-138: Building] WARN  o.e.m.c.i.embedder.EclipseLogger - Using platform encoding (Cp1252 actually) to copy filtered resources, i.e. build is platform dependent!
2022-02-05 21:50:44,604 [Worker-138: Building] INFO  o.e.m.c.i.embedder.EclipseLogger - skip non existing resourceDirectory D:\Documents\QA Engineer\Learn and Teach\JAVA BDD Cucumber Web, Mobile and API Testing\JavaAPITesting\JavaAPITesting\src\main\resources
2022-02-05 21:50:44,605 [Worker-138: Building] WARN  o.e.m.c.i.embedder.EclipseLogger - Using platform encoding (Cp1252 actually) to copy filtered resources, i.e. build is platform dependent!
2022-02-05 21:50:44,605 [Worker-138: Building] INFO  o.e.m.c.i.embedder.EclipseLogger - skip non existing resourceDirectory D:\Documents\QA Engineer\Learn and Teach\JAVA BDD Cucumber Web, Mobile and API Testing\JavaAPITesting\JavaAPITesting\src\test\resources
2022-02-05 21:51:16,815 [Worker-134: Building] WARN  o.e.m.c.i.embedder.EclipseLogger - Using platform encoding (Cp1252 actually) to copy filtered resources, i.e. build is platform dependent!
2022-02-05 21:51:16,816 [Worker-134: Building] INFO  o.e.m.c.i.embedder.EclipseLogger - skip non existing resourceDirectory D:\Documents\QA Engineer\Learn and Teach\JAVA BDD Cucumber Web, Mobile and API Testing\JavaAPITesting\JavaAPITesting\src\main\resources
2022-02-05 21:51:16,817 [Worker-134: Building] WARN  o.e.m.c.i.embedder.EclipseLogger - Using platform encoding (Cp1252 actually) to copy filtered resources, i.e. build is platform dependent!
2022-02-05 21:51:16,817 [Worker-134: Building] INFO  o.e.m.c.i.embedder.EclipseLogger - skip non existing resourceDirectory D:\Documents\QA Engineer\Learn and Teach\JAVA BDD Cucumber Web, Mobile and API Testing\JavaAPITesting\JavaAPITesting\src\test\resources
2022-02-05 21:51:23,108 [Worker-138: Building] WARN  o.e.m.c.i.embedder.EclipseLogger - Using platform encoding (Cp1252 actually) to copy filtered resources, i.e. build is platform dependent!
2022-02-05 21:51:23,109 [Worker-138: Building] INFO  o.e.m.c.i.embedder.EclipseLogger - skip non existing resourceDirectory D:\Documents\QA Engineer\Learn and Teach\JAVA BDD Cucumber Web, Mobile and API Testing\JavaAPITesting\JavaAPITesting\src\main\resources
2022-02-05 21:51:23,109 [Worker-138: Building] WARN  o.e.m.c.i.embedder.EclipseLogger - Using platform encoding (Cp1252 actually) to copy filtered resources, i.e. build is platform dependent!
2022-02-05 21:51:23,110 [Worker-138: Building] INFO  o.e.m.c.i.embedder.EclipseLogger - skip non existing resourceDirectory D:\Documents\QA Engineer\Learn and Teach\JAVA BDD Cucumber Web, Mobile and API Testing\JavaAPITesting\JavaAPITesting\src\test\resources
2022-02-05 21:55:44,731 [Worker-141: Building] WARN  o.e.m.c.i.embedder.EclipseLogger - Using platform encoding (Cp1252 actually) to copy filtered resources, i.e. build is platform dependent!
2022-02-05 21:55:44,732 [Worker-141: Building] INFO  o.e.m.c.i.embedder.EclipseLogger - skip non existing resourceDirectory D:\Documents\QA Engineer\Learn and Teach\JAVA BDD Cucumber Web, Mobile and API Testing\JavaAPITesting\JavaAPITesting\src\main\resources
2022-02-05 21:55:44,738 [Worker-141: Building] WARN  o.e.m.c.i.embedder.EclipseLogger - Using platform encoding (Cp1252 actually) to copy filtered resources, i.e. build is platform dependent!
2022-02-05 21:55:44,740 [Worker-141: Building] INFO  o.e.m.c.i.embedder.EclipseLogger - skip non existing resourceDirectory D:\Documents\QA Engineer\Learn and Teach\JAVA BDD Cucumber Web, Mobile and API Testing\JavaAPITesting\JavaAPITesting\src\test\resources
2022-02-05 21:56:31,631 [Worker-142: Building] WARN  o.e.m.c.i.embedder.EclipseLogger - Using platform encoding (Cp1252 actually) to copy filtered resources, i.e. build is platform dependent!
2022-02-05 21:56:31,631 [Worker-142: Building] INFO  o.e.m.c.i.embedder.EclipseLogger - skip non existing resourceDirectory D:\Documents\QA Engineer\Learn and Teach\JAVA BDD Cucumber Web, Mobile and API Testing\JavaAPITesting\JavaAPITesting\src\main\resources
2022-02-05 21:56:31,632 [Worker-142: Building] WARN  o.e.m.c.i.embedder.EclipseLogger - Using platform encoding (Cp1252 actually) to copy filtered resources, i.e. build is platform dependent!
2022-02-05 21:56:31,633 [Worker-142: Building] INFO  o.e.m.c.i.embedder.EclipseLogger - skip non existing resourceDirectory D:\Documents\QA Engineer\Learn and Teach\JAVA BDD Cucumber Web, Mobile and API Testing\JavaAPITesting\JavaAPITesting\src\test\resources
2022-02-05 22:01:14,172 [Worker-144: Building] WARN  o.e.m.c.i.embedder.EclipseLogger - Using platform encoding (Cp1252 actually) to copy filtered resources, i.e. build is platform dependent!
2022-02-05 22:01:14,173 [Worker-144: Building] INFO  o.e.m.c.i.embedder.EclipseLogger - skip non existing resourceDirectory D:\Documents\QA Engineer\Learn and Teach\JAVA BDD Cucumber Web, Mobile and API Testing\JavaAPITesting\JavaAPITesting\src\main\resources
2022-02-05 22:01:14,174 [Worker-144: Building] WARN  o.e.m.c.i.embedder.EclipseLogger - Using platform encoding (Cp1252 actually) to copy filtered resources, i.e. build is platform dependent!
2022-02-05 22:01:14,174 [Worker-144: Building] INFO  o.e.m.c.i.embedder.EclipseLogger - skip non existing resourceDirectory D:\Documents\QA Engineer\Learn and Teach\JAVA BDD Cucumber Web, Mobile and API Testing\JavaAPITesting\JavaAPITesting\src\test\resources
2022-02-05 22:02:19,622 [Worker-145: Building] WARN  o.e.m.c.i.embedder.EclipseLogger - Using platform encoding (Cp1252 actually) to copy filtered resources, i.e. build is platform dependent!
2022-02-05 22:02:19,623 [Worker-145: Building] INFO  o.e.m.c.i.embedder.EclipseLogger - skip non existing resourceDirectory D:\Documents\QA Engineer\Learn and Teach\JAVA BDD Cucumber Web, Mobile and API Testing\JavaAPITesting\JavaAPITesting\src\main\resources
2022-02-05 22:02:19,624 [Worker-145: Building] WARN  o.e.m.c.i.embedder.EclipseLogger - Using platform encoding (Cp1252 actually) to copy filtered resources, i.e. build is platform dependent!
2022-02-05 22:02:19,624 [Worker-145: Building] INFO  o.e.m.c.i.embedder.EclipseLogger - skip non existing resourceDirectory D:\Documents\QA Engineer\Learn and Teach\JAVA BDD Cucumber Web, Mobile and API Testing\JavaAPITesting\JavaAPITesting\src\test\resources
2022-02-05 22:03:09,566 [Worker-146: Building] WARN  o.e.m.c.i.embedder.EclipseLogger - Using platform encoding (Cp1252 actually) to copy filtered resources, i.e. build is platform dependent!
2022-02-05 22:03:09,567 [Worker-146: Building] INFO  o.e.m.c.i.embedder.EclipseLogger - skip non existing resourceDirectory D:\Documents\QA Engineer\Learn and Teach\JAVA BDD Cucumber Web, Mobile and API Testing\JavaAPITesting\JavaAPITesting\src\main\resources
2022-02-05 22:03:09,567 [Worker-146: Building] WARN  o.e.m.c.i.embedder.EclipseLogger - Using platform encoding (Cp1252 actually) to copy filtered resources, i.e. build is platform dependent!
2022-02-05 22:03:09,568 [Worker-146: Building] INFO  o.e.m.c.i.embedder.EclipseLogger - skip non existing resourceDirectory D:\Documents\QA Engineer\Learn and Teach\JAVA BDD Cucumber Web, Mobile and API Testing\JavaAPITesting\JavaAPITesting\src\test\resources
2022-02-05 22:03:22,535 [Worker-145: Building] WARN  o.e.m.c.i.embedder.EclipseLogger - Using platform encoding (Cp1252 actually) to copy filtered resources, i.e. build is platform dependent!
2022-02-05 22:03:22,536 [Worker-145: Building] INFO  o.e.m.c.i.embedder.EclipseLogger - skip non existing resourceDirectory D:\Documents\QA Engineer\Learn and Teach\JAVA BDD Cucumber Web, Mobile and API Testing\JavaAPITesting\JavaAPITesting\src\main\resources
2022-02-05 22:03:22,537 [Worker-145: Building] WARN  o.e.m.c.i.embedder.EclipseLogger - Using platform encoding (Cp1252 actually) to copy filtered resources, i.e. build is platform dependent!
2022-02-05 22:03:22,538 [Worker-145: Building] INFO  o.e.m.c.i.embedder.EclipseLogger - skip non existing resourceDirectory D:\Documents\QA Engineer\Learn and Teach\JAVA BDD Cucumber Web, Mobile and API Testing\JavaAPITesting\JavaAPITesting\src\test\resources
2022-02-05 22:04:12,476 [Worker-145: Building] WARN  o.e.m.c.i.embedder.EclipseLogger - Using platform encoding (Cp1252 actually) to copy filtered resources, i.e. build is platform dependent!
2022-02-05 22:04:12,477 [Worker-145: Building] INFO  o.e.m.c.i.embedder.EclipseLogger - skip non existing resourceDirectory D:\Documents\QA Engineer\Learn and Teach\JAVA BDD Cucumber Web, Mobile and API Testing\JavaAPITesting\JavaAPITesting\src\main\resources
2022-02-05 22:04:12,478 [Worker-145: Building] WARN  o.e.m.c.i.embedder.EclipseLogger - Using platform encoding (Cp1252 actually) to copy filtered resources, i.e. build is platform dependent!
2022-02-05 22:04:12,479 [Worker-145: Building] INFO  o.e.m.c.i.embedder.EclipseLogger - skip non existing resourceDirectory D:\Documents\QA Engineer\Learn and Teach\JAVA BDD Cucumber Web, Mobile and API Testing\JavaAPITesting\JavaAPITesting\src\test\resources
2022-02-05 22:04:38,695 [Worker-146: Building] WARN  o.e.m.c.i.embedder.EclipseLogger - Using platform encoding (Cp1252 actually) to copy filtered resources, i.e. build is platform dependent!
2022-02-05 22:04:38,696 [Worker-146: Building] INFO  o.e.m.c.i.embedder.EclipseLogger - skip non existing resourceDirectory D:\Documents\QA Engineer\Learn and Teach\JAVA BDD Cucumber Web, Mobile and API Testing\JavaAPITesting\JavaAPITesting\src\main\resources
2022-02-05 22:04:38,697 [Worker-146: Building] WARN  o.e.m.c.i.embedder.EclipseLogger - Using platform encoding (Cp1252 actually) to copy filtered resources, i.e. build is platform dependent!
2022-02-05 22:04:38,697 [Worker-146: Building] INFO  o.e.m.c.i.embedder.EclipseLogger - skip non existing resourceDirectory D:\Documents\QA Engineer\Learn and Teach\JAVA BDD Cucumber Web, Mobile and API Testing\JavaAPITesting\JavaAPITesting\src\test\resources
2022-02-05 22:07:36,244 [Worker-147: Building] WARN  o.e.m.c.i.embedder.EclipseLogger - Using platform encoding (Cp1252 actually) to copy filtered resources, i.e. build is platform dependent!
2022-02-05 22:07:36,244 [Worker-147: Building] INFO  o.e.m.c.i.embedder.EclipseLogger - skip non existing resourceDirectory D:\Documents\QA Engineer\Learn and Teach\JAVA BDD Cucumber Web, Mobile and API Testing\JavaAPITesting\JavaAPITesting\src\main\resources
2022-02-05 22:07:36,245 [Worker-147: Building] WARN  o.e.m.c.i.embedder.EclipseLogger - Using platform encoding (Cp1252 actually) to copy filtered resources, i.e. build is platform dependent!
2022-02-05 22:07:36,246 [Worker-147: Building] INFO  o.e.m.c.i.embedder.EclipseLogger - skip non existing resourceDirectory D:\Documents\QA Engineer\Learn and Teach\JAVA BDD Cucumber Web, Mobile and API Testing\JavaAPITesting\JavaAPITesting\src\test\resources
2022-02-05 22:08:14,309 [Worker-151: Building] WARN  o.e.m.c.i.embedder.EclipseLogger - Using platform encoding (Cp1252 actually) to copy filtered resources, i.e. build is platform dependent!
2022-02-05 22:08:14,310 [Worker-151: Building] INFO  o.e.m.c.i.embedder.EclipseLogger - skip non existing resourceDirectory D:\Documents\QA Engineer\Learn and Teach\JAVA BDD Cucumber Web, Mobile and API Testing\JavaAPITesting\JavaAPITesting\src\main\resources
2022-02-05 22:08:14,311 [Worker-151: Building] WARN  o.e.m.c.i.embedder.EclipseLogger - Using platform encoding (Cp1252 actually) to copy filtered resources, i.e. build is platform dependent!
2022-02-05 22:08:14,312 [Worker-151: Building] INFO  o.e.m.c.i.embedder.EclipseLogger - skip non existing resourceDirectory D:\Documents\QA Engineer\Learn and Teach\JAVA BDD Cucumber Web, Mobile and API Testing\JavaAPITesting\JavaAPITesting\src\test\resources
2022-02-05 22:09:52,675 [Worker-151: Building] WARN  o.e.m.c.i.embedder.EclipseLogger - Using platform encoding (Cp1252 actually) to copy filtered resources, i.e. build is platform dependent!
2022-02-05 22:09:52,676 [Worker-151: Building] INFO  o.e.m.c.i.embedder.EclipseLogger - skip non existing resourceDirectory D:\Documents\QA Engineer\Learn and Teach\JAVA BDD Cucumber Web, Mobile and API Testing\JavaAPITesting\JavaAPITesting\src\main\resources
2022-02-05 22:09:52,677 [Worker-151: Building] WARN  o.e.m.c.i.embedder.EclipseLogger - Using platform encoding (Cp1252 actually) to copy filtered resources, i.e. build is platform dependent!
2022-02-05 22:09:52,677 [Worker-151: Building] INFO  o.e.m.c.i.embedder.EclipseLogger - skip non existing resourceDirectory D:\Documents\QA Engineer\Learn and Teach\JAVA BDD Cucumber Web, Mobile and API Testing\JavaAPITesting\JavaAPITesting\src\test\resources
2022-02-05 22:10:12,401 [Worker-147: Building] WARN  o.e.m.c.i.embedder.EclipseLogger - Using platform encoding (Cp1252 actually) to copy filtered resources, i.e. build is platform dependent!
2022-02-05 22:10:12,402 [Worker-147: Building] INFO  o.e.m.c.i.embedder.EclipseLogger - skip non existing resourceDirectory D:\Documents\QA Engineer\Learn and Teach\JAVA BDD Cucumber Web, Mobile and API Testing\JavaAPITesting\JavaAPITesting\src\main\resources
2022-02-05 22:10:12,403 [Worker-147: Building] WARN  o.e.m.c.i.embedder.EclipseLogger - Using platform encoding (Cp1252 actually) to copy filtered resources, i.e. build is platform dependent!
2022-02-05 22:10:12,403 [Worker-147: Building] INFO  o.e.m.c.i.embedder.EclipseLogger - skip non existing resourceDirectory D:\Documents\QA Engineer\Learn and Teach\JAVA BDD Cucumber Web, Mobile and API Testing\JavaAPITesting\JavaAPITesting\src\test\resources
2022-02-05 22:10:50,680 [Worker-151: Building] WARN  o.e.m.c.i.embedder.EclipseLogger - Using platform encoding (Cp1252 actually) to copy filtered resources, i.e. build is platform dependent!
2022-02-05 22:10:50,681 [Worker-151: Building] INFO  o.e.m.c.i.embedder.EclipseLogger - skip non existing resourceDirectory D:\Documents\QA Engineer\Learn and Teach\JAVA BDD Cucumber Web, Mobile and API Testing\JavaAPITesting\JavaAPITesting\src\main\resources
2022-02-05 22:10:50,681 [Worker-151: Building] WARN  o.e.m.c.i.embedder.EclipseLogger - Using platform encoding (Cp1252 actually) to copy filtered resources, i.e. build is platform dependent!
2022-02-05 22:10:50,682 [Worker-151: Building] INFO  o.e.m.c.i.embedder.EclipseLogger - skip non existing resourceDirectory D:\Documents\QA Engineer\Learn and Teach\JAVA BDD Cucumber Web, Mobile and API Testing\JavaAPITesting\JavaAPITesting\src\test\resources
2022-02-05 22:11:18,229 [Worker-151: Building] WARN  o.e.m.c.i.embedder.EclipseLogger - Using platform encoding (Cp1252 actually) to copy filtered resources, i.e. build is platform dependent!
2022-02-05 22:11:18,229 [Worker-151: Building] INFO  o.e.m.c.i.embedder.EclipseLogger - skip non existing resourceDirectory D:\Documents\QA Engineer\Learn and Teach\JAVA BDD Cucumber Web, Mobile and API Testing\JavaAPITesting\JavaAPITesting\src\main\resources
2022-02-05 22:11:18,230 [Worker-151: Building] WARN  o.e.m.c.i.embedder.EclipseLogger - Using platform encoding (Cp1252 actually) to copy filtered resources, i.e. build is platform dependent!
2022-02-05 22:11:18,230 [Worker-151: Building] INFO  o.e.m.c.i.embedder.EclipseLogger - skip non existing resourceDirectory D:\Documents\QA Engineer\Learn and Teach\JAVA BDD Cucumber Web, Mobile and API Testing\JavaAPITesting\JavaAPITesting\src\test\resources
2022-02-05 22:13:30,439 [Worker-155: Building] WARN  o.e.m.c.i.embedder.EclipseLogger - Using platform encoding (Cp1252 actually) to copy filtered resources, i.e. build is platform dependent!
2022-02-05 22:13:30,440 [Worker-155: Building] INFO  o.e.m.c.i.embedder.EclipseLogger - skip non existing resourceDirectory D:\Documents\QA Engineer\Learn and Teach\JAVA BDD Cucumber Web, Mobile and API Testing\JavaAPITesting\JavaAPITesting\src\main\resources
2022-02-05 22:13:30,441 [Worker-155: Building] WARN  o.e.m.c.i.embedder.EclipseLogger - Using platform encoding (Cp1252 actually) to copy filtered resources, i.e. build is platform dependent!
2022-02-05 22:13:30,441 [Worker-155: Building] INFO  o.e.m.c.i.embedder.EclipseLogger - skip non existing resourceDirectory D:\Documents\QA Engineer\Learn and Teach\JAVA BDD Cucumber Web, Mobile and API Testing\JavaAPITesting\JavaAPITesting\src\test\resources
2022-02-05 22:14:40,055 [Worker-147: Building] WARN  o.e.m.c.i.embedder.EclipseLogger - Using platform encoding (Cp1252 actually) to copy filtered resources, i.e. build is platform dependent!
2022-02-05 22:14:40,055 [Worker-147: Building] INFO  o.e.m.c.i.embedder.EclipseLogger - skip non existing resourceDirectory D:\Documents\QA Engineer\Learn and Teach\JAVA BDD Cucumber Web, Mobile and API Testing\JavaAPITesting\JavaAPITesting\src\main\resources
2022-02-05 22:14:40,056 [Worker-147: Building] WARN  o.e.m.c.i.embedder.EclipseLogger - Using platform encoding (Cp1252 actually) to copy filtered resources, i.e. build is platform dependent!
2022-02-05 22:14:40,057 [Worker-147: Building] INFO  o.e.m.c.i.embedder.EclipseLogger - skip non existing resourceDirectory D:\Documents\QA Engineer\Learn and Teach\JAVA BDD Cucumber Web, Mobile and API Testing\JavaAPITesting\JavaAPITesting\src\test\resources
2022-02-05 22:15:02,104 [Worker-147: Building] WARN  o.e.m.c.i.embedder.EclipseLogger - Using platform encoding (Cp1252 actually) to copy filtered resources, i.e. build is platform dependent!
2022-02-05 22:15:02,105 [Worker-147: Building] INFO  o.e.m.c.i.embedder.EclipseLogger - skip non existing resourceDirectory D:\Documents\QA Engineer\Learn and Teach\JAVA BDD Cucumber Web, Mobile and API Testing\JavaAPITesting\JavaAPITesting\src\main\resources
2022-02-05 22:15:02,106 [Worker-147: Building] WARN  o.e.m.c.i.embedder.EclipseLogger - Using platform encoding (Cp1252 actually) to copy filtered resources, i.e. build is platform dependent!
2022-02-05 22:15:02,107 [Worker-147: Building] INFO  o.e.m.c.i.embedder.EclipseLogger - skip non existing resourceDirectory D:\Documents\QA Engineer\Learn and Teach\JAVA BDD Cucumber Web, Mobile and API Testing\JavaAPITesting\JavaAPITesting\src\test\resources
2022-02-05 22:15:54,687 [Worker-155: Building] WARN  o.e.m.c.i.embedder.EclipseLogger - Using platform encoding (Cp1252 actually) to copy filtered resources, i.e. build is platform dependent!
2022-02-05 22:15:54,687 [Worker-155: Building] INFO  o.e.m.c.i.embedder.EclipseLogger - skip non existing resourceDirectory D:\Documents\QA Engineer\Learn and Teach\JAVA BDD Cucumber Web, Mobile and API Testing\JavaAPITesting\JavaAPITesting\src\main\resources
2022-02-05 22:15:54,688 [Worker-155: Building] WARN  o.e.m.c.i.embedder.EclipseLogger - Using platform encoding (Cp1252 actually) to copy filtered resources, i.e. build is platform dependent!
2022-02-05 22:15:54,689 [Worker-155: Building] INFO  o.e.m.c.i.embedder.EclipseLogger - skip non existing resourceDirectory D:\Documents\QA Engineer\Learn and Teach\JAVA BDD Cucumber Web, Mobile and API Testing\JavaAPITesting\JavaAPITesting\src\test\resources
2022-02-05 22:16:24,195 [Worker-153: Building] WARN  o.e.m.c.i.embedder.EclipseLogger - Using platform encoding (Cp1252 actually) to copy filtered resources, i.e. build is platform dependent!
2022-02-05 22:16:24,195 [Worker-153: Building] INFO  o.e.m.c.i.embedder.EclipseLogger - skip non existing resourceDirectory D:\Documents\QA Engineer\Learn and Teach\JAVA BDD Cucumber Web, Mobile and API Testing\JavaAPITesting\JavaAPITesting\src\main\resources
2022-02-05 22:16:24,196 [Worker-153: Building] WARN  o.e.m.c.i.embedder.EclipseLogger - Using platform encoding (Cp1252 actually) to copy filtered resources, i.e. build is platform dependent!
2022-02-05 22:16:24,197 [Worker-153: Building] INFO  o.e.m.c.i.embedder.EclipseLogger - skip non existing resourceDirectory D:\Documents\QA Engineer\Learn and Teach\JAVA BDD Cucumber Web, Mobile and API Testing\JavaAPITesting\JavaAPITesting\src\test\resources
2022-02-05 22:28:12,488 [Worker-160: Building] WARN  o.e.m.c.i.embedder.EclipseLogger - Using platform encoding (Cp1252 actually) to copy filtered resources, i.e. build is platform dependent!
2022-02-05 22:28:12,489 [Worker-160: Building] INFO  o.e.m.c.i.embedder.EclipseLogger - skip non existing resourceDirectory D:\Documents\QA Engineer\Learn and Teach\JAVA BDD Cucumber Web, Mobile and API Testing\JavaAPITesting\JavaAPITesting\src\main\resources
2022-02-05 22:28:12,490 [Worker-160: Building] WARN  o.e.m.c.i.embedder.EclipseLogger - Using platform encoding (Cp1252 actually) to copy filtered resources, i.e. build is platform dependent!
2022-02-05 22:28:12,490 [Worker-160: Building] INFO  o.e.m.c.i.embedder.EclipseLogger - skip non existing resourceDirectory D:\Documents\QA Engineer\Learn and Teach\JAVA BDD Cucumber Web, Mobile and API Testing\JavaAPITesting\JavaAPITesting\src\test\resources
2022-02-05 22:28:21,887 [Worker-155: Building] WARN  o.e.m.c.i.embedder.EclipseLogger - Using platform encoding (Cp1252 actually) to copy filtered resources, i.e. build is platform dependent!
2022-02-05 22:28:21,888 [Worker-155: Building] INFO  o.e.m.c.i.embedder.EclipseLogger - skip non existing resourceDirectory D:\Documents\QA Engineer\Learn and Teach\JAVA BDD Cucumber Web, Mobile and API Testing\JavaAPITesting\JavaAPITesting\src\main\resources
2022-02-05 22:28:21,888 [Worker-155: Building] WARN  o.e.m.c.i.embedder.EclipseLogger - Using platform encoding (Cp1252 actually) to copy filtered resources, i.e. build is platform dependent!
2022-02-05 22:28:21,889 [Worker-155: Building] INFO  o.e.m.c.i.embedder.EclipseLogger - skip non existing resourceDirectory D:\Documents\QA Engineer\Learn and Teach\JAVA BDD Cucumber Web, Mobile and API Testing\JavaAPITesting\JavaAPITesting\src\test\resources
2022-02-05 22:31:54,097 [Worker-165: Building] WARN  o.e.m.c.i.embedder.EclipseLogger - Using platform encoding (Cp1252 actually) to copy filtered resources, i.e. build is platform dependent!
2022-02-05 22:31:54,098 [Worker-165: Building] INFO  o.e.m.c.i.embedder.EclipseLogger - skip non existing resourceDirectory D:\Documents\QA Engineer\Learn and Teach\JAVA BDD Cucumber Web, Mobile and API Testing\JavaAPITesting\JavaAPITesting\src\main\resources
2022-02-05 22:31:54,099 [Worker-165: Building] WARN  o.e.m.c.i.embedder.EclipseLogger - Using platform encoding (Cp1252 actually) to copy filtered resources, i.e. build is platform dependent!
2022-02-05 22:31:54,100 [Worker-165: Building] INFO  o.e.m.c.i.embedder.EclipseLogger - skip non existing resourceDirectory D:\Documents\QA Engineer\Learn and Teach\JAVA BDD Cucumber Web, Mobile and API Testing\JavaAPITesting\JavaAPITesting\src\test\resources
2022-02-05 22:32:05,992 [Worker-164: Building] WARN  o.e.m.c.i.embedder.EclipseLogger - Using platform encoding (Cp1252 actually) to copy filtered resources, i.e. build is platform dependent!
2022-02-05 22:32:05,992 [Worker-164: Building] INFO  o.e.m.c.i.embedder.EclipseLogger - skip non existing resourceDirectory D:\Documents\QA Engineer\Learn and Teach\JAVA BDD Cucumber Web, Mobile and API Testing\JavaAPITesting\JavaAPITesting\src\main\resources
2022-02-05 22:32:05,993 [Worker-164: Building] WARN  o.e.m.c.i.embedder.EclipseLogger - Using platform encoding (Cp1252 actually) to copy filtered resources, i.e. build is platform dependent!
2022-02-05 22:32:05,993 [Worker-164: Building] INFO  o.e.m.c.i.embedder.EclipseLogger - skip non existing resourceDirectory D:\Documents\QA Engineer\Learn and Teach\JAVA BDD Cucumber Web, Mobile and API Testing\JavaAPITesting\JavaAPITesting\src\test\resources
2022-02-05 22:35:36,514 [Worker-160: Building] WARN  o.e.m.c.i.embedder.EclipseLogger - Using platform encoding (Cp1252 actually) to copy filtered resources, i.e. build is platform dependent!
2022-02-05 22:35:36,515 [Worker-160: Building] INFO  o.e.m.c.i.embedder.EclipseLogger - skip non existing resourceDirectory D:\Documents\QA Engineer\Learn and Teach\JAVA BDD Cucumber Web, Mobile and API Testing\JavaAPITesting\JavaAPITesting\src\main\resources
2022-02-05 22:35:36,516 [Worker-160: Building] WARN  o.e.m.c.i.embedder.EclipseLogger - Using platform encoding (Cp1252 actually) to copy filtered resources, i.e. build is platform dependent!
2022-02-05 22:35:36,517 [Worker-160: Building] INFO  o.e.m.c.i.embedder.EclipseLogger - skip non existing resourceDirectory D:\Documents\QA Engineer\Learn and Teach\JAVA BDD Cucumber Web, Mobile and API Testing\JavaAPITesting\JavaAPITesting\src\test\resources
2022-02-05 22:35:43,123 [Worker-167: Building] WARN  o.e.m.c.i.embedder.EclipseLogger - Using platform encoding (Cp1252 actually) to copy filtered resources, i.e. build is platform dependent!
2022-02-05 22:35:43,124 [Worker-167: Building] INFO  o.e.m.c.i.embedder.EclipseLogger - skip non existing resourceDirectory D:\Documents\QA Engineer\Learn and Teach\JAVA BDD Cucumber Web, Mobile and API Testing\JavaAPITesting\JavaAPITesting\src\main\resources
2022-02-05 22:35:43,125 [Worker-167: Building] WARN  o.e.m.c.i.embedder.EclipseLogger - Using platform encoding (Cp1252 actually) to copy filtered resources, i.e. build is platform dependent!
2022-02-05 22:35:43,125 [Worker-167: Building] INFO  o.e.m.c.i.embedder.EclipseLogger - skip non existing resourceDirectory D:\Documents\QA Engineer\Learn and Teach\JAVA BDD Cucumber Web, Mobile and API Testing\JavaAPITesting\JavaAPITesting\src\test\resources
2022-02-05 22:35:46,706 [Worker-168: Building] WARN  o.e.m.c.i.embedder.EclipseLogger - Using platform encoding (Cp1252 actually) to copy filtered resources, i.e. build is platform dependent!
2022-02-05 22:35:46,707 [Worker-168: Building] INFO  o.e.m.c.i.embedder.EclipseLogger - skip non existing resourceDirectory D:\Documents\QA Engineer\Learn and Teach\JAVA BDD Cucumber Web, Mobile and API Testing\JavaAPITesting\JavaAPITesting\src\main\resources
2022-02-05 22:35:46,707 [Worker-168: Building] WARN  o.e.m.c.i.embedder.EclipseLogger - Using platform encoding (Cp1252 actually) to copy filtered resources, i.e. build is platform dependent!
2022-02-05 22:35:46,708 [Worker-168: Building] INFO  o.e.m.c.i.embedder.EclipseLogger - skip non existing resourceDirectory D:\Documents\QA Engineer\Learn and Teach\JAVA BDD Cucumber Web, Mobile and API Testing\JavaAPITesting\JavaAPITesting\src\test\resources
2022-02-05 22:37:09,564 [Worker-166: Building] INFO  o.e.m.c.i.l.LifecycleMappingFactory - Using org.eclipse.m2e.jdt.JarLifecycleMapping lifecycle mapping for MavenProject: ApiTesting:JavaAPITesting:0.0.1-SNAPSHOT @ D:\Documents\QA Engineer\Learn and Teach\JAVA BDD Cucumber Web, Mobile and API Testing\JavaAPITesting\JavaAPITesting\pom.xml.
2022-02-05 22:37:10,039 [Worker-166: Building] WARN  o.e.m.c.i.embedder.EclipseLogger - Using platform encoding (Cp1252 actually) to copy filtered resources, i.e. build is platform dependent!
2022-02-05 22:37:10,040 [Worker-166: Building] INFO  o.e.m.c.i.embedder.EclipseLogger - skip non existing resourceDirectory D:\Documents\QA Engineer\Learn and Teach\JAVA BDD Cucumber Web, Mobile and API Testing\JavaAPITesting\JavaAPITesting\src\main\resources
2022-02-05 22:37:10,042 [Worker-166: Building] WARN  o.e.m.c.i.embedder.EclipseLogger - Using platform encoding (Cp1252 actually) to copy filtered resources, i.e. build is platform dependent!
2022-02-05 22:37:10,043 [Worker-166: Building] INFO  o.e.m.c.i.embedder.EclipseLogger - skip non existing resourceDirectory D:\Documents\QA Engineer\Learn and Teach\JAVA BDD Cucumber Web, Mobile and API Testing\JavaAPITesting\JavaAPITesting\src\test\resources
2022-02-05 22:37:11,393 [Worker-170: Building] WARN  o.e.m.c.i.embedder.EclipseLogger - Using platform encoding (Cp1252 actually) to copy filtered resources, i.e. build is platform dependent!
2022-02-05 22:37:11,394 [Worker-170: Building] INFO  o.e.m.c.i.embedder.EclipseLogger - skip non existing resourceDirectory D:\Documents\QA Engineer\Learn and Teach\JAVA BDD Cucumber Web, Mobile and API Testing\JavaAPITesting\JavaAPITesting\src\main\resources
2022-02-05 22:37:11,395 [Worker-170: Building] WARN  o.e.m.c.i.embedder.EclipseLogger - Using platform encoding (Cp1252 actually) to copy filtered resources, i.e. build is platform dependent!
2022-02-05 22:37:11,395 [Worker-170: Building] INFO  o.e.m.c.i.embedder.EclipseLogger - skip non existing resourceDirectory D:\Documents\QA Engineer\Learn and Teach\JAVA BDD Cucumber Web, Mobile and API Testing\JavaAPITesting\JavaAPITesting\src\test\resources
2022-02-05 22:37:21,646 [Worker-167: Building] WARN  o.e.m.c.i.embedder.EclipseLogger - Using platform encoding (Cp1252 actually) to copy filtered resources, i.e. build is platform dependent!
2022-02-05 22:37:21,647 [Worker-167: Building] INFO  o.e.m.c.i.embedder.EclipseLogger - skip non existing resourceDirectory D:\Documents\QA Engineer\Learn and Teach\JAVA BDD Cucumber Web, Mobile and API Testing\JavaAPITesting\JavaAPITesting\src\main\resources
2022-02-05 22:37:21,647 [Worker-167: Building] WARN  o.e.m.c.i.embedder.EclipseLogger - Using platform encoding (Cp1252 actually) to copy filtered resources, i.e. build is platform dependent!
2022-02-05 22:37:21,648 [Worker-167: Building] INFO  o.e.m.c.i.embedder.EclipseLogger - skip non existing resourceDirectory D:\Documents\QA Engineer\Learn and Teach\JAVA BDD Cucumber Web, Mobile and API Testing\JavaAPITesting\JavaAPITesting\src\test\resources
2022-02-05 22:37:50,314 [Worker-169: Building] INFO  o.e.m.c.i.l.LifecycleMappingFactory - Using org.eclipse.m2e.jdt.JarLifecycleMapping lifecycle mapping for MavenProject: ApiTesting:JavaAPITesting:0.0.1-SNAPSHOT @ D:\Documents\QA Engineer\Learn and Teach\JAVA BDD Cucumber Web, Mobile and API Testing\JavaAPITesting\JavaAPITesting\pom.xml.
2022-02-05 22:37:50,702 [Worker-169: Building] WARN  o.e.m.c.i.embedder.EclipseLogger - Using platform encoding (Cp1252 actually) to copy filtered resources, i.e. build is platform dependent!
2022-02-05 22:37:50,703 [Worker-169: Building] INFO  o.e.m.c.i.embedder.EclipseLogger - skip non existing resourceDirectory D:\Documents\QA Engineer\Learn and Teach\JAVA BDD Cucumber Web, Mobile and API Testing\JavaAPITesting\JavaAPITesting\src\main\resources
2022-02-05 22:37:50,705 [Worker-169: Building] WARN  o.e.m.c.i.embedder.EclipseLogger - Using platform encoding (Cp1252 actually) to copy filtered resources, i.e. build is platform dependent!
2022-02-05 22:37:50,705 [Worker-169: Building] INFO  o.e.m.c.i.embedder.EclipseLogger - skip non existing resourceDirectory D:\Documents\QA Engineer\Learn and Teach\JAVA BDD Cucumber Web, Mobile and API Testing\JavaAPITesting\JavaAPITesting\src\test\resources
2022-02-05 22:37:51,962 [Worker-170: Building] WARN  o.e.m.c.i.embedder.EclipseLogger - Using platform encoding (Cp1252 actually) to copy filtered resources, i.e. build is platform dependent!
2022-02-05 22:37:51,963 [Worker-170: Building] INFO  o.e.m.c.i.embedder.EclipseLogger - skip non existing resourceDirectory D:\Documents\QA Engineer\Learn and Teach\JAVA BDD Cucumber Web, Mobile and API Testing\JavaAPITesting\JavaAPITesting\src\main\resources
2022-02-05 22:37:51,964 [Worker-170: Building] WARN  o.e.m.c.i.embedder.EclipseLogger - Using platform encoding (Cp1252 actually) to copy filtered resources, i.e. build is platform dependent!
2022-02-05 22:37:51,964 [Worker-170: Building] INFO  o.e.m.c.i.embedder.EclipseLogger - skip non existing resourceDirectory D:\Documents\QA Engineer\Learn and Teach\JAVA BDD Cucumber Web, Mobile and API Testing\JavaAPITesting\JavaAPITesting\src\test\resources
2022-02-05 22:37:59,921 [Worker-170: Building] INFO  o.e.m.c.i.l.LifecycleMappingFactory - Using org.eclipse.m2e.jdt.JarLifecycleMapping lifecycle mapping for MavenProject: ApiTesting:JavaAPITesting:0.0.1-SNAPSHOT @ D:\Documents\QA Engineer\Learn and Teach\JAVA BDD Cucumber Web, Mobile and API Testing\JavaAPITesting\JavaAPITesting\pom.xml.
2022-02-05 22:38:00,440 [Worker-170: Building] WARN  o.e.m.c.i.embedder.EclipseLogger - Using platform encoding (Cp1252 actually) to copy filtered resources, i.e. build is platform dependent!
2022-02-05 22:38:00,441 [Worker-170: Building] INFO  o.e.m.c.i.embedder.EclipseLogger - skip non existing resourceDirectory D:\Documents\QA Engineer\Learn and Teach\JAVA BDD Cucumber Web, Mobile and API Testing\JavaAPITesting\JavaAPITesting\src\main\resources
2022-02-05 22:38:00,443 [Worker-170: Building] WARN  o.e.m.c.i.embedder.EclipseLogger - Using platform encoding (Cp1252 actually) to copy filtered resources, i.e. build is platform dependent!
2022-02-05 22:38:00,443 [Worker-170: Building] INFO  o.e.m.c.i.embedder.EclipseLogger - skip non existing resourceDirectory D:\Documents\QA Engineer\Learn and Teach\JAVA BDD Cucumber Web, Mobile and API Testing\JavaAPITesting\JavaAPITesting\src\test\resources
2022-02-05 22:38:01,696 [Worker-170: Building] WARN  o.e.m.c.i.embedder.EclipseLogger - Using platform encoding (Cp1252 actually) to copy filtered resources, i.e. build is platform dependent!
2022-02-05 22:38:01,697 [Worker-170: Building] INFO  o.e.m.c.i.embedder.EclipseLogger - skip non existing resourceDirectory D:\Documents\QA Engineer\Learn and Teach\JAVA BDD Cucumber Web, Mobile and API Testing\JavaAPITesting\JavaAPITesting\src\main\resources
2022-02-05 22:38:01,698 [Worker-170: Building] WARN  o.e.m.c.i.embedder.EclipseLogger - Using platform encoding (Cp1252 actually) to copy filtered resources, i.e. build is platform dependent!
2022-02-05 22:38:01,699 [Worker-170: Building] INFO  o.e.m.c.i.embedder.EclipseLogger - skip non existing resourceDirectory D:\Documents\QA Engineer\Learn and Teach\JAVA BDD Cucumber Web, Mobile and API Testing\JavaAPITesting\JavaAPITesting\src\test\resources
2022-02-05 22:38:47,211 [Worker-167: Building] WARN  o.e.m.c.i.embedder.EclipseLogger - Using platform encoding (Cp1252 actually) to copy filtered resources, i.e. build is platform dependent!
2022-02-05 22:38:47,212 [Worker-167: Building] INFO  o.e.m.c.i.embedder.EclipseLogger - skip non existing resourceDirectory D:\Documents\QA Engineer\Learn and Teach\JAVA BDD Cucumber Web, Mobile and API Testing\JavaAPITesting\JavaAPITesting\src\main\resources
2022-02-05 22:38:47,213 [Worker-167: Building] WARN  o.e.m.c.i.embedder.EclipseLogger - Using platform encoding (Cp1252 actually) to copy filtered resources, i.e. build is platform dependent!
2022-02-05 22:38:47,214 [Worker-167: Building] INFO  o.e.m.c.i.embedder.EclipseLogger - skip non existing resourceDirectory D:\Documents\QA Engineer\Learn and Teach\JAVA BDD Cucumber Web, Mobile and API Testing\JavaAPITesting\JavaAPITesting\src\test\resources
2022-02-05 22:39:31,567 [Worker-169: Building] WARN  o.e.m.c.i.embedder.EclipseLogger - Using platform encoding (Cp1252 actually) to copy filtered resources, i.e. build is platform dependent!
2022-02-05 22:39:31,568 [Worker-169: Building] INFO  o.e.m.c.i.embedder.EclipseLogger - skip non existing resourceDirectory D:\Documents\QA Engineer\Learn and Teach\JAVA BDD Cucumber Web, Mobile and API Testing\JavaAPITesting\JavaAPITesting\src\main\resources
2022-02-05 22:39:31,570 [Worker-169: Building] WARN  o.e.m.c.i.embedder.EclipseLogger - Using platform encoding (Cp1252 actually) to copy filtered resources, i.e. build is platform dependent!
2022-02-05 22:39:31,571 [Worker-169: Building] INFO  o.e.m.c.i.embedder.EclipseLogger - skip non existing resourceDirectory D:\Documents\QA Engineer\Learn and Teach\JAVA BDD Cucumber Web, Mobile and API Testing\JavaAPITesting\JavaAPITesting\src\test\resources
2022-02-05 22:39:46,490 [Worker-170: Updating Maven Project] INFO  o.e.m.c.i.p.ProjectConfigurationManager - Update started
2022-02-05 22:39:46,868 [Worker-170: Updating Maven Project] INFO  o.e.m.c.i.l.LifecycleMappingFactory - Using org.eclipse.m2e.jdt.JarLifecycleMapping lifecycle mapping for MavenProject: ApiTesting:JavaAPITesting:0.0.1-SNAPSHOT @ D:\Documents\QA Engineer\Learn and Teach\JAVA BDD Cucumber Web, Mobile and API Testing\JavaAPITesting\JavaAPITesting\pom.xml.
2022-02-05 22:39:47,245 [Worker-170: Updating Maven Project] INFO  o.e.m.j.i.AbstractJavaProjectConfigurator - Adding source folder /JavaAPITesting/src/main/java
2022-02-05 22:39:47,246 [Worker-170: Updating Maven Project] INFO  o.e.m.j.i.AbstractJavaProjectConfigurator - Adding source folder /JavaAPITesting/src/test/java
2022-02-05 22:39:47,495 [Worker-170: Updating Maven Project] INFO  o.e.m.c.i.p.ProjectConfigurationManager - Update completed: 1 sec
2022-02-05 22:39:47,938 [Worker-168: Building] WARN  o.e.m.c.i.embedder.EclipseLogger - Using platform encoding (Cp1252 actually) to copy filtered resources, i.e. build is platform dependent!
2022-02-05 22:39:47,939 [Worker-168: Building] INFO  o.e.m.c.i.embedder.EclipseLogger - skip non existing resourceDirectory D:\Documents\QA Engineer\Learn and Teach\JAVA BDD Cucumber Web, Mobile and API Testing\JavaAPITesting\JavaAPITesting\src\main\resources
2022-02-05 22:39:47,941 [Worker-168: Building] WARN  o.e.m.c.i.embedder.EclipseLogger - Using platform encoding (Cp1252 actually) to copy filtered resources, i.e. build is platform dependent!
2022-02-05 22:39:47,942 [Worker-168: Building] INFO  o.e.m.c.i.embedder.EclipseLogger - skip non existing resourceDirectory D:\Documents\QA Engineer\Learn and Teach\JAVA BDD Cucumber Web, Mobile and API Testing\JavaAPITesting\JavaAPITesting\src\test\resources
2022-02-05 22:39:59,525 [Worker-170: Building] WARN  o.e.m.c.i.embedder.EclipseLogger - Using platform encoding (Cp1252 actually) to copy filtered resources, i.e. build is platform dependent!
2022-02-05 22:39:59,526 [Worker-170: Building] INFO  o.e.m.c.i.embedder.EclipseLogger - skip non existing resourceDirectory D:\Documents\QA Engineer\Learn and Teach\JAVA BDD Cucumber Web, Mobile and API Testing\JavaAPITesting\JavaAPITesting\src\main\resources
2022-02-05 22:39:59,527 [Worker-170: Building] WARN  o.e.m.c.i.embedder.EclipseLogger - Using platform encoding (Cp1252 actually) to copy filtered resources, i.e. build is platform dependent!
2022-02-05 22:39:59,527 [Worker-170: Building] INFO  o.e.m.c.i.embedder.EclipseLogger - skip non existing resourceDirectory D:\Documents\QA Engineer\Learn and Teach\JAVA BDD Cucumber Web, Mobile and API Testing\JavaAPITesting\JavaAPITesting\src\test\resources
2022-02-06 01:00:23,723 [Worker-181: Building] WARN  o.e.m.c.i.embedder.EclipseLogger - Using platform encoding (Cp1252 actually) to copy filtered resources, i.e. build is platform dependent!
2022-02-06 01:00:23,734 [Worker-181: Building] INFO  o.e.m.c.i.embedder.EclipseLogger - skip non existing resourceDirectory D:\Documents\QA Engineer\Learn and Teach\JAVA BDD Cucumber Web, Mobile and API Testing\JavaAPITesting\JavaAPITesting\src\main\resources
2022-02-06 01:00:23,736 [Worker-181: Building] WARN  o.e.m.c.i.embedder.EclipseLogger - Using platform encoding (Cp1252 actually) to copy filtered resources, i.e. build is platform dependent!
2022-02-06 01:00:23,736 [Worker-181: Building] INFO  o.e.m.c.i.embedder.EclipseLogger - skip non existing resourceDirectory D:\Documents\QA Engineer\Learn and Teach\JAVA BDD Cucumber Web, Mobile and API Testing\JavaAPITesting\JavaAPITesting\src\test\resources
2022-02-06 01:01:49,687 [Worker-180: Building] WARN  o.e.m.c.i.embedder.EclipseLogger - Using platform encoding (Cp1252 actually) to copy filtered resources, i.e. build is platform dependent!
2022-02-06 01:01:49,688 [Worker-180: Building] INFO  o.e.m.c.i.embedder.EclipseLogger - skip non existing resourceDirectory D:\Documents\QA Engineer\Learn and Teach\JAVA BDD Cucumber Web, Mobile and API Testing\JavaAPITesting\JavaAPITesting\src\main\resources
2022-02-06 01:01:49,689 [Worker-180: Building] WARN  o.e.m.c.i.embedder.EclipseLogger - Using platform encoding (Cp1252 actually) to copy filtered resources, i.e. build is platform dependent!
2022-02-06 01:01:49,690 [Worker-180: Building] INFO  o.e.m.c.i.embedder.EclipseLogger - skip non existing resourceDirectory D:\Documents\QA Engineer\Learn and Teach\JAVA BDD Cucumber Web, Mobile and API Testing\JavaAPITesting\JavaAPITesting\src\test\resources
2022-02-06 01:01:55,846 [Worker-181: Building] WARN  o.e.m.c.i.embedder.EclipseLogger - Using platform encoding (Cp1252 actually) to copy filtered resources, i.e. build is platform dependent!
2022-02-06 01:01:55,847 [Worker-181: Building] INFO  o.e.m.c.i.embedder.EclipseLogger - skip non existing resourceDirectory D:\Documents\QA Engineer\Learn and Teach\JAVA BDD Cucumber Web, Mobile and API Testing\JavaAPITesting\JavaAPITesting\src\main\resources
2022-02-06 01:01:55,847 [Worker-181: Building] WARN  o.e.m.c.i.embedder.EclipseLogger - Using platform encoding (Cp1252 actually) to copy filtered resources, i.e. build is platform dependent!
2022-02-06 01:01:55,848 [Worker-181: Building] INFO  o.e.m.c.i.embedder.EclipseLogger - skip non existing resourceDirectory D:\Documents\QA Engineer\Learn and Teach\JAVA BDD Cucumber Web, Mobile and API Testing\JavaAPITesting\JavaAPITesting\src\test\resources
2022-02-06 01:02:33,729 [Worker-180: Building] WARN  o.e.m.c.i.embedder.EclipseLogger - Using platform encoding (Cp1252 actually) to copy filtered resources, i.e. build is platform dependent!
2022-02-06 01:02:33,730 [Worker-180: Building] INFO  o.e.m.c.i.embedder.EclipseLogger - skip non existing resourceDirectory D:\Documents\QA Engineer\Learn and Teach\JAVA BDD Cucumber Web, Mobile and API Testing\JavaAPITesting\JavaAPITesting\src\main\resources
2022-02-06 01:02:33,732 [Worker-180: Building] WARN  o.e.m.c.i.embedder.EclipseLogger - Using platform encoding (Cp1252 actually) to copy filtered resources, i.e. build is platform dependent!
2022-02-06 01:02:33,732 [Worker-180: Building] INFO  o.e.m.c.i.embedder.EclipseLogger - skip non existing resourceDirectory D:\Documents\QA Engineer\Learn and Teach\JAVA BDD Cucumber Web, Mobile and API Testing\JavaAPITesting\JavaAPITesting\src\test\resources
2022-02-06 01:03:08,538 [Worker-182: Building] WARN  o.e.m.c.i.embedder.EclipseLogger - Using platform encoding (Cp1252 actually) to copy filtered resources, i.e. build is platform dependent!
2022-02-06 01:03:08,539 [Worker-182: Building] INFO  o.e.m.c.i.embedder.EclipseLogger - skip non existing resourceDirectory D:\Documents\QA Engineer\Learn and Teach\JAVA BDD Cucumber Web, Mobile and API Testing\JavaAPITesting\JavaAPITesting\src\main\resources
2022-02-06 01:03:08,539 [Worker-182: Building] WARN  o.e.m.c.i.embedder.EclipseLogger - Using platform encoding (Cp1252 actually) to copy filtered resources, i.e. build is platform dependent!
2022-02-06 01:03:08,540 [Worker-182: Building] INFO  o.e.m.c.i.embedder.EclipseLogger - skip non existing resourceDirectory D:\Documents\QA Engineer\Learn and Teach\JAVA BDD Cucumber Web, Mobile and API Testing\JavaAPITesting\JavaAPITesting\src\test\resources
2022-02-06 01:03:11,551 [Worker-181: Building] WARN  o.e.m.c.i.embedder.EclipseLogger - Using platform encoding (Cp1252 actually) to copy filtered resources, i.e. build is platform dependent!
2022-02-06 01:03:11,551 [Worker-181: Building] INFO  o.e.m.c.i.embedder.EclipseLogger - skip non existing resourceDirectory D:\Documents\QA Engineer\Learn and Teach\JAVA BDD Cucumber Web, Mobile and API Testing\JavaAPITesting\JavaAPITesting\src\main\resources
2022-02-06 01:03:11,554 [Worker-181: Building] WARN  o.e.m.c.i.embedder.EclipseLogger - Using platform encoding (Cp1252 actually) to copy filtered resources, i.e. build is platform dependent!
2022-02-06 01:03:11,555 [Worker-181: Building] INFO  o.e.m.c.i.embedder.EclipseLogger - skip non existing resourceDirectory D:\Documents\QA Engineer\Learn and Teach\JAVA BDD Cucumber Web, Mobile and API Testing\JavaAPITesting\JavaAPITesting\src\test\resources
2022-02-06 01:03:13,862 [Worker-169: Building] WARN  o.e.m.c.i.embedder.EclipseLogger - Using platform encoding (Cp1252 actually) to copy filtered resources, i.e. build is platform dependent!
2022-02-06 01:03:13,863 [Worker-169: Building] INFO  o.e.m.c.i.embedder.EclipseLogger - skip non existing resourceDirectory D:\Documents\QA Engineer\Learn and Teach\JAVA BDD Cucumber Web, Mobile and API Testing\JavaAPITesting\JavaAPITesting\src\main\resources
2022-02-06 01:03:13,864 [Worker-169: Building] WARN  o.e.m.c.i.embedder.EclipseLogger - Using platform encoding (Cp1252 actually) to copy filtered resources, i.e. build is platform dependent!
2022-02-06 01:03:13,865 [Worker-169: Building] INFO  o.e.m.c.i.embedder.EclipseLogger - skip non existing resourceDirectory D:\Documents\QA Engineer\Learn and Teach\JAVA BDD Cucumber Web, Mobile and API Testing\JavaAPITesting\JavaAPITesting\src\test\resources
2022-02-06 01:03:43,004 [Worker-169: Building] WARN  o.e.m.c.i.embedder.EclipseLogger - Using platform encoding (Cp1252 actually) to copy filtered resources, i.e. build is platform dependent!
2022-02-06 01:03:43,005 [Worker-169: Building] INFO  o.e.m.c.i.embedder.EclipseLogger - skip non existing resourceDirectory D:\Documents\QA Engineer\Learn and Teach\JAVA BDD Cucumber Web, Mobile and API Testing\JavaAPITesting\JavaAPITesting\src\main\resources
2022-02-06 01:03:43,006 [Worker-169: Building] WARN  o.e.m.c.i.embedder.EclipseLogger - Using platform encoding (Cp1252 actually) to copy filtered resources, i.e. build is platform dependent!
2022-02-06 01:03:43,006 [Worker-169: Building] INFO  o.e.m.c.i.embedder.EclipseLogger - skip non existing resourceDirectory D:\Documents\QA Engineer\Learn and Teach\JAVA BDD Cucumber Web, Mobile and API Testing\JavaAPITesting\JavaAPITesting\src\test\resources
2022-02-06 01:03:46,759 [Worker-179: Building] WARN  o.e.m.c.i.embedder.EclipseLogger - Using platform encoding (Cp1252 actually) to copy filtered resources, i.e. build is platform dependent!
2022-02-06 01:03:46,759 [Worker-179: Building] INFO  o.e.m.c.i.embedder.EclipseLogger - skip non existing resourceDirectory D:\Documents\QA Engineer\Learn and Teach\JAVA BDD Cucumber Web, Mobile and API Testing\JavaAPITesting\JavaAPITesting\src\main\resources
2022-02-06 01:03:46,760 [Worker-179: Building] WARN  o.e.m.c.i.embedder.EclipseLogger - Using platform encoding (Cp1252 actually) to copy filtered resources, i.e. build is platform dependent!
2022-02-06 01:03:46,760 [Worker-179: Building] INFO  o.e.m.c.i.embedder.EclipseLogger - skip non existing resourceDirectory D:\Documents\QA Engineer\Learn and Teach\JAVA BDD Cucumber Web, Mobile and API Testing\JavaAPITesting\JavaAPITesting\src\test\resources
2022-02-06 01:03:59,296 [Worker-176: Building] INFO  o.e.m.c.i.l.LifecycleMappingFactory - Using org.eclipse.m2e.jdt.JarLifecycleMapping lifecycle mapping for MavenProject: ApiTesting:JavaAPITesting:0.0.1-SNAPSHOT @ D:\Documents\QA Engineer\Learn and Teach\JAVA BDD Cucumber Web, Mobile and API Testing\JavaAPITesting\JavaAPITesting\pom.xml.
2022-02-06 01:03:59,704 [Worker-176: Building] WARN  o.e.m.c.i.embedder.EclipseLogger - Using platform encoding (Cp1252 actually) to copy filtered resources, i.e. build is platform dependent!
2022-02-06 01:03:59,705 [Worker-176: Building] INFO  o.e.m.c.i.embedder.EclipseLogger - skip non existing resourceDirectory D:\Documents\QA Engineer\Learn and Teach\JAVA BDD Cucumber Web, Mobile and API Testing\JavaAPITesting\JavaAPITesting\src\main\resources
2022-02-06 01:03:59,706 [Worker-176: Building] WARN  o.e.m.c.i.embedder.EclipseLogger - Using platform encoding (Cp1252 actually) to copy filtered resources, i.e. build is platform dependent!
2022-02-06 01:03:59,707 [Worker-176: Building] INFO  o.e.m.c.i.embedder.EclipseLogger - skip non existing resourceDirectory D:\Documents\QA Engineer\Learn and Teach\JAVA BDD Cucumber Web, Mobile and API Testing\JavaAPITesting\JavaAPITesting\src\test\resources
2022-02-06 01:04:01,129 [Worker-181: Building] WARN  o.e.m.c.i.embedder.EclipseLogger - Using platform encoding (Cp1252 actually) to copy filtered resources, i.e. build is platform dependent!
2022-02-06 01:04:01,129 [Worker-181: Building] INFO  o.e.m.c.i.embedder.EclipseLogger - skip non existing resourceDirectory D:\Documents\QA Engineer\Learn and Teach\JAVA BDD Cucumber Web, Mobile and API Testing\JavaAPITesting\JavaAPITesting\src\main\resources
2022-02-06 01:04:01,130 [Worker-181: Building] WARN  o.e.m.c.i.embedder.EclipseLogger - Using platform encoding (Cp1252 actually) to copy filtered resources, i.e. build is platform dependent!
2022-02-06 01:04:01,130 [Worker-181: Building] INFO  o.e.m.c.i.embedder.EclipseLogger - skip non existing resourceDirectory D:\Documents\QA Engineer\Learn and Teach\JAVA BDD Cucumber Web, Mobile and API Testing\JavaAPITesting\JavaAPITesting\src\test\resources
2022-02-06 01:04:04,515 [Worker-179: Building] INFO  o.e.m.c.i.l.LifecycleMappingFactory - Using org.eclipse.m2e.jdt.JarLifecycleMapping lifecycle mapping for MavenProject: ApiTesting:JavaAPITesting:0.0.1-SNAPSHOT @ D:\Documents\QA Engineer\Learn and Teach\JAVA BDD Cucumber Web, Mobile and API Testing\JavaAPITesting\JavaAPITesting\pom.xml.
2022-02-06 01:04:04,838 [Worker-179: Building] WARN  o.e.m.c.i.embedder.EclipseLogger - Using platform encoding (Cp1252 actually) to copy filtered resources, i.e. build is platform dependent!
2022-02-06 01:04:04,838 [Worker-179: Building] INFO  o.e.m.c.i.embedder.EclipseLogger - skip non existing resourceDirectory D:\Documents\QA Engineer\Learn and Teach\JAVA BDD Cucumber Web, Mobile and API Testing\JavaAPITesting\JavaAPITesting\src\main\resources
2022-02-06 01:04:04,840 [Worker-179: Building] WARN  o.e.m.c.i.embedder.EclipseLogger - Using platform encoding (Cp1252 actually) to copy filtered resources, i.e. build is platform dependent!
2022-02-06 01:04:04,840 [Worker-179: Building] INFO  o.e.m.c.i.embedder.EclipseLogger - skip non existing resourceDirectory D:\Documents\QA Engineer\Learn and Teach\JAVA BDD Cucumber Web, Mobile and API Testing\JavaAPITesting\JavaAPITesting\src\test\resources
2022-02-06 01:04:06,073 [Worker-182: Building] WARN  o.e.m.c.i.embedder.EclipseLogger - Using platform encoding (Cp1252 actually) to copy filtered resources, i.e. build is platform dependent!
2022-02-06 01:04:06,073 [Worker-182: Building] INFO  o.e.m.c.i.embedder.EclipseLogger - skip non existing resourceDirectory D:\Documents\QA Engineer\Learn and Teach\JAVA BDD Cucumber Web, Mobile and API Testing\JavaAPITesting\JavaAPITesting\src\main\resources
2022-02-06 01:04:06,074 [Worker-182: Building] WARN  o.e.m.c.i.embedder.EclipseLogger - Using platform encoding (Cp1252 actually) to copy filtered resources, i.e. build is platform dependent!
2022-02-06 01:04:06,074 [Worker-182: Building] INFO  o.e.m.c.i.embedder.EclipseLogger - skip non existing resourceDirectory D:\Documents\QA Engineer\Learn and Teach\JAVA BDD Cucumber Web, Mobile and API Testing\JavaAPITesting\JavaAPITesting\src\test\resources
2022-02-06 01:04:12,564 [Worker-176: Building] INFO  o.e.m.c.i.l.LifecycleMappingFactory - Using org.eclipse.m2e.jdt.JarLifecycleMapping lifecycle mapping for MavenProject: ApiTesting:JavaAPITesting:0.0.1-SNAPSHOT @ D:\Documents\QA Engineer\Learn and Teach\JAVA BDD Cucumber Web, Mobile and API Testing\JavaAPITesting\JavaAPITesting\pom.xml.
2022-02-06 01:04:12,659 [Worker-176: Building] WARN  o.e.m.c.i.embedder.EclipseLogger - The artifact info.cukes:cucumber-java:pom:1.2.6 has been relocated to io.cucumber:cucumber-java:pom:1.2.6
2022-02-06 01:04:12,895 [Worker-176: Building] WARN  o.e.m.c.i.embedder.EclipseLogger - Using platform encoding (Cp1252 actually) to copy filtered resources, i.e. build is platform dependent!
2022-02-06 01:04:12,896 [Worker-176: Building] INFO  o.e.m.c.i.embedder.EclipseLogger - skip non existing resourceDirectory D:\Documents\QA Engineer\Learn and Teach\JAVA BDD Cucumber Web, Mobile and API Testing\JavaAPITesting\JavaAPITesting\src\main\resources
2022-02-06 01:04:12,897 [Worker-176: Building] WARN  o.e.m.c.i.embedder.EclipseLogger - Using platform encoding (Cp1252 actually) to copy filtered resources, i.e. build is platform dependent!
2022-02-06 01:04:12,898 [Worker-176: Building] INFO  o.e.m.c.i.embedder.EclipseLogger - skip non existing resourceDirectory D:\Documents\QA Engineer\Learn and Teach\JAVA BDD Cucumber Web, Mobile and API Testing\JavaAPITesting\JavaAPITesting\src\test\resources
2022-02-06 01:04:14,117 [Worker-179: Building] WARN  o.e.m.c.i.embedder.EclipseLogger - The artifact info.cukes:cucumber-java:pom:1.2.6 has been relocated to io.cucumber:cucumber-java:pom:1.2.6
2022-02-06 01:04:14,132 [Worker-179: Building] WARN  o.e.m.c.i.embedder.EclipseLogger - Using platform encoding (Cp1252 actually) to copy filtered resources, i.e. build is platform dependent!
2022-02-06 01:04:14,133 [Worker-179: Building] INFO  o.e.m.c.i.embedder.EclipseLogger - skip non existing resourceDirectory D:\Documents\QA Engineer\Learn and Teach\JAVA BDD Cucumber Web, Mobile and API Testing\JavaAPITesting\JavaAPITesting\src\main\resources
2022-02-06 01:04:14,133 [Worker-179: Building] WARN  o.e.m.c.i.embedder.EclipseLogger - Using platform encoding (Cp1252 actually) to copy filtered resources, i.e. build is platform dependent!
2022-02-06 01:04:14,134 [Worker-179: Building] INFO  o.e.m.c.i.embedder.EclipseLogger - skip non existing resourceDirectory D:\Documents\QA Engineer\Learn and Teach\JAVA BDD Cucumber Web, Mobile and API Testing\JavaAPITesting\JavaAPITesting\src\test\resources
2022-02-06 01:05:05,009 [Worker-169: Building] WARN  o.e.m.c.i.embedder.EclipseLogger - Using platform encoding (Cp1252 actually) to copy filtered resources, i.e. build is platform dependent!
2022-02-06 01:05:05,009 [Worker-169: Building] INFO  o.e.m.c.i.embedder.EclipseLogger - skip non existing resourceDirectory D:\Documents\QA Engineer\Learn and Teach\JAVA BDD Cucumber Web, Mobile and API Testing\JavaAPITesting\JavaAPITesting\src\main\resources
2022-02-06 01:05:05,010 [Worker-169: Building] WARN  o.e.m.c.i.embedder.EclipseLogger - Using platform encoding (Cp1252 actually) to copy filtered resources, i.e. build is platform dependent!
2022-02-06 01:05:05,011 [Worker-169: Building] INFO  o.e.m.c.i.embedder.EclipseLogger - skip non existing resourceDirectory D:\Documents\QA Engineer\Learn and Teach\JAVA BDD Cucumber Web, Mobile and API Testing\JavaAPITesting\JavaAPITesting\src\test\resources
2022-02-06 01:08:06,428 [Worker-169: Building] WARN  o.e.m.c.i.embedder.EclipseLogger - Using platform encoding (Cp1252 actually) to copy filtered resources, i.e. build is platform dependent!
2022-02-06 01:08:06,429 [Worker-169: Building] INFO  o.e.m.c.i.embedder.EclipseLogger - skip non existing resourceDirectory D:\Documents\QA Engineer\Learn and Teach\JAVA BDD Cucumber Web, Mobile and API Testing\JavaAPITesting\JavaAPITesting\src\main\resources
2022-02-06 01:08:06,430 [Worker-169: Building] WARN  o.e.m.c.i.embedder.EclipseLogger - Using platform encoding (Cp1252 actually) to copy filtered resources, i.e. build is platform dependent!
2022-02-06 01:08:06,431 [Worker-169: Building] INFO  o.e.m.c.i.embedder.EclipseLogger - skip non existing resourceDirectory D:\Documents\QA Engineer\Learn and Teach\JAVA BDD Cucumber Web, Mobile and API Testing\JavaAPITesting\JavaAPITesting\src\test\resources
2022-02-06 01:08:17,236 [Worker-182: Building] WARN  o.e.m.c.i.embedder.EclipseLogger - Using platform encoding (Cp1252 actually) to copy filtered resources, i.e. build is platform dependent!
2022-02-06 01:08:17,237 [Worker-182: Building] INFO  o.e.m.c.i.embedder.EclipseLogger - skip non existing resourceDirectory D:\Documents\QA Engineer\Learn and Teach\JAVA BDD Cucumber Web, Mobile and API Testing\JavaAPITesting\JavaAPITesting\src\main\resources
2022-02-06 01:08:17,238 [Worker-182: Building] WARN  o.e.m.c.i.embedder.EclipseLogger - Using platform encoding (Cp1252 actually) to copy filtered resources, i.e. build is platform dependent!
2022-02-06 01:08:17,238 [Worker-182: Building] INFO  o.e.m.c.i.embedder.EclipseLogger - skip non existing resourceDirectory D:\Documents\QA Engineer\Learn and Teach\JAVA BDD Cucumber Web, Mobile and API Testing\JavaAPITesting\JavaAPITesting\src\test\resources
2022-02-06 01:13:47,163 [Worker-0: Loading available Gradle versions] INFO  o.e.b.c.i.u.g.PublishedGradleVersions - Gradle version information cache is out-of-date. Trying to update.
2022-02-06 01:16:13,220 [Worker-0: Building] WARN  o.e.m.c.i.embedder.EclipseLogger - The artifact info.cukes:cucumber-java:pom:1.2.6 has been relocated to io.cucumber:cucumber-java:pom:1.2.6
2022-02-06 01:16:13,691 [Worker-0: Building] WARN  o.e.m.c.i.embedder.EclipseLogger - Using platform encoding (Cp1252 actually) to copy filtered resources, i.e. build is platform dependent!
2022-02-06 01:16:13,692 [Worker-0: Building] INFO  o.e.m.c.i.embedder.EclipseLogger - skip non existing resourceDirectory D:\Documents\QA Engineer\Learn and Teach\JAVA BDD Cucumber Web, Mobile and API Testing\JavaAPITesting\JavaAPITesting\src\main\resources
2022-02-06 01:16:13,695 [Worker-0: Building] WARN  o.e.m.c.i.embedder.EclipseLogger - Using platform encoding (Cp1252 actually) to copy filtered resources, i.e. build is platform dependent!
2022-02-06 01:16:13,696 [Worker-0: Building] INFO  o.e.m.c.i.embedder.EclipseLogger - skip non existing resourceDirectory D:\Documents\QA Engineer\Learn and Teach\JAVA BDD Cucumber Web, Mobile and API Testing\JavaAPITesting\JavaAPITesting\src\test\resources
2022-02-06 01:19:27,395 [Worker-7: Building] WARN  o.e.m.c.i.embedder.EclipseLogger - Using platform encoding (Cp1252 actually) to copy filtered resources, i.e. build is platform dependent!
2022-02-06 01:19:27,397 [Worker-7: Building] INFO  o.e.m.c.i.embedder.EclipseLogger - skip non existing resourceDirectory D:\Documents\QA Engineer\Learn and Teach\JAVA BDD Cucumber Web, Mobile and API Testing\JavaAPITesting\JavaAPITesting\src\main\resources
2022-02-06 01:19:27,400 [Worker-7: Building] WARN  o.e.m.c.i.embedder.EclipseLogger - Using platform encoding (Cp1252 actually) to copy filtered resources, i.e. build is platform dependent!
2022-02-06 01:19:27,401 [Worker-7: Building] INFO  o.e.m.c.i.embedder.EclipseLogger - skip non existing resourceDirectory D:\Documents\QA Engineer\Learn and Teach\JAVA BDD Cucumber Web, Mobile and API Testing\JavaAPITesting\JavaAPITesting\src\test\resources
2022-02-06 01:26:06,796 [Worker-16: Building] WARN  o.e.m.c.i.embedder.EclipseLogger - Using platform encoding (Cp1252 actually) to copy filtered resources, i.e. build is platform dependent!
2022-02-06 01:26:06,797 [Worker-16: Building] INFO  o.e.m.c.i.embedder.EclipseLogger - skip non existing resourceDirectory D:\Documents\QA Engineer\Learn and Teach\JAVA BDD Cucumber Web, Mobile and API Testing\JavaAPITesting\JavaAPITesting\src\main\resources
2022-02-06 01:26:06,800 [Worker-16: Building] WARN  o.e.m.c.i.embedder.EclipseLogger - Using platform encoding (Cp1252 actually) to copy filtered resources, i.e. build is platform dependent!
2022-02-06 01:26:06,801 [Worker-16: Building] INFO  o.e.m.c.i.embedder.EclipseLogger - skip non existing resourceDirectory D:\Documents\QA Engineer\Learn and Teach\JAVA BDD Cucumber Web, Mobile and API Testing\JavaAPITesting\JavaAPITesting\src\test\resources
2022-02-06 01:27:43,702 [Worker-18: Building] WARN  o.e.m.c.i.embedder.EclipseLogger - Using platform encoding (Cp1252 actually) to copy filtered resources, i.e. build is platform dependent!
2022-02-06 01:27:43,703 [Worker-18: Building] INFO  o.e.m.c.i.embedder.EclipseLogger - skip non existing resourceDirectory D:\Documents\QA Engineer\Learn and Teach\JAVA BDD Cucumber Web, Mobile and API Testing\JavaAPITesting\JavaAPITesting\src\main\resources
2022-02-06 01:27:43,705 [Worker-18: Building] WARN  o.e.m.c.i.embedder.EclipseLogger - Using platform encoding (Cp1252 actually) to copy filtered resources, i.e. build is platform dependent!
2022-02-06 01:27:43,706 [Worker-18: Building] INFO  o.e.m.c.i.embedder.EclipseLogger - skip non existing resourceDirectory D:\Documents\QA Engineer\Learn and Teach\JAVA BDD Cucumber Web, Mobile and API Testing\JavaAPITesting\JavaAPITesting\src\test\resources
2022-02-06 01:30:22,837 [Worker-16: Building] WARN  o.e.m.c.i.embedder.EclipseLogger - Using platform encoding (Cp1252 actually) to copy filtered resources, i.e. build is platform dependent!
2022-02-06 01:30:22,838 [Worker-16: Building] INFO  o.e.m.c.i.embedder.EclipseLogger - skip non existing resourceDirectory D:\Documents\QA Engineer\Learn and Teach\JAVA BDD Cucumber Web, Mobile and API Testing\JavaAPITesting\JavaAPITesting\src\main\resources
2022-02-06 01:30:22,840 [Worker-16: Building] WARN  o.e.m.c.i.embedder.EclipseLogger - Using platform encoding (Cp1252 actually) to copy filtered resources, i.e. build is platform dependent!
2022-02-06 01:30:22,842 [Worker-16: Building] INFO  o.e.m.c.i.embedder.EclipseLogger - skip non existing resourceDirectory D:\Documents\QA Engineer\Learn and Teach\JAVA BDD Cucumber Web, Mobile and API Testing\JavaAPITesting\JavaAPITesting\src\test\resources
2022-02-06 01:30:28,779 [Worker-17: Building] WARN  o.e.m.c.i.embedder.EclipseLogger - Using platform encoding (Cp1252 actually) to copy filtered resources, i.e. build is platform dependent!
2022-02-06 01:30:28,781 [Worker-17: Building] INFO  o.e.m.c.i.embedder.EclipseLogger - skip non existing resourceDirectory D:\Documents\QA Engineer\Learn and Teach\JAVA BDD Cucumber Web, Mobile and API Testing\JavaAPITesting\JavaAPITesting\src\main\resources
2022-02-06 01:30:28,783 [Worker-17: Building] WARN  o.e.m.c.i.embedder.EclipseLogger - Using platform encoding (Cp1252 actually) to copy filtered resources, i.e. build is platform dependent!
2022-02-06 01:30:28,784 [Worker-17: Building] INFO  o.e.m.c.i.embedder.EclipseLogger - skip non existing resourceDirectory D:\Documents\QA Engineer\Learn and Teach\JAVA BDD Cucumber Web, Mobile and API Testing\JavaAPITesting\JavaAPITesting\src\test\resources
2022-02-06 01:30:33,325 [Worker-19: Building] WARN  o.e.m.c.i.embedder.EclipseLogger - Using platform encoding (Cp1252 actually) to copy filtered resources, i.e. build is platform dependent!
2022-02-06 01:30:33,326 [Worker-19: Building] INFO  o.e.m.c.i.embedder.EclipseLogger - skip non existing resourceDirectory D:\Documents\QA Engineer\Learn and Teach\JAVA BDD Cucumber Web, Mobile and API Testing\JavaAPITesting\JavaAPITesting\src\main\resources
2022-02-06 01:30:33,328 [Worker-19: Building] WARN  o.e.m.c.i.embedder.EclipseLogger - Using platform encoding (Cp1252 actually) to copy filtered resources, i.e. build is platform dependent!
2022-02-06 01:30:33,329 [Worker-19: Building] INFO  o.e.m.c.i.embedder.EclipseLogger - skip non existing resourceDirectory D:\Documents\QA Engineer\Learn and Teach\JAVA BDD Cucumber Web, Mobile and API Testing\JavaAPITesting\JavaAPITesting\src\test\resources
2022-02-06 01:30:43,821 [Worker-14: Building] WARN  o.e.m.c.i.embedder.EclipseLogger - Using platform encoding (Cp1252 actually) to copy filtered resources, i.e. build is platform dependent!
2022-02-06 01:30:43,822 [Worker-14: Building] INFO  o.e.m.c.i.embedder.EclipseLogger - skip non existing resourceDirectory D:\Documents\QA Engineer\Learn and Teach\JAVA BDD Cucumber Web, Mobile and API Testing\JavaAPITesting\JavaAPITesting\src\main\resources
2022-02-06 01:30:43,826 [Worker-14: Building] WARN  o.e.m.c.i.embedder.EclipseLogger - Using platform encoding (Cp1252 actually) to copy filtered resources, i.e. build is platform dependent!
2022-02-06 01:30:43,827 [Worker-14: Building] INFO  o.e.m.c.i.embedder.EclipseLogger - skip non existing resourceDirectory D:\Documents\QA Engineer\Learn and Teach\JAVA BDD Cucumber Web, Mobile and API Testing\JavaAPITesting\JavaAPITesting\src\test\resources
2022-02-06 01:30:48,922 [Worker-18: Building] WARN  o.e.m.c.i.embedder.EclipseLogger - Using platform encoding (Cp1252 actually) to copy filtered resources, i.e. build is platform dependent!
2022-02-06 01:30:48,923 [Worker-18: Building] INFO  o.e.m.c.i.embedder.EclipseLogger - skip non existing resourceDirectory D:\Documents\QA Engineer\Learn and Teach\JAVA BDD Cucumber Web, Mobile and API Testing\JavaAPITesting\JavaAPITesting\src\main\resources
2022-02-06 01:30:48,924 [Worker-18: Building] WARN  o.e.m.c.i.embedder.EclipseLogger - Using platform encoding (Cp1252 actually) to copy filtered resources, i.e. build is platform dependent!
2022-02-06 01:30:48,925 [Worker-18: Building] INFO  o.e.m.c.i.embedder.EclipseLogger - skip non existing resourceDirectory D:\Documents\QA Engineer\Learn and Teach\JAVA BDD Cucumber Web, Mobile and API Testing\JavaAPITesting\JavaAPITesting\src\test\resources
2022-02-06 01:31:02,893 [Worker-16: Building] WARN  o.e.m.c.i.embedder.EclipseLogger - Using platform encoding (Cp1252 actually) to copy filtered resources, i.e. build is platform dependent!
2022-02-06 01:31:02,894 [Worker-16: Building] INFO  o.e.m.c.i.embedder.EclipseLogger - skip non existing resourceDirectory D:\Documents\QA Engineer\Learn and Teach\JAVA BDD Cucumber Web, Mobile and API Testing\JavaAPITesting\JavaAPITesting\src\main\resources
2022-02-06 01:31:02,896 [Worker-16: Building] WARN  o.e.m.c.i.embedder.EclipseLogger - Using platform encoding (Cp1252 actually) to copy filtered resources, i.e. build is platform dependent!
2022-02-06 01:31:02,897 [Worker-16: Building] INFO  o.e.m.c.i.embedder.EclipseLogger - skip non existing resourceDirectory D:\Documents\QA Engineer\Learn and Teach\JAVA BDD Cucumber Web, Mobile and API Testing\JavaAPITesting\JavaAPITesting\src\test\resources
2022-02-06 01:31:07,442 [Worker-18: Building] WARN  o.e.m.c.i.embedder.EclipseLogger - Using platform encoding (Cp1252 actually) to copy filtered resources, i.e. build is platform dependent!
2022-02-06 01:31:07,443 [Worker-18: Building] INFO  o.e.m.c.i.embedder.EclipseLogger - skip non existing resourceDirectory D:\Documents\QA Engineer\Learn and Teach\JAVA BDD Cucumber Web, Mobile and API Testing\JavaAPITesting\JavaAPITesting\src\main\resources
2022-02-06 01:31:07,444 [Worker-18: Building] WARN  o.e.m.c.i.embedder.EclipseLogger - Using platform encoding (Cp1252 actually) to copy filtered resources, i.e. build is platform dependent!
2022-02-06 01:31:07,445 [Worker-18: Building] INFO  o.e.m.c.i.embedder.EclipseLogger - skip non existing resourceDirectory D:\Documents\QA Engineer\Learn and Teach\JAVA BDD Cucumber Web, Mobile and API Testing\JavaAPITesting\JavaAPITesting\src\test\resources
2022-02-06 01:31:46,015 [Worker-14: Building] WARN  o.e.m.c.i.embedder.EclipseLogger - Using platform encoding (Cp1252 actually) to copy filtered resources, i.e. build is platform dependent!
2022-02-06 01:31:46,016 [Worker-14: Building] INFO  o.e.m.c.i.embedder.EclipseLogger - skip non existing resourceDirectory D:\Documents\QA Engineer\Learn and Teach\JAVA BDD Cucumber Web, Mobile and API Testing\JavaAPITesting\JavaAPITesting\src\main\resources
2022-02-06 01:31:46,018 [Worker-14: Building] WARN  o.e.m.c.i.embedder.EclipseLogger - Using platform encoding (Cp1252 actually) to copy filtered resources, i.e. build is platform dependent!
2022-02-06 01:31:46,018 [Worker-14: Building] INFO  o.e.m.c.i.embedder.EclipseLogger - skip non existing resourceDirectory D:\Documents\QA Engineer\Learn and Teach\JAVA BDD Cucumber Web, Mobile and API Testing\JavaAPITesting\JavaAPITesting\src\test\resources
2022-02-06 01:35:52,729 [Worker-14: Building] WARN  o.e.m.c.i.embedder.EclipseLogger - Using platform encoding (Cp1252 actually) to copy filtered resources, i.e. build is platform dependent!
2022-02-06 01:35:52,730 [Worker-14: Building] INFO  o.e.m.c.i.embedder.EclipseLogger - skip non existing resourceDirectory D:\Documents\QA Engineer\Learn and Teach\JAVA BDD Cucumber Web, Mobile and API Testing\JavaAPITesting\JavaAPITesting\src\main\resources
2022-02-06 01:35:52,732 [Worker-14: Building] WARN  o.e.m.c.i.embedder.EclipseLogger - Using platform encoding (Cp1252 actually) to copy filtered resources, i.e. build is platform dependent!
2022-02-06 01:35:52,733 [Worker-14: Building] INFO  o.e.m.c.i.embedder.EclipseLogger - skip non existing resourceDirectory D:\Documents\QA Engineer\Learn and Teach\JAVA BDD Cucumber Web, Mobile and API Testing\JavaAPITesting\JavaAPITesting\src\test\resources
2022-02-06 01:36:16,640 [Worker-20: Building] WARN  o.e.m.c.i.embedder.EclipseLogger - Using platform encoding (Cp1252 actually) to copy filtered resources, i.e. build is platform dependent!
2022-02-06 01:36:16,641 [Worker-20: Building] INFO  o.e.m.c.i.embedder.EclipseLogger - skip non existing resourceDirectory D:\Documents\QA Engineer\Learn and Teach\JAVA BDD Cucumber Web, Mobile and API Testing\JavaAPITesting\JavaAPITesting\src\main\resources
2022-02-06 01:36:16,643 [Worker-20: Building] WARN  o.e.m.c.i.embedder.EclipseLogger - Using platform encoding (Cp1252 actually) to copy filtered resources, i.e. build is platform dependent!
2022-02-06 01:36:16,644 [Worker-20: Building] INFO  o.e.m.c.i.embedder.EclipseLogger - skip non existing resourceDirectory D:\Documents\QA Engineer\Learn and Teach\JAVA BDD Cucumber Web, Mobile and API Testing\JavaAPITesting\JavaAPITesting\src\test\resources
2022-02-06 01:37:52,293 [Worker-18: Building] WARN  o.e.m.c.i.embedder.EclipseLogger - Using platform encoding (Cp1252 actually) to copy filtered resources, i.e. build is platform dependent!
2022-02-06 01:37:52,294 [Worker-18: Building] INFO  o.e.m.c.i.embedder.EclipseLogger - skip non existing resourceDirectory D:\Documents\QA Engineer\Learn and Teach\JAVA BDD Cucumber Web, Mobile and API Testing\JavaAPITesting\JavaAPITesting\src\main\resources
2022-02-06 01:37:52,296 [Worker-18: Building] WARN  o.e.m.c.i.embedder.EclipseLogger - Using platform encoding (Cp1252 actually) to copy filtered resources, i.e. build is platform dependent!
2022-02-06 01:37:52,297 [Worker-18: Building] INFO  o.e.m.c.i.embedder.EclipseLogger - skip non existing resourceDirectory D:\Documents\QA Engineer\Learn and Teach\JAVA BDD Cucumber Web, Mobile and API Testing\JavaAPITesting\JavaAPITesting\src\test\resources
2022-02-06 01:38:32,764 [Worker-14: Building] WARN  o.e.m.c.i.embedder.EclipseLogger - Using platform encoding (Cp1252 actually) to copy filtered resources, i.e. build is platform dependent!
2022-02-06 01:38:32,766 [Worker-14: Building] INFO  o.e.m.c.i.embedder.EclipseLogger - skip non existing resourceDirectory D:\Documents\QA Engineer\Learn and Teach\JAVA BDD Cucumber Web, Mobile and API Testing\JavaAPITesting\JavaAPITesting\src\main\resources
2022-02-06 01:38:32,770 [Worker-14: Building] WARN  o.e.m.c.i.embedder.EclipseLogger - Using platform encoding (Cp1252 actually) to copy filtered resources, i.e. build is platform dependent!
2022-02-06 01:38:32,771 [Worker-14: Building] INFO  o.e.m.c.i.embedder.EclipseLogger - skip non existing resourceDirectory D:\Documents\QA Engineer\Learn and Teach\JAVA BDD Cucumber Web, Mobile and API Testing\JavaAPITesting\JavaAPITesting\src\test\resources
2022-02-06 01:42:54,687 [Worker-21: Building] WARN  o.e.m.c.i.embedder.EclipseLogger - Using platform encoding (Cp1252 actually) to copy filtered resources, i.e. build is platform dependent!
2022-02-06 01:42:54,688 [Worker-21: Building] INFO  o.e.m.c.i.embedder.EclipseLogger - skip non existing resourceDirectory D:\Documents\QA Engineer\Learn and Teach\JAVA BDD Cucumber Web, Mobile and API Testing\JavaAPITesting\JavaAPITesting\src\main\resources
2022-02-06 01:42:54,690 [Worker-21: Building] WARN  o.e.m.c.i.embedder.EclipseLogger - Using platform encoding (Cp1252 actually) to copy filtered resources, i.e. build is platform dependent!
2022-02-06 01:42:54,690 [Worker-21: Building] INFO  o.e.m.c.i.embedder.EclipseLogger - skip non existing resourceDirectory D:\Documents\QA Engineer\Learn and Teach\JAVA BDD Cucumber Web, Mobile and API Testing\JavaAPITesting\JavaAPITesting\src\test\resources
2022-02-06 01:43:08,158 [Worker-18: Building] WARN  o.e.m.c.i.embedder.EclipseLogger - Using platform encoding (Cp1252 actually) to copy filtered resources, i.e. build is platform dependent!
2022-02-06 01:43:08,159 [Worker-18: Building] INFO  o.e.m.c.i.embedder.EclipseLogger - skip non existing resourceDirectory D:\Documents\QA Engineer\Learn and Teach\JAVA BDD Cucumber Web, Mobile and API Testing\JavaAPITesting\JavaAPITesting\src\main\resources
2022-02-06 01:43:08,160 [Worker-18: Building] WARN  o.e.m.c.i.embedder.EclipseLogger - Using platform encoding (Cp1252 actually) to copy filtered resources, i.e. build is platform dependent!
2022-02-06 01:43:08,161 [Worker-18: Building] INFO  o.e.m.c.i.embedder.EclipseLogger - skip non existing resourceDirectory D:\Documents\QA Engineer\Learn and Teach\JAVA BDD Cucumber Web, Mobile and API Testing\JavaAPITesting\JavaAPITesting\src\test\resources
2022-02-06 01:43:54,738 [Worker-20: Building] WARN  o.e.m.c.i.embedder.EclipseLogger - Using platform encoding (Cp1252 actually) to copy filtered resources, i.e. build is platform dependent!
2022-02-06 01:43:54,739 [Worker-20: Building] INFO  o.e.m.c.i.embedder.EclipseLogger - skip non existing resourceDirectory D:\Documents\QA Engineer\Learn and Teach\JAVA BDD Cucumber Web, Mobile and API Testing\JavaAPITesting\JavaAPITesting\src\main\resources
2022-02-06 01:43:54,742 [Worker-20: Building] WARN  o.e.m.c.i.embedder.EclipseLogger - Using platform encoding (Cp1252 actually) to copy filtered resources, i.e. build is platform dependent!
2022-02-06 01:43:54,743 [Worker-20: Building] INFO  o.e.m.c.i.embedder.EclipseLogger - skip non existing resourceDirectory D:\Documents\QA Engineer\Learn and Teach\JAVA BDD Cucumber Web, Mobile and API Testing\JavaAPITesting\JavaAPITesting\src\test\resources
2022-02-06 01:54:27,627 [Worker-5: Loading available Gradle versions] INFO  o.e.b.c.i.u.g.PublishedGradleVersions - Gradle version information cache is up-to-date. Trying to read.
2022-02-06 01:56:56,274 [Worker-6: Building] WARN  o.e.m.c.i.embedder.EclipseLogger - The artifact info.cukes:cucumber-java:pom:1.2.6 has been relocated to io.cucumber:cucumber-java:pom:1.2.6
2022-02-06 01:56:56,811 [Worker-6: Building] WARN  o.e.m.c.i.embedder.EclipseLogger - Using platform encoding (Cp1252 actually) to copy filtered resources, i.e. build is platform dependent!
2022-02-06 01:56:56,812 [Worker-6: Building] INFO  o.e.m.c.i.embedder.EclipseLogger - skip non existing resourceDirectory D:\Documents\QA Jobs\Test BL\TestingAPIBukalapak\JavaAPITesting\src\main\resources
2022-02-06 01:56:56,818 [Worker-6: Building] WARN  o.e.m.c.i.embedder.EclipseLogger - Using platform encoding (Cp1252 actually) to copy filtered resources, i.e. build is platform dependent!
2022-02-06 01:56:56,821 [Worker-6: Building] INFO  o.e.m.c.i.embedder.EclipseLogger - skip non existing resourceDirectory D:\Documents\QA Jobs\Test BL\TestingAPIBukalapak\JavaAPITesting\src\test\resources
2022-02-06 01:57:09,099 [Worker-10: Building] WARN  o.e.m.c.i.embedder.EclipseLogger - Using platform encoding (Cp1252 actually) to copy filtered resources, i.e. build is platform dependent!
2022-02-06 01:57:09,100 [Worker-10: Building] INFO  o.e.m.c.i.embedder.EclipseLogger - skip non existing resourceDirectory D:\Documents\QA Jobs\Test BL\TestingAPIBukalapak\JavaAPITesting\src\main\resources
2022-02-06 01:57:09,102 [Worker-10: Building] WARN  o.e.m.c.i.embedder.EclipseLogger - Using platform encoding (Cp1252 actually) to copy filtered resources, i.e. build is platform dependent!
2022-02-06 01:57:09,103 [Worker-10: Building] INFO  o.e.m.c.i.embedder.EclipseLogger - skip non existing resourceDirectory D:\Documents\QA Jobs\Test BL\TestingAPIBukalapak\JavaAPITesting\src\test\resources
2022-02-06 01:57:17,267 [Worker-6: Building] WARN  o.e.m.c.i.embedder.EclipseLogger - Using platform encoding (Cp1252 actually) to copy filtered resources, i.e. build is platform dependent!
2022-02-06 01:57:17,268 [Worker-6: Building] INFO  o.e.m.c.i.embedder.EclipseLogger - skip non existing resourceDirectory D:\Documents\QA Jobs\Test BL\TestingAPIBukalapak\JavaAPITesting\src\main\resources
2022-02-06 01:57:17,270 [Worker-6: Building] WARN  o.e.m.c.i.embedder.EclipseLogger - Using platform encoding (Cp1252 actually) to copy filtered resources, i.e. build is platform dependent!
2022-02-06 01:57:17,272 [Worker-6: Building] INFO  o.e.m.c.i.embedder.EclipseLogger - skip non existing resourceDirectory D:\Documents\QA Jobs\Test BL\TestingAPIBukalapak\JavaAPITesting\src\test\resources
2022-02-06 01:59:38,108 [Worker-10: Building] WARN  o.e.m.c.i.embedder.EclipseLogger - Using platform encoding (Cp1252 actually) to copy filtered resources, i.e. build is platform dependent!
2022-02-06 01:59:38,109 [Worker-10: Building] INFO  o.e.m.c.i.embedder.EclipseLogger - skip non existing resourceDirectory D:\Documents\QA Jobs\Test BL\TestingAPIBukalapak\JavaAPITesting\src\main\resources
2022-02-06 01:59:38,111 [Worker-10: Building] WARN  o.e.m.c.i.embedder.EclipseLogger - Using platform encoding (Cp1252 actually) to copy filtered resources, i.e. build is platform dependent!
2022-02-06 01:59:38,112 [Worker-10: Building] INFO  o.e.m.c.i.embedder.EclipseLogger - skip non existing resourceDirectory D:\Documents\QA Jobs\Test BL\TestingAPIBukalapak\JavaAPITesting\src\test\resources
2022-02-06 01:59:51,356 [Worker-3: Building] WARN  o.e.m.c.i.embedder.EclipseLogger - Using platform encoding (Cp1252 actually) to copy filtered resources, i.e. build is platform dependent!
2022-02-06 01:59:51,357 [Worker-3: Building] INFO  o.e.m.c.i.embedder.EclipseLogger - skip non existing resourceDirectory D:\Documents\QA Jobs\Test BL\TestingAPIBukalapak\JavaAPITesting\src\main\resources
2022-02-06 01:59:51,358 [Worker-3: Building] WARN  o.e.m.c.i.embedder.EclipseLogger - Using platform encoding (Cp1252 actually) to copy filtered resources, i.e. build is platform dependent!
2022-02-06 01:59:51,359 [Worker-3: Building] INFO  o.e.m.c.i.embedder.EclipseLogger - skip non existing resourceDirectory D:\Documents\QA Jobs\Test BL\TestingAPIBukalapak\JavaAPITesting\src\test\resources
2022-02-06 03:04:26,022 [Worker-16: Launching TS02_Member_Data] WARN  o.e.m.c.i.embedder.EclipseLogger - Using platform encoding (Cp1252 actually) to copy filtered resources, i.e. build is platform dependent!
2022-02-06 03:04:26,026 [Worker-16: Launching TS02_Member_Data] INFO  o.e.m.c.i.embedder.EclipseLogger - skip non existing resourceDirectory D:\Documents\QA Jobs\Test BL\TestingAPIBukalapak\JavaAPITesting\src\main\resources
2022-02-06 03:04:26,030 [Worker-16: Launching TS02_Member_Data] WARN  o.e.m.c.i.embedder.EclipseLogger - Using platform encoding (Cp1252 actually) to copy filtered resources, i.e. build is platform dependent!
2022-02-06 03:04:26,031 [Worker-16: Launching TS02_Member_Data] INFO  o.e.m.c.i.embedder.EclipseLogger - skip non existing resourceDirectory D:\Documents\QA Jobs\Test BL\TestingAPIBukalapak\JavaAPITesting\src\test\resources
2022-02-06 03:20:23,748 [Worker-19: Building] WARN  o.e.m.c.i.embedder.EclipseLogger - Using platform encoding (Cp1252 actually) to copy filtered resources, i.e. build is platform dependent!
2022-02-06 03:20:23,750 [Worker-19: Building] INFO  o.e.m.c.i.embedder.EclipseLogger - skip non existing resourceDirectory D:\Documents\QA Jobs\Test BL\TestingAPIBukalapak\JavaAPITesting\src\main\resources
2022-02-06 03:20:23,752 [Worker-19: Building] WARN  o.e.m.c.i.embedder.EclipseLogger - Using platform encoding (Cp1252 actually) to copy filtered resources, i.e. build is platform dependent!
2022-02-06 03:20:23,754 [Worker-19: Building] INFO  o.e.m.c.i.embedder.EclipseLogger - skip non existing resourceDirectory D:\Documents\QA Jobs\Test BL\TestingAPIBukalapak\JavaAPITesting\src\test\resources
2022-02-06 03:20:34,424 [Worker-21: Building] WARN  o.e.m.c.i.embedder.EclipseLogger - Using platform encoding (Cp1252 actually) to copy filtered resources, i.e. build is platform dependent!
2022-02-06 03:20:34,425 [Worker-21: Building] INFO  o.e.m.c.i.embedder.EclipseLogger - skip non existing resourceDirectory D:\Documents\QA Jobs\Test BL\TestingAPIBukalapak\JavaAPITesting\src\main\resources
2022-02-06 03:20:34,429 [Worker-21: Building] WARN  o.e.m.c.i.embedder.EclipseLogger - Using platform encoding (Cp1252 actually) to copy filtered resources, i.e. build is platform dependent!
2022-02-06 03:20:34,430 [Worker-21: Building] INFO  o.e.m.c.i.embedder.EclipseLogger - skip non existing resourceDirectory D:\Documents\QA Jobs\Test BL\TestingAPIBukalapak\JavaAPITesting\src\test\resources
2022-02-06 03:22:09,573 [Worker-21: Building] WARN  o.e.m.c.i.embedder.EclipseLogger - Using platform encoding (Cp1252 actually) to copy filtered resources, i.e. build is platform dependent!
2022-02-06 03:22:09,574 [Worker-21: Building] INFO  o.e.m.c.i.embedder.EclipseLogger - skip non existing resourceDirectory D:\Documents\QA Jobs\Test BL\TestingAPIBukalapak\JavaAPITesting\src\main\resources
2022-02-06 03:22:09,576 [Worker-21: Building] WARN  o.e.m.c.i.embedder.EclipseLogger - Using platform encoding (Cp1252 actually) to copy filtered resources, i.e. build is platform dependent!
2022-02-06 03:22:09,576 [Worker-21: Building] INFO  o.e.m.c.i.embedder.EclipseLogger - skip non existing resourceDirectory D:\Documents\QA Jobs\Test BL\TestingAPIBukalapak\JavaAPITesting\src\test\resources
2022-02-06 03:25:34,333 [Worker-21: Building] WARN  o.e.m.c.i.embedder.EclipseLogger - Using platform encoding (Cp1252 actually) to copy filtered resources, i.e. build is platform dependent!
2022-02-06 03:25:34,334 [Worker-21: Building] INFO  o.e.m.c.i.embedder.EclipseLogger - skip non existing resourceDirectory D:\Documents\QA Jobs\Test BL\TestingAPIBukalapak\JavaAPITesting\src\main\resources
2022-02-06 03:25:34,336 [Worker-21: Building] WARN  o.e.m.c.i.embedder.EclipseLogger - Using platform encoding (Cp1252 actually) to copy filtered resources, i.e. build is platform dependent!
2022-02-06 03:25:34,336 [Worker-21: Building] INFO  o.e.m.c.i.embedder.EclipseLogger - skip non existing resourceDirectory D:\Documents\QA Jobs\Test BL\TestingAPIBukalapak\JavaAPITesting\src\test\resources
2022-02-06 03:26:59,547 [Worker-16: Building] WARN  o.e.m.c.i.embedder.EclipseLogger - Using platform encoding (Cp1252 actually) to copy filtered resources, i.e. build is platform dependent!
2022-02-06 03:26:59,548 [Worker-16: Building] INFO  o.e.m.c.i.embedder.EclipseLogger - skip non existing resourceDirectory D:\Documents\QA Jobs\Test BL\TestingAPIBukalapak\JavaAPITesting\src\main\resources
2022-02-06 03:26:59,549 [Worker-16: Building] WARN  o.e.m.c.i.embedder.EclipseLogger - Using platform encoding (Cp1252 actually) to copy filtered resources, i.e. build is platform dependent!
2022-02-06 03:26:59,549 [Worker-16: Building] INFO  o.e.m.c.i.embedder.EclipseLogger - skip non existing resourceDirectory D:\Documents\QA Jobs\Test BL\TestingAPIBukalapak\JavaAPITesting\src\test\resources
2022-02-06 03:29:55,661 [Worker-23: Building] WARN  o.e.m.c.i.embedder.EclipseLogger - Using platform encoding (Cp1252 actually) to copy filtered resources, i.e. build is platform dependent!
2022-02-06 03:29:55,662 [Worker-23: Building] INFO  o.e.m.c.i.embedder.EclipseLogger - skip non existing resourceDirectory D:\Documents\QA Jobs\Test BL\TestingAPIBukalapak\JavaAPITesting\src\main\resources
2022-02-06 03:29:55,663 [Worker-23: Building] WARN  o.e.m.c.i.embedder.EclipseLogger - Using platform encoding (Cp1252 actually) to copy filtered resources, i.e. build is platform dependent!
2022-02-06 03:29:55,664 [Worker-23: Building] INFO  o.e.m.c.i.embedder.EclipseLogger - skip non existing resourceDirectory D:\Documents\QA Jobs\Test BL\TestingAPIBukalapak\JavaAPITesting\src\test\resources
2022-02-06 03:30:01,193 [Worker-20: Building] WARN  o.e.m.c.i.embedder.EclipseLogger - Using platform encoding (Cp1252 actually) to copy filtered resources, i.e. build is platform dependent!
2022-02-06 03:30:01,194 [Worker-20: Building] INFO  o.e.m.c.i.embedder.EclipseLogger - skip non existing resourceDirectory D:\Documents\QA Jobs\Test BL\TestingAPIBukalapak\JavaAPITesting\src\main\resources
2022-02-06 03:30:01,196 [Worker-20: Building] WARN  o.e.m.c.i.embedder.EclipseLogger - Using platform encoding (Cp1252 actually) to copy filtered resources, i.e. build is platform dependent!
2022-02-06 03:30:01,197 [Worker-20: Building] INFO  o.e.m.c.i.embedder.EclipseLogger - skip non existing resourceDirectory D:\Documents\QA Jobs\Test BL\TestingAPIBukalapak\JavaAPITesting\src\test\resources
2022-02-06 03:31:31,426 [Worker-23: Building] WARN  o.e.m.c.i.embedder.EclipseLogger - Using platform encoding (Cp1252 actually) to copy filtered resources, i.e. build is platform dependent!
2022-02-06 03:31:31,427 [Worker-23: Building] INFO  o.e.m.c.i.embedder.EclipseLogger - skip non existing resourceDirectory D:\Documents\QA Jobs\Test BL\TestingAPIBukalapak\JavaAPITesting\src\main\resources
2022-02-06 03:31:31,428 [Worker-23: Building] WARN  o.e.m.c.i.embedder.EclipseLogger - Using platform encoding (Cp1252 actually) to copy filtered resources, i.e. build is platform dependent!
2022-02-06 03:31:31,429 [Worker-23: Building] INFO  o.e.m.c.i.embedder.EclipseLogger - skip non existing resourceDirectory D:\Documents\QA Jobs\Test BL\TestingAPIBukalapak\JavaAPITesting\src\test\resources
2022-02-06 03:32:19,432 [Worker-24: Building] WARN  o.e.m.c.i.embedder.EclipseLogger - Using platform encoding (Cp1252 actually) to copy filtered resources, i.e. build is platform dependent!
2022-02-06 03:32:19,433 [Worker-24: Building] INFO  o.e.m.c.i.embedder.EclipseLogger - skip non existing resourceDirectory D:\Documents\QA Jobs\Test BL\TestingAPIBukalapak\JavaAPITesting\src\main\resources
2022-02-06 03:32:19,435 [Worker-24: Building] WARN  o.e.m.c.i.embedder.EclipseLogger - Using platform encoding (Cp1252 actually) to copy filtered resources, i.e. build is platform dependent!
2022-02-06 03:32:19,436 [Worker-24: Building] INFO  o.e.m.c.i.embedder.EclipseLogger - skip non existing resourceDirectory D:\Documents\QA Jobs\Test BL\TestingAPIBukalapak\JavaAPITesting\src\test\resources
2022-02-06 03:35:16,789 [Worker-25: Building] WARN  o.e.m.c.i.embedder.EclipseLogger - Using platform encoding (Cp1252 actually) to copy filtered resources, i.e. build is platform dependent!
2022-02-06 03:35:16,790 [Worker-25: Building] INFO  o.e.m.c.i.embedder.EclipseLogger - skip non existing resourceDirectory D:\Documents\QA Jobs\Test BL\TestingAPIBukalapak\JavaAPITesting\src\main\resources
2022-02-06 03:35:16,794 [Worker-25: Building] WARN  o.e.m.c.i.embedder.EclipseLogger - Using platform encoding (Cp1252 actually) to copy filtered resources, i.e. build is platform dependent!
2022-02-06 03:35:16,795 [Worker-25: Building] INFO  o.e.m.c.i.embedder.EclipseLogger - skip non existing resourceDirectory D:\Documents\QA Jobs\Test BL\TestingAPIBukalapak\JavaAPITesting\src\test\resources
2022-02-06 03:40:00,158 [Worker-25: Building] INFO  o.e.m.c.i.l.LifecycleMappingFactory - Using org.eclipse.m2e.jdt.JarLifecycleMapping lifecycle mapping for MavenProject: ApiTesting:JavaAPITesting:0.0.1-SNAPSHOT @ D:\Documents\QA Jobs\Test BL\TestingAPIBukalapak\JavaAPITesting\pom.xml.
2022-02-06 03:40:02,207 [Worker-25: Building] INFO  o.e.m.c.i.e.AbstractTransferListenerAdapter - Downloading https://repo.maven.apache.org/maven2/io/rest-assured/json-schema-validator/3.3.0/json-schema-validator-3.3.0.pom
2022-02-06 03:40:02,796 [Worker-25: Building] INFO  o.e.m.c.i.e.AbstractTransferListenerAdapter - Downloaded https://repo.maven.apache.org/maven2/io/rest-assured/json-schema-validator/3.3.0/json-schema-validator-3.3.0.pom
2022-02-06 03:40:03,109 [Worker-25: Building] INFO  o.e.m.c.i.e.AbstractTransferListenerAdapter - Downloading https://repo.maven.apache.org/maven2/com/github/java-json-tools/json-schema-validator/2.2.10/json-schema-validator-2.2.10.pom
2022-02-06 03:40:03,422 [Worker-25: Building] INFO  o.e.m.c.i.e.AbstractTransferListenerAdapter - Downloaded https://repo.maven.apache.org/maven2/com/github/java-json-tools/json-schema-validator/2.2.10/json-schema-validator-2.2.10.pom
2022-02-06 03:40:03,718 [Worker-25: Building] INFO  o.e.m.c.i.e.AbstractTransferListenerAdapter - Downloading https://repo.maven.apache.org/maven2/com/github/java-json-tools/json-schema-core/1.2.10/json-schema-core-1.2.10.pom
2022-02-06 03:40:04,025 [Worker-25: Building] INFO  o.e.m.c.i.e.AbstractTransferListenerAdapter - Downloaded https://repo.maven.apache.org/maven2/com/github/java-json-tools/json-schema-core/1.2.10/json-schema-core-1.2.10.pom
2022-02-06 03:40:04,322 [Worker-25: Building] INFO  o.e.m.c.i.e.AbstractTransferListenerAdapter - Downloading https://repo.maven.apache.org/maven2/com/github/java-json-tools/jackson-coreutils/1.9/jackson-coreutils-1.9.pom
2022-02-06 03:40:04,636 [Worker-25: Building] INFO  o.e.m.c.i.e.AbstractTransferListenerAdapter - Downloaded https://repo.maven.apache.org/maven2/com/github/java-json-tools/jackson-coreutils/1.9/jackson-coreutils-1.9.pom
2022-02-06 03:40:04,929 [Worker-25: Building] INFO  o.e.m.c.i.e.AbstractTransferListenerAdapter - Downloading https://repo.maven.apache.org/maven2/com/fasterxml/jackson/core/jackson-databind/2.2.3/jackson-databind-2.2.3.pom
2022-02-06 03:40:05,250 [Worker-25: Building] INFO  o.e.m.c.i.e.AbstractTransferListenerAdapter - Downloaded https://repo.maven.apache.org/maven2/com/fasterxml/jackson/core/jackson-databind/2.2.3/jackson-databind-2.2.3.pom
2022-02-06 03:40:05,549 [Worker-25: Building] INFO  o.e.m.c.i.e.AbstractTransferListenerAdapter - Downloading https://repo.maven.apache.org/maven2/com/fasterxml/oss-parent/11/oss-parent-11.pom
2022-02-06 03:40:05,921 [Worker-25: Building] INFO  o.e.m.c.i.e.AbstractTransferListenerAdapter - Downloaded https://repo.maven.apache.org/maven2/com/fasterxml/oss-parent/11/oss-parent-11.pom
2022-02-06 03:40:06,222 [Worker-25: Building] INFO  o.e.m.c.i.e.AbstractTransferListenerAdapter - Downloading https://repo.maven.apache.org/maven2/com/fasterxml/jackson/core/jackson-annotations/2.2.3/jackson-annotations-2.2.3.pom
2022-02-06 03:40:06,529 [Worker-25: Building] INFO  o.e.m.c.i.e.AbstractTransferListenerAdapter - Downloaded https://repo.maven.apache.org/maven2/com/fasterxml/jackson/core/jackson-annotations/2.2.3/jackson-annotations-2.2.3.pom
2022-02-06 03:40:06,846 [Worker-25: Building] INFO  o.e.m.c.i.e.AbstractTransferListenerAdapter - Downloading https://repo.maven.apache.org/maven2/com/fasterxml/oss-parent/10/oss-parent-10.pom
2022-02-06 03:40:07,203 [Worker-25: Building] INFO  o.e.m.c.i.e.AbstractTransferListenerAdapter - Downloaded https://repo.maven.apache.org/maven2/com/fasterxml/oss-parent/10/oss-parent-10.pom
2022-02-06 03:40:07,497 [Worker-25: Building] INFO  o.e.m.c.i.e.AbstractTransferListenerAdapter - Downloading https://repo.maven.apache.org/maven2/com/fasterxml/jackson/core/jackson-core/2.2.3/jackson-core-2.2.3.pom
2022-02-06 03:40:07,821 [Worker-25: Building] INFO  o.e.m.c.i.e.AbstractTransferListenerAdapter - Downloaded https://repo.maven.apache.org/maven2/com/fasterxml/jackson/core/jackson-core/2.2.3/jackson-core-2.2.3.pom
2022-02-06 03:40:08,121 [Worker-25: Building] INFO  o.e.m.c.i.e.AbstractTransferListenerAdapter - Downloading https://repo.maven.apache.org/maven2/com/google/guava/guava/16.0.1/guava-16.0.1.pom
2022-02-06 03:40:08,447 [Worker-25: Building] INFO  o.e.m.c.i.e.AbstractTransferListenerAdapter - Downloaded https://repo.maven.apache.org/maven2/com/google/guava/guava/16.0.1/guava-16.0.1.pom
2022-02-06 03:40:08,740 [Worker-25: Building] INFO  o.e.m.c.i.e.AbstractTransferListenerAdapter - Downloading https://repo.maven.apache.org/maven2/com/google/guava/guava-parent/16.0.1/guava-parent-16.0.1.pom
2022-02-06 03:40:09,046 [Worker-25: Building] INFO  o.e.m.c.i.e.AbstractTransferListenerAdapter - Downloaded https://repo.maven.apache.org/maven2/com/google/guava/guava-parent/16.0.1/guava-parent-16.0.1.pom
2022-02-06 03:40:09,349 [Worker-25: Building] INFO  o.e.m.c.i.e.AbstractTransferListenerAdapter - Downloading https://repo.maven.apache.org/maven2/com/github/fge/msg-simple/1.1/msg-simple-1.1.pom
2022-02-06 03:40:09,645 [Worker-25: Building] INFO  o.e.m.c.i.e.AbstractTransferListenerAdapter - Downloaded https://repo.maven.apache.org/maven2/com/github/fge/msg-simple/1.1/msg-simple-1.1.pom
2022-02-06 03:40:09,952 [Worker-25: Building] INFO  o.e.m.c.i.e.AbstractTransferListenerAdapter - Downloading https://repo.maven.apache.org/maven2/com/github/fge/btf/1.2/btf-1.2.pom
2022-02-06 03:40:10,255 [Worker-25: Building] INFO  o.e.m.c.i.e.AbstractTransferListenerAdapter - Downloaded https://repo.maven.apache.org/maven2/com/github/fge/btf/1.2/btf-1.2.pom
2022-02-06 03:40:10,542 [Worker-25: Building] INFO  o.e.m.c.i.e.AbstractTransferListenerAdapter - Downloading https://repo.maven.apache.org/maven2/com/github/fge/uri-template/0.9/uri-template-0.9.pom
2022-02-06 03:40:10,828 [Worker-25: Building] INFO  o.e.m.c.i.e.AbstractTransferListenerAdapter - Downloaded https://repo.maven.apache.org/maven2/com/github/fge/uri-template/0.9/uri-template-0.9.pom
2022-02-06 03:40:11,123 [Worker-25: Building] INFO  o.e.m.c.i.e.AbstractTransferListenerAdapter - Downloading https://repo.maven.apache.org/maven2/org/mozilla/rhino/1.7.7.1/rhino-1.7.7.1.pom
2022-02-06 03:40:11,414 [Worker-25: Building] INFO  o.e.m.c.i.e.AbstractTransferListenerAdapter - Downloaded https://repo.maven.apache.org/maven2/org/mozilla/rhino/1.7.7.1/rhino-1.7.7.1.pom
2022-02-06 03:40:11,700 [Worker-25: Building] INFO  o.e.m.c.i.e.AbstractTransferListenerAdapter - Downloading https://repo.maven.apache.org/maven2/javax/mail/mailapi/1.4.3/mailapi-1.4.3.pom
2022-02-06 03:40:11,996 [Worker-25: Building] INFO  o.e.m.c.i.e.AbstractTransferListenerAdapter - Downloaded https://repo.maven.apache.org/maven2/javax/mail/mailapi/1.4.3/mailapi-1.4.3.pom
2022-02-06 03:40:12,280 [Worker-25: Building] INFO  o.e.m.c.i.e.AbstractTransferListenerAdapter - Downloading https://repo.maven.apache.org/maven2/com/sun/mail/all/1.4.3/all-1.4.3.pom
2022-02-06 03:40:12,604 [Worker-25: Building] INFO  o.e.m.c.i.e.AbstractTransferListenerAdapter - Downloaded https://repo.maven.apache.org/maven2/com/sun/mail/all/1.4.3/all-1.4.3.pom
2022-02-06 03:40:12,915 [Worker-25: Building] INFO  o.e.m.c.i.e.AbstractTransferListenerAdapter - Downloading https://repo.maven.apache.org/maven2/javax/activation/activation/1.1/activation-1.1.pom
2022-02-06 03:40:13,215 [Worker-25: Building] INFO  o.e.m.c.i.e.AbstractTransferListenerAdapter - Downloaded https://repo.maven.apache.org/maven2/javax/activation/activation/1.1/activation-1.1.pom
2022-02-06 03:40:13,506 [Worker-25: Building] INFO  o.e.m.c.i.e.AbstractTransferListenerAdapter - Downloading https://repo.maven.apache.org/maven2/joda-time/joda-time/2.9.7/joda-time-2.9.7.pom
2022-02-06 03:40:13,891 [Worker-25: Building] INFO  o.e.m.c.i.e.AbstractTransferListenerAdapter - Downloaded https://repo.maven.apache.org/maven2/joda-time/joda-time/2.9.7/joda-time-2.9.7.pom
2022-02-06 03:40:14,188 [Worker-25: Building] INFO  o.e.m.c.i.e.AbstractTransferListenerAdapter - Downloading https://repo.maven.apache.org/maven2/com/googlecode/libphonenumber/libphonenumber/8.0.0/libphonenumber-8.0.0.pom
2022-02-06 03:40:14,485 [Worker-25: Building] INFO  o.e.m.c.i.e.AbstractTransferListenerAdapter - Downloaded https://repo.maven.apache.org/maven2/com/googlecode/libphonenumber/libphonenumber/8.0.0/libphonenumber-8.0.0.pom
2022-02-06 03:40:14,775 [Worker-25: Building] INFO  o.e.m.c.i.e.AbstractTransferListenerAdapter - Downloading https://repo.maven.apache.org/maven2/com/googlecode/libphonenumber/libphonenumber-parent/8.0.0/libphonenumber-parent-8.0.0.pom
2022-02-06 03:40:15,074 [Worker-25: Building] INFO  o.e.m.c.i.e.AbstractTransferListenerAdapter - Downloaded https://repo.maven.apache.org/maven2/com/googlecode/libphonenumber/libphonenumber-parent/8.0.0/libphonenumber-parent-8.0.0.pom
2022-02-06 03:40:15,466 [Worker-25: Building] INFO  o.e.m.c.i.e.AbstractTransferListenerAdapter - Downloading https://repo.maven.apache.org/maven2/net/sf/jopt-simple/jopt-simple/5.0.3/jopt-simple-5.0.3.pom
2022-02-06 03:40:15,772 [Worker-25: Building] INFO  o.e.m.c.i.e.AbstractTransferListenerAdapter - Downloaded https://repo.maven.apache.org/maven2/net/sf/jopt-simple/jopt-simple/5.0.3/jopt-simple-5.0.3.pom
2022-02-06 03:40:15,856 [Worker-25: Building] WARN  o.e.m.c.i.embedder.EclipseLogger - The artifact info.cukes:cucumber-java:pom:1.2.6 has been relocated to io.cucumber:cucumber-java:pom:1.2.6
2022-02-06 03:40:16,219 [AetherRepositoryConnector-repo.maven.apache.org-0-2] INFO  o.e.m.c.i.e.AbstractTransferListenerAdapter - Downloading https://repo.maven.apache.org/maven2/com/github/java-json-tools/json-schema-core/1.2.10/json-schema-core-1.2.10.jar
2022-02-06 03:40:16,578 [AetherRepositoryConnector-repo.maven.apache.org-0-0] INFO  o.e.m.c.i.e.AbstractTransferListenerAdapter - Downloading https://repo.maven.apache.org/maven2/io/rest-assured/json-schema-validator/3.3.0/json-schema-validator-3.3.0.jar
2022-02-06 03:40:16,578 [AetherRepositoryConnector-repo.maven.apache.org-0-4] INFO  o.e.m.c.i.e.AbstractTransferListenerAdapter - Downloading https://repo.maven.apache.org/maven2/com/fasterxml/jackson/core/jackson-databind/2.2.3/jackson-databind-2.2.3.jar
2022-02-06 03:40:16,578 [AetherRepositoryConnector-repo.maven.apache.org-0-1] INFO  o.e.m.c.i.e.AbstractTransferListenerAdapter - Downloading https://repo.maven.apache.org/maven2/com/github/java-json-tools/json-schema-validator/2.2.10/json-schema-validator-2.2.10.jar
2022-02-06 03:40:16,578 [AetherRepositoryConnector-repo.maven.apache.org-0-3] INFO  o.e.m.c.i.e.AbstractTransferListenerAdapter - Downloading https://repo.maven.apache.org/maven2/com/github/java-json-tools/jackson-coreutils/1.9/jackson-coreutils-1.9.jar
2022-02-06 03:40:17,542 [AetherRepositoryConnector-repo.maven.apache.org-0-0] INFO  o.e.m.c.i.e.AbstractTransferListenerAdapter - Downloaded https://repo.maven.apache.org/maven2/io/rest-assured/json-schema-validator/3.3.0/json-schema-validator-3.3.0.jar
2022-02-06 03:40:17,786 [AetherRepositoryConnector-repo.maven.apache.org-0-3] INFO  o.e.m.c.i.e.AbstractTransferListenerAdapter - Downloaded https://repo.maven.apache.org/maven2/com/github/java-json-tools/jackson-coreutils/1.9/jackson-coreutils-1.9.jar
2022-02-06 03:40:17,925 [AetherRepositoryConnector-repo.maven.apache.org-0-2] INFO  o.e.m.c.i.e.AbstractTransferListenerAdapter - Downloaded https://repo.maven.apache.org/maven2/com/github/java-json-tools/json-schema-core/1.2.10/json-schema-core-1.2.10.jar
2022-02-06 03:40:18,255 [AetherRepositoryConnector-repo.maven.apache.org-0-0] INFO  o.e.m.c.i.e.AbstractTransferListenerAdapter - Downloading https://repo.maven.apache.org/maven2/com/fasterxml/jackson/core/jackson-annotations/2.2.3/jackson-annotations-2.2.3.jar
2022-02-06 03:40:18,257 [AetherRepositoryConnector-repo.maven.apache.org-0-1] INFO  o.e.m.c.i.e.AbstractTransferListenerAdapter - Downloaded https://repo.maven.apache.org/maven2/com/github/java-json-tools/json-schema-validator/2.2.10/json-schema-validator-2.2.10.jar
2022-02-06 03:40:18,297 [AetherRepositoryConnector-repo.maven.apache.org-0-3] INFO  o.e.m.c.i.e.AbstractTransferListenerAdapter - Downloading https://repo.maven.apache.org/maven2/com/fasterxml/jackson/core/jackson-core/2.2.3/jackson-core-2.2.3.jar
2022-02-06 03:40:18,492 [AetherRepositoryConnector-repo.maven.apache.org-0-2] INFO  o.e.m.c.i.e.AbstractTransferListenerAdapter - Downloading https://repo.maven.apache.org/maven2/com/google/guava/guava/16.0.1/guava-16.0.1.jar
2022-02-06 03:40:18,904 [AetherRepositoryConnector-repo.maven.apache.org-0-1] INFO  o.e.m.c.i.e.AbstractTransferListenerAdapter - Downloading https://repo.maven.apache.org/maven2/com/github/fge/msg-simple/1.1/msg-simple-1.1.jar
2022-02-06 03:40:19,079 [AetherRepositoryConnector-repo.maven.apache.org-0-0] INFO  o.e.m.c.i.e.AbstractTransferListenerAdapter - Downloaded https://repo.maven.apache.org/maven2/com/fasterxml/jackson/core/jackson-annotations/2.2.3/jackson-annotations-2.2.3.jar
2022-02-06 03:40:19,080 [AetherRepositoryConnector-repo.maven.apache.org-0-4] INFO  o.e.m.c.i.e.AbstractTransferListenerAdapter - Downloaded https://repo.maven.apache.org/maven2/com/fasterxml/jackson/core/jackson-databind/2.2.3/jackson-databind-2.2.3.jar
2022-02-06 03:40:19,150 [AetherRepositoryConnector-repo.maven.apache.org-0-3] INFO  o.e.m.c.i.e.AbstractTransferListenerAdapter - Downloaded https://repo.maven.apache.org/maven2/com/fasterxml/jackson/core/jackson-core/2.2.3/jackson-core-2.2.3.jar
2022-02-06 03:40:19,674 [AetherRepositoryConnector-repo.maven.apache.org-0-1] INFO  o.e.m.c.i.e.AbstractTransferListenerAdapter - Downloaded https://repo.maven.apache.org/maven2/com/github/fge/msg-simple/1.1/msg-simple-1.1.jar
2022-02-06 03:40:19,996 [AetherRepositoryConnector-repo.maven.apache.org-0-0] INFO  o.e.m.c.i.e.AbstractTransferListenerAdapter - Downloading https://repo.maven.apache.org/maven2/com/github/fge/btf/1.2/btf-1.2.jar
2022-02-06 03:40:19,997 [AetherRepositoryConnector-repo.maven.apache.org-0-4] INFO  o.e.m.c.i.e.AbstractTransferListenerAdapter - Downloading https://repo.maven.apache.org/maven2/com/github/fge/uri-template/0.9/uri-template-0.9.jar
2022-02-06 03:40:19,998 [AetherRepositoryConnector-repo.maven.apache.org-0-3] INFO  o.e.m.c.i.e.AbstractTransferListenerAdapter - Downloading https://repo.maven.apache.org/maven2/org/mozilla/rhino/1.7.7.1/rhino-1.7.7.1.jar
2022-02-06 03:40:20,727 [AetherRepositoryConnector-repo.maven.apache.org-0-1] INFO  o.e.m.c.i.e.AbstractTransferListenerAdapter - Downloading https://repo.maven.apache.org/maven2/javax/mail/mailapi/1.4.3/mailapi-1.4.3.jar
2022-02-06 03:40:21,195 [AetherRepositoryConnector-repo.maven.apache.org-0-0] INFO  o.e.m.c.i.e.AbstractTransferListenerAdapter - Downloaded https://repo.maven.apache.org/maven2/com/github/fge/btf/1.2/btf-1.2.jar
2022-02-06 03:40:21,293 [AetherRepositoryConnector-repo.maven.apache.org-0-4] INFO  o.e.m.c.i.e.AbstractTransferListenerAdapter - Downloaded https://repo.maven.apache.org/maven2/com/github/fge/uri-template/0.9/uri-template-0.9.jar
2022-02-06 03:40:22,873 [AetherRepositoryConnector-repo.maven.apache.org-0-0] INFO  o.e.m.c.i.e.AbstractTransferListenerAdapter - Downloading https://repo.maven.apache.org/maven2/javax/activation/activation/1.1/activation-1.1.jar
2022-02-06 03:40:22,876 [AetherRepositoryConnector-repo.maven.apache.org-0-4] INFO  o.e.m.c.i.e.AbstractTransferListenerAdapter - Downloading https://repo.maven.apache.org/maven2/joda-time/joda-time/2.9.7/joda-time-2.9.7.jar
2022-02-06 03:40:22,902 [AetherRepositoryConnector-repo.maven.apache.org-0-1] INFO  o.e.m.c.i.e.AbstractTransferListenerAdapter - Downloaded https://repo.maven.apache.org/maven2/javax/mail/mailapi/1.4.3/mailapi-1.4.3.jar
2022-02-06 03:40:23,992 [AetherRepositoryConnector-repo.maven.apache.org-0-2] INFO  o.e.m.c.i.e.AbstractTransferListenerAdapter - Downloaded https://repo.maven.apache.org/maven2/com/google/guava/guava/16.0.1/guava-16.0.1.jar
2022-02-06 03:40:24,093 [AetherRepositoryConnector-repo.maven.apache.org-0-0] INFO  o.e.m.c.i.e.AbstractTransferListenerAdapter - Downloaded https://repo.maven.apache.org/maven2/javax/activation/activation/1.1/activation-1.1.jar
2022-02-06 03:40:24,101 [AetherRepositoryConnector-repo.maven.apache.org-0-1] INFO  o.e.m.c.i.e.AbstractTransferListenerAdapter - Downloading https://repo.maven.apache.org/maven2/com/googlecode/libphonenumber/libphonenumber/8.0.0/libphonenumber-8.0.0.jar
2022-02-06 03:40:24,886 [AetherRepositoryConnector-repo.maven.apache.org-0-3] INFO  o.e.m.c.i.e.AbstractTransferListenerAdapter - Downloaded https://repo.maven.apache.org/maven2/org/mozilla/rhino/1.7.7.1/rhino-1.7.7.1.jar
2022-02-06 03:40:24,916 [AetherRepositoryConnector-repo.maven.apache.org-0-2] INFO  o.e.m.c.i.e.AbstractTransferListenerAdapter - Downloading https://repo.maven.apache.org/maven2/net/sf/jopt-simple/jopt-simple/5.0.3/jopt-simple-5.0.3.jar
2022-02-06 03:40:24,984 [AetherRepositoryConnector-repo.maven.apache.org-0-4] INFO  o.e.m.c.i.e.AbstractTransferListenerAdapter - Downloaded https://repo.maven.apache.org/maven2/joda-time/joda-time/2.9.7/joda-time-2.9.7.jar
2022-02-06 03:40:25,331 [AetherRepositoryConnector-repo.maven.apache.org-0-1] INFO  o.e.m.c.i.e.AbstractTransferListenerAdapter - Downloaded https://repo.maven.apache.org/maven2/com/googlecode/libphonenumber/libphonenumber/8.0.0/libphonenumber-8.0.0.jar
2022-02-06 03:40:25,522 [AetherRepositoryConnector-repo.maven.apache.org-0-2] INFO  o.e.m.c.i.e.AbstractTransferListenerAdapter - Downloaded https://repo.maven.apache.org/maven2/net/sf/jopt-simple/jopt-simple/5.0.3/jopt-simple-5.0.3.jar
2022-02-06 03:40:29,378 [Worker-25: Building] WARN  o.e.m.c.i.embedder.EclipseLogger - Using platform encoding (Cp1252 actually) to copy filtered resources, i.e. build is platform dependent!
2022-02-06 03:40:29,379 [Worker-25: Building] INFO  o.e.m.c.i.embedder.EclipseLogger - skip non existing resourceDirectory D:\Documents\QA Jobs\Test BL\TestingAPIBukalapak\JavaAPITesting\src\main\resources
2022-02-06 03:40:29,380 [Worker-25: Building] WARN  o.e.m.c.i.embedder.EclipseLogger - Using platform encoding (Cp1252 actually) to copy filtered resources, i.e. build is platform dependent!
2022-02-06 03:40:29,381 [Worker-25: Building] INFO  o.e.m.c.i.embedder.EclipseLogger - skip non existing resourceDirectory D:\Documents\QA Jobs\Test BL\TestingAPIBukalapak\JavaAPITesting\src\test\resources
2022-02-06 03:40:30,083 [Worker-24: reload maven project] WARN  o.e.m.c.i.embedder.EclipseLogger - The artifact info.cukes:cucumber-java:pom:1.2.6 has been relocated to io.cucumber:cucumber-java:pom:1.2.6
2022-02-06 03:40:31,273 [Worker-27: Building] INFO  o.e.m.c.i.l.LifecycleMappingFactory - Using org.eclipse.m2e.jdt.JarLifecycleMapping lifecycle mapping for MavenProject: ApiTesting:JavaAPITesting:0.0.1-SNAPSHOT @ D:\Documents\QA Jobs\Test BL\TestingAPIBukalapak\JavaAPITesting\pom.xml.
2022-02-06 03:40:31,435 [Worker-24: Download sources and javadoc] INFO  o.e.m.c.i.e.AbstractTransferListenerAdapter - Downloading https://repo.maven.apache.org/maven2/io/rest-assured/json-schema-validator/3.3.0/json-schema-validator-3.3.0-sources.jar
2022-02-06 03:40:31,490 [Worker-27: Building] WARN  o.e.m.c.i.embedder.EclipseLogger - The artifact info.cukes:cucumber-java:pom:1.2.6 has been relocated to io.cucumber:cucumber-java:pom:1.2.6
2022-02-06 03:40:31,735 [Worker-24: Download sources and javadoc] INFO  o.e.m.c.i.e.AbstractTransferListenerAdapter - Downloaded https://repo.maven.apache.org/maven2/io/rest-assured/json-schema-validator/3.3.0/json-schema-validator-3.3.0-sources.jar
2022-02-06 03:40:31,886 [Worker-24: Download sources and javadoc] INFO  o.e.m.j.internal.DownloadSourcesJob - Downloaded sources for io.rest-assured:json-schema-validator:3.3.0
2022-02-06 03:40:31,971 [Worker-27: Building] WARN  o.e.m.c.i.embedder.EclipseLogger - Using platform encoding (Cp1252 actually) to copy filtered resources, i.e. build is platform dependent!
2022-02-06 03:40:31,971 [Worker-27: Building] INFO  o.e.m.c.i.embedder.EclipseLogger - skip non existing resourceDirectory D:\Documents\QA Jobs\Test BL\TestingAPIBukalapak\JavaAPITesting\src\main\resources
2022-02-06 03:40:31,974 [Worker-27: Building] WARN  o.e.m.c.i.embedder.EclipseLogger - Using platform encoding (Cp1252 actually) to copy filtered resources, i.e. build is platform dependent!
2022-02-06 03:40:31,975 [Worker-27: Building] INFO  o.e.m.c.i.embedder.EclipseLogger - skip non existing resourceDirectory D:\Documents\QA Jobs\Test BL\TestingAPIBukalapak\JavaAPITesting\src\test\resources
2022-02-06 03:40:32,176 [Worker-24: Download sources and javadoc] WARN  o.e.m.c.i.embedder.EclipseLogger - The artifact info.cukes:cucumber-java:pom:1.2.6 has been relocated to io.cucumber:cucumber-java:pom:1.2.6
2022-02-06 03:40:33,051 [Worker-25: Building] WARN  o.e.m.c.i.embedder.EclipseLogger - Using platform encoding (Cp1252 actually) to copy filtered resources, i.e. build is platform dependent!
2022-02-06 03:40:33,052 [Worker-25: Building] INFO  o.e.m.c.i.embedder.EclipseLogger - skip non existing resourceDirectory D:\Documents\QA Jobs\Test BL\TestingAPIBukalapak\JavaAPITesting\src\main\resources
2022-02-06 03:40:33,054 [Worker-25: Building] WARN  o.e.m.c.i.embedder.EclipseLogger - Using platform encoding (Cp1252 actually) to copy filtered resources, i.e. build is platform dependent!
2022-02-06 03:40:33,055 [Worker-25: Building] INFO  o.e.m.c.i.embedder.EclipseLogger - skip non existing resourceDirectory D:\Documents\QA Jobs\Test BL\TestingAPIBukalapak\JavaAPITesting\src\test\resources
2022-02-06 03:40:33,779 [Worker-24: Download sources and javadoc] INFO  o.e.m.c.i.e.AbstractTransferListenerAdapter - Downloading https://repo.maven.apache.org/maven2/com/github/java-json-tools/json-schema-validator/2.2.10/json-schema-validator-2.2.10-sources.jar
2022-02-06 03:40:35,985 [Worker-24: Download sources and javadoc] INFO  o.e.m.c.i.e.AbstractTransferListenerAdapter - Downloaded https://repo.maven.apache.org/maven2/com/github/java-json-tools/json-schema-validator/2.2.10/json-schema-validator-2.2.10-sources.jar
2022-02-06 03:40:36,182 [Worker-24: Download sources and javadoc] INFO  o.e.m.j.internal.DownloadSourcesJob - Downloaded sources for com.github.java-json-tools:json-schema-validator:2.2.10
2022-02-06 03:40:37,309 [Worker-24: Download sources and javadoc] INFO  o.e.m.c.i.e.AbstractTransferListenerAdapter - Downloading https://repo.maven.apache.org/maven2/com/github/java-json-tools/json-schema-core/1.2.10/json-schema-core-1.2.10-sources.jar
2022-02-06 03:40:38,281 [Worker-24: Download sources and javadoc] INFO  o.e.m.c.i.e.AbstractTransferListenerAdapter - Downloaded https://repo.maven.apache.org/maven2/com/github/java-json-tools/json-schema-core/1.2.10/json-schema-core-1.2.10-sources.jar
2022-02-06 03:40:38,395 [Worker-24: Download sources and javadoc] INFO  o.e.m.j.internal.DownloadSourcesJob - Downloaded sources for com.github.java-json-tools:json-schema-core:1.2.10
2022-02-06 03:40:39,603 [Worker-24: Download sources and javadoc] INFO  o.e.m.c.i.e.AbstractTransferListenerAdapter - Downloading https://repo.maven.apache.org/maven2/com/github/java-json-tools/jackson-coreutils/1.9/jackson-coreutils-1.9-sources.jar
2022-02-06 03:40:40,176 [Worker-24: Download sources and javadoc] INFO  o.e.m.c.i.e.AbstractTransferListenerAdapter - Downloaded https://repo.maven.apache.org/maven2/com/github/java-json-tools/jackson-coreutils/1.9/jackson-coreutils-1.9-sources.jar
2022-02-06 03:40:40,286 [Worker-24: Download sources and javadoc] INFO  o.e.m.j.internal.DownloadSourcesJob - Downloaded sources for com.github.java-json-tools:jackson-coreutils:1.9
2022-02-06 03:40:41,415 [Worker-24: Download sources and javadoc] INFO  o.e.m.c.i.e.AbstractTransferListenerAdapter - Downloading https://repo.maven.apache.org/maven2/com/fasterxml/jackson/core/jackson-databind/2.2.3/jackson-databind-2.2.3-sources.jar
2022-02-06 03:40:43,203 [Worker-24: Download sources and javadoc] INFO  o.e.m.c.i.e.AbstractTransferListenerAdapter - Downloaded https://repo.maven.apache.org/maven2/com/fasterxml/jackson/core/jackson-databind/2.2.3/jackson-databind-2.2.3-sources.jar
2022-02-06 03:40:43,313 [Worker-24: Download sources and javadoc] INFO  o.e.m.j.internal.DownloadSourcesJob - Downloaded sources for com.fasterxml.jackson.core:jackson-databind:2.2.3
2022-02-06 03:40:44,486 [Worker-24: Download sources and javadoc] INFO  o.e.m.c.i.e.AbstractTransferListenerAdapter - Downloading https://repo.maven.apache.org/maven2/com/fasterxml/jackson/core/jackson-annotations/2.2.3/jackson-annotations-2.2.3-sources.jar
2022-02-06 03:40:45,126 [Worker-24: Download sources and javadoc] INFO  o.e.m.c.i.e.AbstractTransferListenerAdapter - Downloaded https://repo.maven.apache.org/maven2/com/fasterxml/jackson/core/jackson-annotations/2.2.3/jackson-annotations-2.2.3-sources.jar
2022-02-06 03:40:45,223 [Worker-24: Download sources and javadoc] INFO  o.e.m.j.internal.DownloadSourcesJob - Downloaded sources for com.fasterxml.jackson.core:jackson-annotations:2.2.3
2022-02-06 03:40:46,367 [Worker-24: Download sources and javadoc] INFO  o.e.m.c.i.e.AbstractTransferListenerAdapter - Downloading https://repo.maven.apache.org/maven2/com/fasterxml/jackson/core/jackson-core/2.2.3/jackson-core-2.2.3-sources.jar
2022-02-06 03:40:47,457 [Worker-24: Download sources and javadoc] INFO  o.e.m.c.i.e.AbstractTransferListenerAdapter - Downloaded https://repo.maven.apache.org/maven2/com/fasterxml/jackson/core/jackson-core/2.2.3/jackson-core-2.2.3-sources.jar
2022-02-06 03:40:47,571 [Worker-24: Download sources and javadoc] INFO  o.e.m.j.internal.DownloadSourcesJob - Downloaded sources for com.fasterxml.jackson.core:jackson-core:2.2.3
2022-02-06 03:40:48,901 [Worker-24: Download sources and javadoc] INFO  o.e.m.c.i.e.AbstractTransferListenerAdapter - Downloading https://repo.maven.apache.org/maven2/com/google/guava/guava/16.0.1/guava-16.0.1-sources.jar
2022-02-06 03:40:50,957 [Worker-24: Download sources and javadoc] INFO  o.e.m.c.i.e.AbstractTransferListenerAdapter - Downloaded https://repo.maven.apache.org/maven2/com/google/guava/guava/16.0.1/guava-16.0.1-sources.jar
2022-02-06 03:40:51,066 [Worker-24: Download sources and javadoc] INFO  o.e.m.j.internal.DownloadSourcesJob - Downloaded sources for com.google.guava:guava:16.0.1
2022-02-06 03:40:52,216 [Worker-24: Download sources and javadoc] INFO  o.e.m.c.i.e.AbstractTransferListenerAdapter - Downloading https://repo.maven.apache.org/maven2/com/github/fge/msg-simple/1.1/msg-simple-1.1-sources.jar
2022-02-06 03:40:52,808 [Worker-24: Download sources and javadoc] INFO  o.e.m.c.i.e.AbstractTransferListenerAdapter - Downloaded https://repo.maven.apache.org/maven2/com/github/fge/msg-simple/1.1/msg-simple-1.1-sources.jar
2022-02-06 03:40:52,913 [Worker-24: Download sources and javadoc] INFO  o.e.m.j.internal.DownloadSourcesJob - Downloaded sources for com.github.fge:msg-simple:1.1
2022-02-06 03:40:54,058 [Worker-24: Download sources and javadoc] INFO  o.e.m.c.i.e.AbstractTransferListenerAdapter - Downloading https://repo.maven.apache.org/maven2/com/github/fge/btf/1.2/btf-1.2-sources.jar
2022-02-06 03:40:54,632 [Worker-24: Download sources and javadoc] INFO  o.e.m.c.i.e.AbstractTransferListenerAdapter - Downloaded https://repo.maven.apache.org/maven2/com/github/fge/btf/1.2/btf-1.2-sources.jar
2022-02-06 03:40:54,745 [Worker-24: Download sources and javadoc] INFO  o.e.m.j.internal.DownloadSourcesJob - Downloaded sources for com.github.fge:btf:1.2
2022-02-06 03:40:55,888 [Worker-24: Download sources and javadoc] INFO  o.e.m.c.i.e.AbstractTransferListenerAdapter - Downloading https://repo.maven.apache.org/maven2/com/github/fge/uri-template/0.9/uri-template-0.9-sources.jar
2022-02-06 03:40:56,495 [Worker-24: Download sources and javadoc] INFO  o.e.m.c.i.e.AbstractTransferListenerAdapter - Downloaded https://repo.maven.apache.org/maven2/com/github/fge/uri-template/0.9/uri-template-0.9-sources.jar
2022-02-06 03:40:56,688 [Worker-24: Download sources and javadoc] INFO  o.e.m.j.internal.DownloadSourcesJob - Downloaded sources for com.github.fge:uri-template:0.9
2022-02-06 03:40:57,847 [Worker-24: Download sources and javadoc] INFO  o.e.m.c.i.e.AbstractTransferListenerAdapter - Downloading https://repo.maven.apache.org/maven2/org/mozilla/rhino/1.7.7.1/rhino-1.7.7.1-sources.jar
2022-02-06 03:40:59,745 [Worker-24: Download sources and javadoc] INFO  o.e.m.c.i.e.AbstractTransferListenerAdapter - Downloaded https://repo.maven.apache.org/maven2/org/mozilla/rhino/1.7.7.1/rhino-1.7.7.1-sources.jar
2022-02-06 03:40:59,852 [Worker-24: Download sources and javadoc] INFO  o.e.m.j.internal.DownloadSourcesJob - Downloaded sources for org.mozilla:rhino:1.7.7.1
2022-02-06 03:41:00,985 [Worker-24: Download sources and javadoc] INFO  o.e.m.c.i.e.AbstractTransferListenerAdapter - Downloading https://repo.maven.apache.org/maven2/javax/mail/mailapi/1.4.3/mailapi-1.4.3-sources.jar
2022-02-06 03:41:01,568 [Worker-24: Download sources and javadoc] INFO  o.e.m.c.i.e.AbstractTransferListenerAdapter - Downloaded https://repo.maven.apache.org/maven2/javax/mail/mailapi/1.4.3/mailapi-1.4.3-sources.jar
2022-02-06 03:41:01,662 [Worker-24: Download sources and javadoc] INFO  o.e.m.j.internal.DownloadSourcesJob - Downloaded sources for javax.mail:mailapi:1.4.3
2022-02-06 03:41:02,833 [Worker-24: Download sources and javadoc] INFO  o.e.m.c.i.e.AbstractTransferListenerAdapter - Downloading https://repo.maven.apache.org/maven2/javax/activation/activation/1.1/activation-1.1-sources.jar
2022-02-06 03:41:03,479 [Worker-24: Download sources and javadoc] INFO  o.e.m.c.i.e.AbstractTransferListenerAdapter - Downloaded https://repo.maven.apache.org/maven2/javax/activation/activation/1.1/activation-1.1-sources.jar
2022-02-06 03:41:03,576 [Worker-24: Download sources and javadoc] INFO  o.e.m.j.internal.DownloadSourcesJob - Downloaded sources for javax.activation:activation:1.1
2022-02-06 03:41:04,768 [Worker-24: Download sources and javadoc] INFO  o.e.m.c.i.e.AbstractTransferListenerAdapter - Downloading https://repo.maven.apache.org/maven2/joda-time/joda-time/2.9.7/joda-time-2.9.7-sources.jar
2022-02-06 03:41:06,552 [Worker-24: Download sources and javadoc] INFO  o.e.m.c.i.e.AbstractTransferListenerAdapter - Downloaded https://repo.maven.apache.org/maven2/joda-time/joda-time/2.9.7/joda-time-2.9.7-sources.jar
2022-02-06 03:41:06,647 [Worker-24: Download sources and javadoc] INFO  o.e.m.j.internal.DownloadSourcesJob - Downloaded sources for joda-time:joda-time:2.9.7
2022-02-06 03:41:07,798 [Worker-24: Download sources and javadoc] INFO  o.e.m.c.i.e.AbstractTransferListenerAdapter - Downloading https://repo.maven.apache.org/maven2/com/googlecode/libphonenumber/libphonenumber/8.0.0/libphonenumber-8.0.0-sources.jar
2022-02-06 03:41:09,023 [Worker-24: Download sources and javadoc] INFO  o.e.m.c.i.e.AbstractTransferListenerAdapter - Downloaded https://repo.maven.apache.org/maven2/com/googlecode/libphonenumber/libphonenumber/8.0.0/libphonenumber-8.0.0-sources.jar
2022-02-06 03:41:09,128 [Worker-24: Download sources and javadoc] INFO  o.e.m.j.internal.DownloadSourcesJob - Downloaded sources for com.googlecode.libphonenumber:libphonenumber:8.0.0
2022-02-06 03:41:10,276 [Worker-24: Download sources and javadoc] INFO  o.e.m.c.i.e.AbstractTransferListenerAdapter - Downloading https://repo.maven.apache.org/maven2/net/sf/jopt-simple/jopt-simple/5.0.3/jopt-simple-5.0.3-sources.jar
2022-02-06 03:41:11,218 [Worker-24: Download sources and javadoc] INFO  o.e.m.c.i.e.AbstractTransferListenerAdapter - Downloaded https://repo.maven.apache.org/maven2/net/sf/jopt-simple/jopt-simple/5.0.3/jopt-simple-5.0.3-sources.jar
2022-02-06 03:41:11,320 [Worker-24: Download sources and javadoc] INFO  o.e.m.j.internal.DownloadSourcesJob - Downloaded sources for net.sf.jopt-simple:jopt-simple:5.0.3
2022-02-06 03:41:11,790 [Worker-28: Building] WARN  o.e.m.c.i.embedder.EclipseLogger - Using platform encoding (Cp1252 actually) to copy filtered resources, i.e. build is platform dependent!
2022-02-06 03:41:11,791 [Worker-28: Building] INFO  o.e.m.c.i.embedder.EclipseLogger - skip non existing resourceDirectory D:\Documents\QA Jobs\Test BL\TestingAPIBukalapak\JavaAPITesting\src\main\resources
2022-02-06 03:41:11,793 [Worker-28: Building] WARN  o.e.m.c.i.embedder.EclipseLogger - Using platform encoding (Cp1252 actually) to copy filtered resources, i.e. build is platform dependent!
2022-02-06 03:41:11,794 [Worker-28: Building] INFO  o.e.m.c.i.embedder.EclipseLogger - skip non existing resourceDirectory D:\Documents\QA Jobs\Test BL\TestingAPIBukalapak\JavaAPITesting\src\test\resources
2022-02-06 03:51:53,894 [Worker-32: Building] WARN  o.e.m.c.i.embedder.EclipseLogger - Using platform encoding (Cp1252 actually) to copy filtered resources, i.e. build is platform dependent!
2022-02-06 03:51:53,894 [Worker-32: Building] INFO  o.e.m.c.i.embedder.EclipseLogger - skip non existing resourceDirectory D:\Documents\QA Jobs\Test BL\TestingAPIBukalapak\JavaAPITesting\src\main\resources
2022-02-06 03:51:53,896 [Worker-32: Building] WARN  o.e.m.c.i.embedder.EclipseLogger - Using platform encoding (Cp1252 actually) to copy filtered resources, i.e. build is platform dependent!
2022-02-06 03:51:53,897 [Worker-32: Building] INFO  o.e.m.c.i.embedder.EclipseLogger - skip non existing resourceDirectory D:\Documents\QA Jobs\Test BL\TestingAPIBukalapak\JavaAPITesting\src\test\resources
2022-02-06 03:52:02,935 [Worker-24: Building] WARN  o.e.m.c.i.embedder.EclipseLogger - Using platform encoding (Cp1252 actually) to copy filtered resources, i.e. build is platform dependent!
2022-02-06 03:52:02,935 [Worker-24: Building] INFO  o.e.m.c.i.embedder.EclipseLogger - skip non existing resourceDirectory D:\Documents\QA Jobs\Test BL\TestingAPIBukalapak\JavaAPITesting\src\main\resources
2022-02-06 03:52:02,937 [Worker-24: Building] WARN  o.e.m.c.i.embedder.EclipseLogger - Using platform encoding (Cp1252 actually) to copy filtered resources, i.e. build is platform dependent!
2022-02-06 03:52:02,937 [Worker-24: Building] INFO  o.e.m.c.i.embedder.EclipseLogger - skip non existing resourceDirectory D:\Documents\QA Jobs\Test BL\TestingAPIBukalapak\JavaAPITesting\src\test\resources
2022-02-06 03:54:17,670 [Worker-30: Building] WARN  o.e.m.c.i.embedder.EclipseLogger - Using platform encoding (Cp1252 actually) to copy filtered resources, i.e. build is platform dependent!
2022-02-06 03:54:17,670 [Worker-30: Building] INFO  o.e.m.c.i.embedder.EclipseLogger - skip non existing resourceDirectory D:\Documents\QA Jobs\Test BL\TestingAPIBukalapak\JavaAPITesting\src\main\resources
2022-02-06 03:54:17,672 [Worker-30: Building] WARN  o.e.m.c.i.embedder.EclipseLogger - Using platform encoding (Cp1252 actually) to copy filtered resources, i.e. build is platform dependent!
2022-02-06 03:54:17,673 [Worker-30: Building] INFO  o.e.m.c.i.embedder.EclipseLogger - skip non existing resourceDirectory D:\Documents\QA Jobs\Test BL\TestingAPIBukalapak\JavaAPITesting\src\test\resources
2022-02-06 03:57:28,736 [Worker-30: Building] WARN  o.e.m.c.i.embedder.EclipseLogger - Using platform encoding (Cp1252 actually) to copy filtered resources, i.e. build is platform dependent!
2022-02-06 03:57:28,737 [Worker-30: Building] INFO  o.e.m.c.i.embedder.EclipseLogger - skip non existing resourceDirectory D:\Documents\QA Jobs\Test BL\TestingAPIBukalapak\JavaAPITesting\src\main\resources
2022-02-06 03:57:28,738 [Worker-30: Building] WARN  o.e.m.c.i.embedder.EclipseLogger - Using platform encoding (Cp1252 actually) to copy filtered resources, i.e. build is platform dependent!
2022-02-06 03:57:28,739 [Worker-30: Building] INFO  o.e.m.c.i.embedder.EclipseLogger - skip non existing resourceDirectory D:\Documents\QA Jobs\Test BL\TestingAPIBukalapak\JavaAPITesting\src\test\resources
2022-02-06 03:57:32,473 [Worker-30: Building] WARN  o.e.m.c.i.embedder.EclipseLogger - Using platform encoding (Cp1252 actually) to copy filtered resources, i.e. build is platform dependent!
2022-02-06 03:57:32,474 [Worker-30: Building] INFO  o.e.m.c.i.embedder.EclipseLogger - skip non existing resourceDirectory D:\Documents\QA Jobs\Test BL\TestingAPIBukalapak\JavaAPITesting\src\main\resources
2022-02-06 03:57:32,477 [Worker-30: Building] WARN  o.e.m.c.i.embedder.EclipseLogger - Using platform encoding (Cp1252 actually) to copy filtered resources, i.e. build is platform dependent!
2022-02-06 03:57:32,479 [Worker-30: Building] INFO  o.e.m.c.i.embedder.EclipseLogger - skip non existing resourceDirectory D:\Documents\QA Jobs\Test BL\TestingAPIBukalapak\JavaAPITesting\src\test\resources
2022-02-06 03:59:02,838 [Worker-35: Building] WARN  o.e.m.c.i.embedder.EclipseLogger - Using platform encoding (Cp1252 actually) to copy filtered resources, i.e. build is platform dependent!
2022-02-06 03:59:02,839 [Worker-35: Building] INFO  o.e.m.c.i.embedder.EclipseLogger - skip non existing resourceDirectory D:\Documents\QA Jobs\Test BL\TestingAPIBukalapak\JavaAPITesting\src\main\resources
2022-02-06 03:59:02,841 [Worker-35: Building] WARN  o.e.m.c.i.embedder.EclipseLogger - Using platform encoding (Cp1252 actually) to copy filtered resources, i.e. build is platform dependent!
2022-02-06 03:59:02,841 [Worker-35: Building] INFO  o.e.m.c.i.embedder.EclipseLogger - skip non existing resourceDirectory D:\Documents\QA Jobs\Test BL\TestingAPIBukalapak\JavaAPITesting\src\test\resources
2022-02-06 04:06:11,963 [Worker-40: Building] WARN  o.e.m.c.i.embedder.EclipseLogger - Using platform encoding (Cp1252 actually) to copy filtered resources, i.e. build is platform dependent!
2022-02-06 04:06:11,964 [Worker-40: Building] INFO  o.e.m.c.i.embedder.EclipseLogger - skip non existing resourceDirectory D:\Documents\QA Jobs\Test BL\TestingAPIBukalapak\JavaAPITesting\src\main\resources
2022-02-06 04:06:11,970 [Worker-40: Building] WARN  o.e.m.c.i.embedder.EclipseLogger - Using platform encoding (Cp1252 actually) to copy filtered resources, i.e. build is platform dependent!
2022-02-06 04:06:11,971 [Worker-40: Building] INFO  o.e.m.c.i.embedder.EclipseLogger - skip non existing resourceDirectory D:\Documents\QA Jobs\Test BL\TestingAPIBukalapak\JavaAPITesting\src\test\resources
2022-02-06 04:06:43,807 [Worker-40: Building] WARN  o.e.m.c.i.embedder.EclipseLogger - Using platform encoding (Cp1252 actually) to copy filtered resources, i.e. build is platform dependent!
2022-02-06 04:06:43,808 [Worker-40: Building] INFO  o.e.m.c.i.embedder.EclipseLogger - skip non existing resourceDirectory D:\Documents\QA Jobs\Test BL\TestingAPIBukalapak\JavaAPITesting\src\main\resources
2022-02-06 04:06:43,811 [Worker-40: Building] WARN  o.e.m.c.i.embedder.EclipseLogger - Using platform encoding (Cp1252 actually) to copy filtered resources, i.e. build is platform dependent!
2022-02-06 04:06:43,812 [Worker-40: Building] INFO  o.e.m.c.i.embedder.EclipseLogger - skip non existing resourceDirectory D:\Documents\QA Jobs\Test BL\TestingAPIBukalapak\JavaAPITesting\src\test\resources
2022-02-06 13:23:30,200 [Worker-1: Loading available Gradle versions] INFO  o.e.b.c.i.u.g.PublishedGradleVersions - Gradle version information cache is up-to-date. Trying to read.
2022-02-06 13:24:57,582 [Worker-9: Building] WARN  o.e.m.c.i.embedder.EclipseLogger - The artifact info.cukes:cucumber-java:pom:1.2.6 has been relocated to io.cucumber:cucumber-java:pom:1.2.6
2022-02-06 13:24:58,002 [Worker-9: Building] WARN  o.e.m.c.i.embedder.EclipseLogger - Using platform encoding (Cp1252 actually) to copy filtered resources, i.e. build is platform dependent!
2022-02-06 13:24:58,003 [Worker-9: Building] INFO  o.e.m.c.i.embedder.EclipseLogger - skip non existing resourceDirectory D:\Documents\QA Jobs\Test BL\TestingAPIBukalapak\JavaAPITesting\src\main\resources
2022-02-06 13:24:58,006 [Worker-9: Building] WARN  o.e.m.c.i.embedder.EclipseLogger - Using platform encoding (Cp1252 actually) to copy filtered resources, i.e. build is platform dependent!
2022-02-06 13:24:58,007 [Worker-9: Building] INFO  o.e.m.c.i.embedder.EclipseLogger - skip non existing resourceDirectory D:\Documents\QA Jobs\Test BL\TestingAPIBukalapak\JavaAPITesting\src\test\resources
2022-02-06 13:29:52,617 [Worker-0: Loading available Gradle versions] INFO  o.e.b.c.i.u.g.PublishedGradleVersions - Gradle version information cache is up-to-date. Trying to read.
2022-02-06 13:31:12,600 [Worker-8: Building] WARN  o.e.m.c.i.embedder.EclipseLogger - The artifact info.cukes:cucumber-java:pom:1.2.6 has been relocated to io.cucumber:cucumber-java:pom:1.2.6
2022-02-06 13:31:13,204 [Worker-8: Building] WARN  o.e.m.c.i.embedder.EclipseLogger - Using platform encoding (Cp1252 actually) to copy filtered resources, i.e. build is platform dependent!
2022-02-06 13:31:13,205 [Worker-8: Building] INFO  o.e.m.c.i.embedder.EclipseLogger - skip non existing resourceDirectory D:\Documents\QA Jobs\Test BL\TestingAPIBukalapak\JavaAPITesting\src\main\resources
2022-02-06 13:31:13,208 [Worker-8: Building] WARN  o.e.m.c.i.embedder.EclipseLogger - Using platform encoding (Cp1252 actually) to copy filtered resources, i.e. build is platform dependent!
2022-02-06 13:31:13,209 [Worker-8: Building] INFO  o.e.m.c.i.embedder.EclipseLogger - skip non existing resourceDirectory D:\Documents\QA Jobs\Test BL\TestingAPIBukalapak\JavaAPITesting\src\test\resources
2022-02-06 13:32:29,708 [Worker-5: Building] WARN  o.e.m.c.i.embedder.EclipseLogger - Using platform encoding (Cp1252 actually) to copy filtered resources, i.e. build is platform dependent!
2022-02-06 13:32:29,709 [Worker-5: Building] INFO  o.e.m.c.i.embedder.EclipseLogger - skip non existing resourceDirectory D:\Documents\QA Jobs\Test BL\TestingAPIBukalapak\JavaAPITesting\src\main\resources
2022-02-06 13:32:29,711 [Worker-5: Building] WARN  o.e.m.c.i.embedder.EclipseLogger - Using platform encoding (Cp1252 actually) to copy filtered resources, i.e. build is platform dependent!
2022-02-06 13:32:29,711 [Worker-5: Building] INFO  o.e.m.c.i.embedder.EclipseLogger - skip non existing resourceDirectory D:\Documents\QA Jobs\Test BL\TestingAPIBukalapak\JavaAPITesting\src\test\resources
2022-02-06 13:34:07,263 [Worker-4: Building] WARN  o.e.m.c.i.embedder.EclipseLogger - Using platform encoding (Cp1252 actually) to copy filtered resources, i.e. build is platform dependent!
2022-02-06 13:34:07,264 [Worker-4: Building] INFO  o.e.m.c.i.embedder.EclipseLogger - skip non existing resourceDirectory D:\Documents\QA Jobs\Test BL\TestingAPIBukalapak\JavaAPITesting\src\main\resources
2022-02-06 13:34:07,267 [Worker-4: Building] WARN  o.e.m.c.i.embedder.EclipseLogger - Using platform encoding (Cp1252 actually) to copy filtered resources, i.e. build is platform dependent!
2022-02-06 13:34:07,268 [Worker-4: Building] INFO  o.e.m.c.i.embedder.EclipseLogger - skip non existing resourceDirectory D:\Documents\QA Jobs\Test BL\TestingAPIBukalapak\JavaAPITesting\src\test\resources
2022-02-06 13:36:05,852 [Worker-5: Building] WARN  o.e.m.c.i.embedder.EclipseLogger - Using platform encoding (Cp1252 actually) to copy filtered resources, i.e. build is platform dependent!
2022-02-06 13:36:05,853 [Worker-5: Building] INFO  o.e.m.c.i.embedder.EclipseLogger - skip non existing resourceDirectory D:\Documents\QA Jobs\Test BL\TestingAPIBukalapak\JavaAPITesting\src\main\resources
2022-02-06 13:36:05,855 [Worker-5: Building] WARN  o.e.m.c.i.embedder.EclipseLogger - Using platform encoding (Cp1252 actually) to copy filtered resources, i.e. build is platform dependent!
2022-02-06 13:36:05,857 [Worker-5: Building] INFO  o.e.m.c.i.embedder.EclipseLogger - skip non existing resourceDirectory D:\Documents\QA Jobs\Test BL\TestingAPIBukalapak\JavaAPITesting\src\test\resources
2022-02-06 13:36:13,481 [Worker-8: Building] WARN  o.e.m.c.i.embedder.EclipseLogger - Using platform encoding (Cp1252 actually) to copy filtered resources, i.e. build is platform dependent!
2022-02-06 13:36:13,483 [Worker-8: Building] INFO  o.e.m.c.i.embedder.EclipseLogger - skip non existing resourceDirectory D:\Documents\QA Jobs\Test BL\TestingAPIBukalapak\JavaAPITesting\src\main\resources
2022-02-06 13:36:13,486 [Worker-8: Building] WARN  o.e.m.c.i.embedder.EclipseLogger - Using platform encoding (Cp1252 actually) to copy filtered resources, i.e. build is platform dependent!
2022-02-06 13:36:13,488 [Worker-8: Building] INFO  o.e.m.c.i.embedder.EclipseLogger - skip non existing resourceDirectory D:\Documents\QA Jobs\Test BL\TestingAPIBukalapak\JavaAPITesting\src\test\resources
2022-02-06 13:36:20,284 [Worker-8: Building] WARN  o.e.m.c.i.embedder.EclipseLogger - Using platform encoding (Cp1252 actually) to copy filtered resources, i.e. build is platform dependent!
2022-02-06 13:36:20,285 [Worker-8: Building] INFO  o.e.m.c.i.embedder.EclipseLogger - skip non existing resourceDirectory D:\Documents\QA Jobs\Test BL\TestingAPIBukalapak\JavaAPITesting\src\main\resources
2022-02-06 13:36:20,288 [Worker-8: Building] WARN  o.e.m.c.i.embedder.EclipseLogger - Using platform encoding (Cp1252 actually) to copy filtered resources, i.e. build is platform dependent!
2022-02-06 13:36:20,288 [Worker-8: Building] INFO  o.e.m.c.i.embedder.EclipseLogger - skip non existing resourceDirectory D:\Documents\QA Jobs\Test BL\TestingAPIBukalapak\JavaAPITesting\src\test\resources
2022-02-06 13:37:20,712 [Worker-8: Building] WARN  o.e.m.c.i.embedder.EclipseLogger - Using platform encoding (Cp1252 actually) to copy filtered resources, i.e. build is platform dependent!
2022-02-06 13:37:20,714 [Worker-8: Building] INFO  o.e.m.c.i.embedder.EclipseLogger - skip non existing resourceDirectory D:\Documents\QA Jobs\Test BL\TestingAPIBukalapak\JavaAPITesting\src\main\resources
2022-02-06 13:37:20,716 [Worker-8: Building] WARN  o.e.m.c.i.embedder.EclipseLogger - Using platform encoding (Cp1252 actually) to copy filtered resources, i.e. build is platform dependent!
2022-02-06 13:37:20,716 [Worker-8: Building] INFO  o.e.m.c.i.embedder.EclipseLogger - skip non existing resourceDirectory D:\Documents\QA Jobs\Test BL\TestingAPIBukalapak\JavaAPITesting\src\test\resources
2022-02-06 13:38:02,861 [Worker-12: Building] WARN  o.e.m.c.i.embedder.EclipseLogger - Using platform encoding (Cp1252 actually) to copy filtered resources, i.e. build is platform dependent!
2022-02-06 13:38:02,861 [Worker-12: Building] INFO  o.e.m.c.i.embedder.EclipseLogger - skip non existing resourceDirectory D:\Documents\QA Jobs\Test BL\TestingAPIBukalapak\JavaAPITesting\src\main\resources
2022-02-06 13:38:02,866 [Worker-12: Building] WARN  o.e.m.c.i.embedder.EclipseLogger - Using platform encoding (Cp1252 actually) to copy filtered resources, i.e. build is platform dependent!
2022-02-06 13:38:02,867 [Worker-12: Building] INFO  o.e.m.c.i.embedder.EclipseLogger - skip non existing resourceDirectory D:\Documents\QA Jobs\Test BL\TestingAPIBukalapak\JavaAPITesting\src\test\resources
2022-02-06 13:38:34,050 [Worker-8: Building] WARN  o.e.m.c.i.embedder.EclipseLogger - Using platform encoding (Cp1252 actually) to copy filtered resources, i.e. build is platform dependent!
2022-02-06 13:38:34,050 [Worker-8: Building] INFO  o.e.m.c.i.embedder.EclipseLogger - skip non existing resourceDirectory D:\Documents\QA Jobs\Test BL\TestingAPIBukalapak\JavaAPITesting\src\main\resources
2022-02-06 13:38:34,052 [Worker-8: Building] WARN  o.e.m.c.i.embedder.EclipseLogger - Using platform encoding (Cp1252 actually) to copy filtered resources, i.e. build is platform dependent!
2022-02-06 13:38:34,053 [Worker-8: Building] INFO  o.e.m.c.i.embedder.EclipseLogger - skip non existing resourceDirectory D:\Documents\QA Jobs\Test BL\TestingAPIBukalapak\JavaAPITesting\src\test\resources
2022-02-06 13:40:07,951 [Worker-3: Building] WARN  o.e.m.c.i.embedder.EclipseLogger - Using platform encoding (Cp1252 actually) to copy filtered resources, i.e. build is platform dependent!
2022-02-06 13:40:07,952 [Worker-3: Building] INFO  o.e.m.c.i.embedder.EclipseLogger - skip non existing resourceDirectory D:\Documents\QA Jobs\Test BL\TestingAPIBukalapak\JavaAPITesting\src\main\resources
2022-02-06 13:40:07,954 [Worker-3: Building] WARN  o.e.m.c.i.embedder.EclipseLogger - Using platform encoding (Cp1252 actually) to copy filtered resources, i.e. build is platform dependent!
2022-02-06 13:40:07,954 [Worker-3: Building] INFO  o.e.m.c.i.embedder.EclipseLogger - skip non existing resourceDirectory D:\Documents\QA Jobs\Test BL\TestingAPIBukalapak\JavaAPITesting\src\test\resources
2022-02-06 13:40:35,651 [Worker-3: Building] WARN  o.e.m.c.i.embedder.EclipseLogger - Using platform encoding (Cp1252 actually) to copy filtered resources, i.e. build is platform dependent!
2022-02-06 13:40:35,652 [Worker-3: Building] INFO  o.e.m.c.i.embedder.EclipseLogger - skip non existing resourceDirectory D:\Documents\QA Jobs\Test BL\TestingAPIBukalapak\JavaAPITesting\src\main\resources
2022-02-06 13:40:35,654 [Worker-3: Building] WARN  o.e.m.c.i.embedder.EclipseLogger - Using platform encoding (Cp1252 actually) to copy filtered resources, i.e. build is platform dependent!
2022-02-06 13:40:35,673 [Worker-3: Building] INFO  o.e.m.c.i.embedder.EclipseLogger - skip non existing resourceDirectory D:\Documents\QA Jobs\Test BL\TestingAPIBukalapak\JavaAPITesting\src\test\resources
2022-02-06 13:40:43,520 [Worker-12: Building] WARN  o.e.m.c.i.embedder.EclipseLogger - Using platform encoding (Cp1252 actually) to copy filtered resources, i.e. build is platform dependent!
2022-02-06 13:40:43,521 [Worker-12: Building] INFO  o.e.m.c.i.embedder.EclipseLogger - skip non existing resourceDirectory D:\Documents\QA Jobs\Test BL\TestingAPIBukalapak\JavaAPITesting\src\main\resources
2022-02-06 13:40:43,522 [Worker-12: Building] WARN  o.e.m.c.i.embedder.EclipseLogger - Using platform encoding (Cp1252 actually) to copy filtered resources, i.e. build is platform dependent!
2022-02-06 13:40:43,523 [Worker-12: Building] INFO  o.e.m.c.i.embedder.EclipseLogger - skip non existing resourceDirectory D:\Documents\QA Jobs\Test BL\TestingAPIBukalapak\JavaAPITesting\src\test\resources
2022-02-06 13:41:23,464 [Worker-13: Building] WARN  o.e.m.c.i.embedder.EclipseLogger - Using platform encoding (Cp1252 actually) to copy filtered resources, i.e. build is platform dependent!
2022-02-06 13:41:23,465 [Worker-13: Building] INFO  o.e.m.c.i.embedder.EclipseLogger - skip non existing resourceDirectory D:\Documents\QA Jobs\Test BL\TestingAPIBukalapak\JavaAPITesting\src\main\resources
2022-02-06 13:41:23,467 [Worker-13: Building] WARN  o.e.m.c.i.embedder.EclipseLogger - Using platform encoding (Cp1252 actually) to copy filtered resources, i.e. build is platform dependent!
2022-02-06 13:41:23,467 [Worker-13: Building] INFO  o.e.m.c.i.embedder.EclipseLogger - skip non existing resourceDirectory D:\Documents\QA Jobs\Test BL\TestingAPIBukalapak\JavaAPITesting\src\test\resources
2022-02-06 13:41:55,526 [Worker-12: Building] WARN  o.e.m.c.i.embedder.EclipseLogger - Using platform encoding (Cp1252 actually) to copy filtered resources, i.e. build is platform dependent!
2022-02-06 13:41:55,527 [Worker-12: Building] INFO  o.e.m.c.i.embedder.EclipseLogger - skip non existing resourceDirectory D:\Documents\QA Jobs\Test BL\TestingAPIBukalapak\JavaAPITesting\src\main\resources
2022-02-06 13:41:55,529 [Worker-12: Building] WARN  o.e.m.c.i.embedder.EclipseLogger - Using platform encoding (Cp1252 actually) to copy filtered resources, i.e. build is platform dependent!
2022-02-06 13:41:55,530 [Worker-12: Building] INFO  o.e.m.c.i.embedder.EclipseLogger - skip non existing resourceDirectory D:\Documents\QA Jobs\Test BL\TestingAPIBukalapak\JavaAPITesting\src\test\resources
2022-02-06 13:42:21,533 [Worker-3: Building] WARN  o.e.m.c.i.embedder.EclipseLogger - Using platform encoding (Cp1252 actually) to copy filtered resources, i.e. build is platform dependent!
2022-02-06 13:42:21,534 [Worker-3: Building] INFO  o.e.m.c.i.embedder.EclipseLogger - skip non existing resourceDirectory D:\Documents\QA Jobs\Test BL\TestingAPIBukalapak\JavaAPITesting\src\main\resources
2022-02-06 13:42:21,535 [Worker-3: Building] WARN  o.e.m.c.i.embedder.EclipseLogger - Using platform encoding (Cp1252 actually) to copy filtered resources, i.e. build is platform dependent!
2022-02-06 13:42:21,552 [Worker-3: Building] INFO  o.e.m.c.i.embedder.EclipseLogger - skip non existing resourceDirectory D:\Documents\QA Jobs\Test BL\TestingAPIBukalapak\JavaAPITesting\src\test\resources
2022-02-06 13:42:47,972 [Worker-12: Building] WARN  o.e.m.c.i.embedder.EclipseLogger - Using platform encoding (Cp1252 actually) to copy filtered resources, i.e. build is platform dependent!
2022-02-06 13:42:47,973 [Worker-12: Building] INFO  o.e.m.c.i.embedder.EclipseLogger - skip non existing resourceDirectory D:\Documents\QA Jobs\Test BL\TestingAPIBukalapak\JavaAPITesting\src\main\resources
2022-02-06 13:42:47,977 [Worker-12: Building] WARN  o.e.m.c.i.embedder.EclipseLogger - Using platform encoding (Cp1252 actually) to copy filtered resources, i.e. build is platform dependent!
2022-02-06 13:42:47,977 [Worker-12: Building] INFO  o.e.m.c.i.embedder.EclipseLogger - skip non existing resourceDirectory D:\Documents\QA Jobs\Test BL\TestingAPIBukalapak\JavaAPITesting\src\test\resources
2022-02-06 13:44:15,482 [Worker-11: Building] WARN  o.e.m.c.i.embedder.EclipseLogger - Using platform encoding (Cp1252 actually) to copy filtered resources, i.e. build is platform dependent!
2022-02-06 13:44:15,483 [Worker-11: Building] INFO  o.e.m.c.i.embedder.EclipseLogger - skip non existing resourceDirectory D:\Documents\QA Jobs\Test BL\TestingAPIBukalapak\JavaAPITesting\src\main\resources
2022-02-06 13:44:15,484 [Worker-11: Building] WARN  o.e.m.c.i.embedder.EclipseLogger - Using platform encoding (Cp1252 actually) to copy filtered resources, i.e. build is platform dependent!
2022-02-06 13:44:15,485 [Worker-11: Building] INFO  o.e.m.c.i.embedder.EclipseLogger - skip non existing resourceDirectory D:\Documents\QA Jobs\Test BL\TestingAPIBukalapak\JavaAPITesting\src\test\resources
2022-02-06 13:45:00,014 [Worker-15: Building] WARN  o.e.m.c.i.embedder.EclipseLogger - Using platform encoding (Cp1252 actually) to copy filtered resources, i.e. build is platform dependent!
2022-02-06 13:45:00,015 [Worker-15: Building] INFO  o.e.m.c.i.embedder.EclipseLogger - skip non existing resourceDirectory D:\Documents\QA Jobs\Test BL\TestingAPIBukalapak\JavaAPITesting\src\main\resources
2022-02-06 13:45:00,016 [Worker-15: Building] WARN  o.e.m.c.i.embedder.EclipseLogger - Using platform encoding (Cp1252 actually) to copy filtered resources, i.e. build is platform dependent!
2022-02-06 13:45:00,017 [Worker-15: Building] INFO  o.e.m.c.i.embedder.EclipseLogger - skip non existing resourceDirectory D:\Documents\QA Jobs\Test BL\TestingAPIBukalapak\JavaAPITesting\src\test\resources
2022-02-06 13:45:50,220 [Worker-3: Building] WARN  o.e.m.c.i.embedder.EclipseLogger - Using platform encoding (Cp1252 actually) to copy filtered resources, i.e. build is platform dependent!
2022-02-06 13:45:50,221 [Worker-3: Building] INFO  o.e.m.c.i.embedder.EclipseLogger - skip non existing resourceDirectory D:\Documents\QA Jobs\Test BL\TestingAPIBukalapak\JavaAPITesting\src\main\resources
2022-02-06 13:45:50,223 [Worker-3: Building] WARN  o.e.m.c.i.embedder.EclipseLogger - Using platform encoding (Cp1252 actually) to copy filtered resources, i.e. build is platform dependent!
2022-02-06 13:45:50,223 [Worker-3: Building] INFO  o.e.m.c.i.embedder.EclipseLogger - skip non existing resourceDirectory D:\Documents\QA Jobs\Test BL\TestingAPIBukalapak\JavaAPITesting\src\test\resources
2022-02-06 13:46:02,811 [Worker-14: Building] WARN  o.e.m.c.i.embedder.EclipseLogger - Using platform encoding (Cp1252 actually) to copy filtered resources, i.e. build is platform dependent!
2022-02-06 13:46:02,812 [Worker-14: Building] INFO  o.e.m.c.i.embedder.EclipseLogger - skip non existing resourceDirectory D:\Documents\QA Jobs\Test BL\TestingAPIBukalapak\JavaAPITesting\src\main\resources
2022-02-06 13:46:02,814 [Worker-14: Building] WARN  o.e.m.c.i.embedder.EclipseLogger - Using platform encoding (Cp1252 actually) to copy filtered resources, i.e. build is platform dependent!
2022-02-06 13:46:02,815 [Worker-14: Building] INFO  o.e.m.c.i.embedder.EclipseLogger - skip non existing resourceDirectory D:\Documents\QA Jobs\Test BL\TestingAPIBukalapak\JavaAPITesting\src\test\resources
2022-02-06 13:46:07,595 [Worker-3: Building] WARN  o.e.m.c.i.embedder.EclipseLogger - Using platform encoding (Cp1252 actually) to copy filtered resources, i.e. build is platform dependent!
2022-02-06 13:46:07,596 [Worker-3: Building] INFO  o.e.m.c.i.embedder.EclipseLogger - skip non existing resourceDirectory D:\Documents\QA Jobs\Test BL\TestingAPIBukalapak\JavaAPITesting\src\main\resources
2022-02-06 13:46:07,597 [Worker-3: Building] WARN  o.e.m.c.i.embedder.EclipseLogger - Using platform encoding (Cp1252 actually) to copy filtered resources, i.e. build is platform dependent!
2022-02-06 13:46:07,598 [Worker-3: Building] INFO  o.e.m.c.i.embedder.EclipseLogger - skip non existing resourceDirectory D:\Documents\QA Jobs\Test BL\TestingAPIBukalapak\JavaAPITesting\src\test\resources
2022-02-06 13:46:34,991 [Worker-14: Building] WARN  o.e.m.c.i.embedder.EclipseLogger - Using platform encoding (Cp1252 actually) to copy filtered resources, i.e. build is platform dependent!
2022-02-06 13:46:34,992 [Worker-14: Building] INFO  o.e.m.c.i.embedder.EclipseLogger - skip non existing resourceDirectory D:\Documents\QA Jobs\Test BL\TestingAPIBukalapak\JavaAPITesting\src\main\resources
2022-02-06 13:46:34,993 [Worker-14: Building] WARN  o.e.m.c.i.embedder.EclipseLogger - Using platform encoding (Cp1252 actually) to copy filtered resources, i.e. build is platform dependent!
2022-02-06 13:46:34,994 [Worker-14: Building] INFO  o.e.m.c.i.embedder.EclipseLogger - skip non existing resourceDirectory D:\Documents\QA Jobs\Test BL\TestingAPIBukalapak\JavaAPITesting\src\test\resources
2022-02-06 13:47:16,478 [Worker-14: Building] WARN  o.e.m.c.i.embedder.EclipseLogger - Using platform encoding (Cp1252 actually) to copy filtered resources, i.e. build is platform dependent!
2022-02-06 13:47:16,479 [Worker-14: Building] INFO  o.e.m.c.i.embedder.EclipseLogger - skip non existing resourceDirectory D:\Documents\QA Jobs\Test BL\TestingAPIBukalapak\JavaAPITesting\src\main\resources
2022-02-06 13:47:16,480 [Worker-14: Building] WARN  o.e.m.c.i.embedder.EclipseLogger - Using platform encoding (Cp1252 actually) to copy filtered resources, i.e. build is platform dependent!
2022-02-06 13:47:16,481 [Worker-14: Building] INFO  o.e.m.c.i.embedder.EclipseLogger - skip non existing resourceDirectory D:\Documents\QA Jobs\Test BL\TestingAPIBukalapak\JavaAPITesting\src\test\resources
2022-02-06 13:47:25,801 [Worker-11: Building] WARN  o.e.m.c.i.embedder.EclipseLogger - Using platform encoding (Cp1252 actually) to copy filtered resources, i.e. build is platform dependent!
2022-02-06 13:47:25,802 [Worker-11: Building] INFO  o.e.m.c.i.embedder.EclipseLogger - skip non existing resourceDirectory D:\Documents\QA Jobs\Test BL\TestingAPIBukalapak\JavaAPITesting\src\main\resources
2022-02-06 13:47:25,804 [Worker-11: Building] WARN  o.e.m.c.i.embedder.EclipseLogger - Using platform encoding (Cp1252 actually) to copy filtered resources, i.e. build is platform dependent!
2022-02-06 13:47:25,805 [Worker-11: Building] INFO  o.e.m.c.i.embedder.EclipseLogger - skip non existing resourceDirectory D:\Documents\QA Jobs\Test BL\TestingAPIBukalapak\JavaAPITesting\src\test\resources
2022-02-06 13:48:12,156 [Worker-3: Building] INFO  o.e.m.c.i.l.LifecycleMappingFactory - Using org.eclipse.m2e.jdt.JarLifecycleMapping lifecycle mapping for MavenProject: ApiTesting:JavaAPITesting:0.0.1-SNAPSHOT @ D:\Documents\QA Jobs\Test BL\TestingAPIBukalapak\JavaAPITesting\pom.xml.
2022-02-06 13:48:12,808 [Worker-3: Building] WARN  o.e.m.c.i.embedder.EclipseLogger - Using platform encoding (Cp1252 actually) to copy filtered resources, i.e. build is platform dependent!
2022-02-06 13:48:12,809 [Worker-3: Building] INFO  o.e.m.c.i.embedder.EclipseLogger - skip non existing resourceDirectory D:\Documents\QA Jobs\Test BL\TestingAPIBukalapak\JavaAPITesting\src\main\resources
2022-02-06 13:48:12,811 [Worker-3: Building] WARN  o.e.m.c.i.embedder.EclipseLogger - Using platform encoding (Cp1252 actually) to copy filtered resources, i.e. build is platform dependent!
2022-02-06 13:48:12,811 [Worker-3: Building] INFO  o.e.m.c.i.embedder.EclipseLogger - skip non existing resourceDirectory D:\Documents\QA Jobs\Test BL\TestingAPIBukalapak\JavaAPITesting\src\test\resources
2022-02-06 13:48:14,427 [Worker-3: Building] WARN  o.e.m.c.i.embedder.EclipseLogger - Using platform encoding (Cp1252 actually) to copy filtered resources, i.e. build is platform dependent!
2022-02-06 13:48:14,428 [Worker-3: Building] INFO  o.e.m.c.i.embedder.EclipseLogger - skip non existing resourceDirectory D:\Documents\QA Jobs\Test BL\TestingAPIBukalapak\JavaAPITesting\src\main\resources
2022-02-06 13:48:14,429 [Worker-3: Building] WARN  o.e.m.c.i.embedder.EclipseLogger - Using platform encoding (Cp1252 actually) to copy filtered resources, i.e. build is platform dependent!
2022-02-06 13:48:14,430 [Worker-3: Building] INFO  o.e.m.c.i.embedder.EclipseLogger - skip non existing resourceDirectory D:\Documents\QA Jobs\Test BL\TestingAPIBukalapak\JavaAPITesting\src\test\resources
2022-02-06 13:48:46,017 [Worker-14: Building] WARN  o.e.m.c.i.embedder.EclipseLogger - Using platform encoding (Cp1252 actually) to copy filtered resources, i.e. build is platform dependent!
2022-02-06 13:48:46,017 [Worker-14: Building] INFO  o.e.m.c.i.embedder.EclipseLogger - skip non existing resourceDirectory D:\Documents\QA Jobs\Test BL\TestingAPIBukalapak\JavaAPITesting\src\main\resources
2022-02-06 13:48:46,019 [Worker-14: Building] WARN  o.e.m.c.i.embedder.EclipseLogger - Using platform encoding (Cp1252 actually) to copy filtered resources, i.e. build is platform dependent!
2022-02-06 13:48:46,019 [Worker-14: Building] INFO  o.e.m.c.i.embedder.EclipseLogger - skip non existing resourceDirectory D:\Documents\QA Jobs\Test BL\TestingAPIBukalapak\JavaAPITesting\src\test\resources
2022-02-06 13:49:05,510 [Worker-14: Building] WARN  o.e.m.c.i.embedder.EclipseLogger - Using platform encoding (Cp1252 actually) to copy filtered resources, i.e. build is platform dependent!
2022-02-06 13:49:05,511 [Worker-14: Building] INFO  o.e.m.c.i.embedder.EclipseLogger - skip non existing resourceDirectory D:\Documents\QA Jobs\Test BL\TestingAPIBukalapak\JavaAPITesting\src\main\resources
2022-02-06 13:49:05,513 [Worker-14: Building] WARN  o.e.m.c.i.embedder.EclipseLogger - Using platform encoding (Cp1252 actually) to copy filtered resources, i.e. build is platform dependent!
2022-02-06 13:49:05,513 [Worker-14: Building] INFO  o.e.m.c.i.embedder.EclipseLogger - skip non existing resourceDirectory D:\Documents\QA Jobs\Test BL\TestingAPIBukalapak\JavaAPITesting\src\test\resources
2022-02-06 13:49:11,704 [Worker-14: Building] WARN  o.e.m.c.i.embedder.EclipseLogger - Using platform encoding (Cp1252 actually) to copy filtered resources, i.e. build is platform dependent!
2022-02-06 13:49:11,705 [Worker-14: Building] INFO  o.e.m.c.i.embedder.EclipseLogger - skip non existing resourceDirectory D:\Documents\QA Jobs\Test BL\TestingAPIBukalapak\JavaAPITesting\src\main\resources
2022-02-06 13:49:11,707 [Worker-14: Building] WARN  o.e.m.c.i.embedder.EclipseLogger - Using platform encoding (Cp1252 actually) to copy filtered resources, i.e. build is platform dependent!
2022-02-06 13:49:11,708 [Worker-14: Building] INFO  o.e.m.c.i.embedder.EclipseLogger - skip non existing resourceDirectory D:\Documents\QA Jobs\Test BL\TestingAPIBukalapak\JavaAPITesting\src\test\resources
2022-02-06 13:50:29,425 [Worker-15: Building] WARN  o.e.m.c.i.embedder.EclipseLogger - Using platform encoding (Cp1252 actually) to copy filtered resources, i.e. build is platform dependent!
2022-02-06 13:50:29,425 [Worker-15: Building] INFO  o.e.m.c.i.embedder.EclipseLogger - skip non existing resourceDirectory D:\Documents\QA Jobs\Test BL\TestingAPIBukalapak\JavaAPITesting\src\main\resources
2022-02-06 13:50:29,427 [Worker-15: Building] WARN  o.e.m.c.i.embedder.EclipseLogger - Using platform encoding (Cp1252 actually) to copy filtered resources, i.e. build is platform dependent!
2022-02-06 13:50:29,427 [Worker-15: Building] INFO  o.e.m.c.i.embedder.EclipseLogger - skip non existing resourceDirectory D:\Documents\QA Jobs\Test BL\TestingAPIBukalapak\JavaAPITesting\src\test\resources
2022-02-06 13:50:37,395 [Worker-13: Building] WARN  o.e.m.c.i.embedder.EclipseLogger - Using platform encoding (Cp1252 actually) to copy filtered resources, i.e. build is platform dependent!
2022-02-06 13:50:37,396 [Worker-13: Building] INFO  o.e.m.c.i.embedder.EclipseLogger - skip non existing resourceDirectory D:\Documents\QA Jobs\Test BL\TestingAPIBukalapak\JavaAPITesting\src\main\resources
2022-02-06 13:50:37,397 [Worker-13: Building] WARN  o.e.m.c.i.embedder.EclipseLogger - Using platform encoding (Cp1252 actually) to copy filtered resources, i.e. build is platform dependent!
2022-02-06 13:50:37,398 [Worker-13: Building] INFO  o.e.m.c.i.embedder.EclipseLogger - skip non existing resourceDirectory D:\Documents\QA Jobs\Test BL\TestingAPIBukalapak\JavaAPITesting\src\test\resources
2022-02-06 13:51:27,708 [Worker-14: Building] WARN  o.e.m.c.i.embedder.EclipseLogger - Using platform encoding (Cp1252 actually) to copy filtered resources, i.e. build is platform dependent!
2022-02-06 13:51:27,709 [Worker-14: Building] INFO  o.e.m.c.i.embedder.EclipseLogger - skip non existing resourceDirectory D:\Documents\QA Jobs\Test BL\TestingAPIBukalapak\JavaAPITesting\src\main\resources
2022-02-06 13:51:27,711 [Worker-14: Building] WARN  o.e.m.c.i.embedder.EclipseLogger - Using platform encoding (Cp1252 actually) to copy filtered resources, i.e. build is platform dependent!
2022-02-06 13:51:27,712 [Worker-14: Building] INFO  o.e.m.c.i.embedder.EclipseLogger - skip non existing resourceDirectory D:\Documents\QA Jobs\Test BL\TestingAPIBukalapak\JavaAPITesting\src\test\resources
2022-02-06 13:51:51,667 [Worker-13: Building] WARN  o.e.m.c.i.embedder.EclipseLogger - Using platform encoding (Cp1252 actually) to copy filtered resources, i.e. build is platform dependent!
2022-02-06 13:51:51,668 [Worker-13: Building] INFO  o.e.m.c.i.embedder.EclipseLogger - skip non existing resourceDirectory D:\Documents\QA Jobs\Test BL\TestingAPIBukalapak\JavaAPITesting\src\main\resources
2022-02-06 13:51:51,670 [Worker-13: Building] WARN  o.e.m.c.i.embedder.EclipseLogger - Using platform encoding (Cp1252 actually) to copy filtered resources, i.e. build is platform dependent!
2022-02-06 13:51:51,670 [Worker-13: Building] INFO  o.e.m.c.i.embedder.EclipseLogger - skip non existing resourceDirectory D:\Documents\QA Jobs\Test BL\TestingAPIBukalapak\JavaAPITesting\src\test\resources
2022-02-06 13:57:22,541 [Worker-11: Building] WARN  o.e.m.c.i.embedder.EclipseLogger - Using platform encoding (Cp1252 actually) to copy filtered resources, i.e. build is platform dependent!
2022-02-06 13:57:22,542 [Worker-11: Building] INFO  o.e.m.c.i.embedder.EclipseLogger - skip non existing resourceDirectory D:\Documents\QA Jobs\Test BL\TestingAPIBukalapak\JavaAPITesting\src\main\resources
2022-02-06 13:57:22,543 [Worker-11: Building] WARN  o.e.m.c.i.embedder.EclipseLogger - Using platform encoding (Cp1252 actually) to copy filtered resources, i.e. build is platform dependent!
2022-02-06 13:57:22,544 [Worker-11: Building] INFO  o.e.m.c.i.embedder.EclipseLogger - skip non existing resourceDirectory D:\Documents\QA Jobs\Test BL\TestingAPIBukalapak\JavaAPITesting\src\test\resources
2022-02-06 13:57:31,474 [Worker-11: Building] WARN  o.e.m.c.i.embedder.EclipseLogger - Using platform encoding (Cp1252 actually) to copy filtered resources, i.e. build is platform dependent!
2022-02-06 13:57:31,475 [Worker-11: Building] INFO  o.e.m.c.i.embedder.EclipseLogger - skip non existing resourceDirectory D:\Documents\QA Jobs\Test BL\TestingAPIBukalapak\JavaAPITesting\src\main\resources
2022-02-06 13:57:31,476 [Worker-11: Building] WARN  o.e.m.c.i.embedder.EclipseLogger - Using platform encoding (Cp1252 actually) to copy filtered resources, i.e. build is platform dependent!
2022-02-06 13:57:31,477 [Worker-11: Building] INFO  o.e.m.c.i.embedder.EclipseLogger - skip non existing resourceDirectory D:\Documents\QA Jobs\Test BL\TestingAPIBukalapak\JavaAPITesting\src\test\resources
2022-02-06 13:57:44,661 [Worker-3: Building] WARN  o.e.m.c.i.embedder.EclipseLogger - Using platform encoding (Cp1252 actually) to copy filtered resources, i.e. build is platform dependent!
2022-02-06 13:57:44,662 [Worker-3: Building] INFO  o.e.m.c.i.embedder.EclipseLogger - skip non existing resourceDirectory D:\Documents\QA Jobs\Test BL\TestingAPIBukalapak\JavaAPITesting\src\main\resources
2022-02-06 13:57:44,664 [Worker-3: Building] WARN  o.e.m.c.i.embedder.EclipseLogger - Using platform encoding (Cp1252 actually) to copy filtered resources, i.e. build is platform dependent!
2022-02-06 13:57:44,664 [Worker-3: Building] INFO  o.e.m.c.i.embedder.EclipseLogger - skip non existing resourceDirectory D:\Documents\QA Jobs\Test BL\TestingAPIBukalapak\JavaAPITesting\src\test\resources
2022-02-06 13:57:55,663 [Worker-11: Building] WARN  o.e.m.c.i.embedder.EclipseLogger - Using platform encoding (Cp1252 actually) to copy filtered resources, i.e. build is platform dependent!
2022-02-06 13:57:55,664 [Worker-11: Building] INFO  o.e.m.c.i.embedder.EclipseLogger - skip non existing resourceDirectory D:\Documents\QA Jobs\Test BL\TestingAPIBukalapak\JavaAPITesting\src\main\resources
2022-02-06 13:57:55,665 [Worker-11: Building] WARN  o.e.m.c.i.embedder.EclipseLogger - Using platform encoding (Cp1252 actually) to copy filtered resources, i.e. build is platform dependent!
2022-02-06 13:57:55,665 [Worker-11: Building] INFO  o.e.m.c.i.embedder.EclipseLogger - skip non existing resourceDirectory D:\Documents\QA Jobs\Test BL\TestingAPIBukalapak\JavaAPITesting\src\test\resources
2022-02-06 13:58:05,429 [Worker-16: Building] WARN  o.e.m.c.i.embedder.EclipseLogger - Using platform encoding (Cp1252 actually) to copy filtered resources, i.e. build is platform dependent!
2022-02-06 13:58:05,430 [Worker-16: Building] INFO  o.e.m.c.i.embedder.EclipseLogger - skip non existing resourceDirectory D:\Documents\QA Jobs\Test BL\TestingAPIBukalapak\JavaAPITesting\src\main\resources
2022-02-06 13:58:05,432 [Worker-16: Building] WARN  o.e.m.c.i.embedder.EclipseLogger - Using platform encoding (Cp1252 actually) to copy filtered resources, i.e. build is platform dependent!
2022-02-06 13:58:05,433 [Worker-16: Building] INFO  o.e.m.c.i.embedder.EclipseLogger - skip non existing resourceDirectory D:\Documents\QA Jobs\Test BL\TestingAPIBukalapak\JavaAPITesting\src\test\resources
2022-02-06 13:58:39,387 [Worker-17: Building] WARN  o.e.m.c.i.embedder.EclipseLogger - Using platform encoding (Cp1252 actually) to copy filtered resources, i.e. build is platform dependent!
2022-02-06 13:58:39,388 [Worker-17: Building] INFO  o.e.m.c.i.embedder.EclipseLogger - skip non existing resourceDirectory D:\Documents\QA Jobs\Test BL\TestingAPIBukalapak\JavaAPITesting\src\main\resources
2022-02-06 13:58:39,389 [Worker-17: Building] WARN  o.e.m.c.i.embedder.EclipseLogger - Using platform encoding (Cp1252 actually) to copy filtered resources, i.e. build is platform dependent!
2022-02-06 13:58:39,390 [Worker-17: Building] INFO  o.e.m.c.i.embedder.EclipseLogger - skip non existing resourceDirectory D:\Documents\QA Jobs\Test BL\TestingAPIBukalapak\JavaAPITesting\src\test\resources
2022-02-06 14:02:29,354 [Worker-16: Building] WARN  o.e.m.c.i.embedder.EclipseLogger - Using platform encoding (Cp1252 actually) to copy filtered resources, i.e. build is platform dependent!
2022-02-06 14:02:29,355 [Worker-16: Building] INFO  o.e.m.c.i.embedder.EclipseLogger - skip non existing resourceDirectory D:\Documents\QA Jobs\Test BL\TestingAPIBukalapak\JavaAPITesting\src\main\resources
2022-02-06 14:02:29,358 [Worker-16: Building] WARN  o.e.m.c.i.embedder.EclipseLogger - Using platform encoding (Cp1252 actually) to copy filtered resources, i.e. build is platform dependent!
2022-02-06 14:02:29,359 [Worker-16: Building] INFO  o.e.m.c.i.embedder.EclipseLogger - skip non existing resourceDirectory D:\Documents\QA Jobs\Test BL\TestingAPIBukalapak\JavaAPITesting\src\test\resources
2022-02-06 14:03:56,169 [Worker-20: Building] WARN  o.e.m.c.i.embedder.EclipseLogger - Using platform encoding (Cp1252 actually) to copy filtered resources, i.e. build is platform dependent!
2022-02-06 14:03:56,170 [Worker-20: Building] INFO  o.e.m.c.i.embedder.EclipseLogger - skip non existing resourceDirectory D:\Documents\QA Jobs\Test BL\TestingAPIBukalapak\JavaAPITesting\src\main\resources
2022-02-06 14:03:56,171 [Worker-20: Building] WARN  o.e.m.c.i.embedder.EclipseLogger - Using platform encoding (Cp1252 actually) to copy filtered resources, i.e. build is platform dependent!
2022-02-06 14:03:56,171 [Worker-20: Building] INFO  o.e.m.c.i.embedder.EclipseLogger - skip non existing resourceDirectory D:\Documents\QA Jobs\Test BL\TestingAPIBukalapak\JavaAPITesting\src\test\resources
2022-02-06 14:14:44,772 [Worker-26: Building] WARN  o.e.m.c.i.embedder.EclipseLogger - Using platform encoding (Cp1252 actually) to copy filtered resources, i.e. build is platform dependent!
2022-02-06 14:14:44,773 [Worker-26: Building] INFO  o.e.m.c.i.embedder.EclipseLogger - skip non existing resourceDirectory D:\Documents\QA Jobs\Test BL\TestingAPIBukalapak\JavaAPITesting\src\main\resources
2022-02-06 14:14:44,774 [Worker-26: Building] WARN  o.e.m.c.i.embedder.EclipseLogger - Using platform encoding (Cp1252 actually) to copy filtered resources, i.e. build is platform dependent!
2022-02-06 14:14:44,774 [Worker-26: Building] INFO  o.e.m.c.i.embedder.EclipseLogger - skip non existing resourceDirectory D:\Documents\QA Jobs\Test BL\TestingAPIBukalapak\JavaAPITesting\src\test\resources
2022-02-06 14:15:54,999 [Worker-27: Building] WARN  o.e.m.c.i.embedder.EclipseLogger - Using platform encoding (Cp1252 actually) to copy filtered resources, i.e. build is platform dependent!
2022-02-06 14:15:55,000 [Worker-27: Building] INFO  o.e.m.c.i.embedder.EclipseLogger - skip non existing resourceDirectory D:\Documents\QA Jobs\Test BL\TestingAPIBukalapak\JavaAPITesting\src\main\resources
2022-02-06 14:15:55,001 [Worker-27: Building] WARN  o.e.m.c.i.embedder.EclipseLogger - Using platform encoding (Cp1252 actually) to copy filtered resources, i.e. build is platform dependent!
2022-02-06 14:15:55,002 [Worker-27: Building] INFO  o.e.m.c.i.embedder.EclipseLogger - skip non existing resourceDirectory D:\Documents\QA Jobs\Test BL\TestingAPIBukalapak\JavaAPITesting\src\test\resources
2022-02-06 14:16:39,495 [Worker-28: Building] WARN  o.e.m.c.i.embedder.EclipseLogger - Using platform encoding (Cp1252 actually) to copy filtered resources, i.e. build is platform dependent!
2022-02-06 14:16:39,496 [Worker-28: Building] INFO  o.e.m.c.i.embedder.EclipseLogger - skip non existing resourceDirectory D:\Documents\QA Jobs\Test BL\TestingAPIBukalapak\JavaAPITesting\src\main\resources
2022-02-06 14:16:39,497 [Worker-28: Building] WARN  o.e.m.c.i.embedder.EclipseLogger - Using platform encoding (Cp1252 actually) to copy filtered resources, i.e. build is platform dependent!
2022-02-06 14:16:39,498 [Worker-28: Building] INFO  o.e.m.c.i.embedder.EclipseLogger - skip non existing resourceDirectory D:\Documents\QA Jobs\Test BL\TestingAPIBukalapak\JavaAPITesting\src\test\resources
2022-02-06 14:19:49,898 [Worker-31: Building] WARN  o.e.m.c.i.embedder.EclipseLogger - Using platform encoding (Cp1252 actually) to copy filtered resources, i.e. build is platform dependent!
2022-02-06 14:19:49,899 [Worker-31: Building] INFO  o.e.m.c.i.embedder.EclipseLogger - skip non existing resourceDirectory D:\Documents\QA Jobs\Test BL\TestingAPIBukalapak\JavaAPITesting\src\main\resources
2022-02-06 14:19:49,900 [Worker-31: Building] WARN  o.e.m.c.i.embedder.EclipseLogger - Using platform encoding (Cp1252 actually) to copy filtered resources, i.e. build is platform dependent!
2022-02-06 14:19:49,901 [Worker-31: Building] INFO  o.e.m.c.i.embedder.EclipseLogger - skip non existing resourceDirectory D:\Documents\QA Jobs\Test BL\TestingAPIBukalapak\JavaAPITesting\src\test\resources
2022-02-06 14:19:59,724 [Worker-31: Building] WARN  o.e.m.c.i.embedder.EclipseLogger - Using platform encoding (Cp1252 actually) to copy filtered resources, i.e. build is platform dependent!
2022-02-06 14:19:59,725 [Worker-31: Building] INFO  o.e.m.c.i.embedder.EclipseLogger - skip non existing resourceDirectory D:\Documents\QA Jobs\Test BL\TestingAPIBukalapak\JavaAPITesting\src\main\resources
2022-02-06 14:19:59,726 [Worker-31: Building] WARN  o.e.m.c.i.embedder.EclipseLogger - Using platform encoding (Cp1252 actually) to copy filtered resources, i.e. build is platform dependent!
2022-02-06 14:19:59,727 [Worker-31: Building] INFO  o.e.m.c.i.embedder.EclipseLogger - skip non existing resourceDirectory D:\Documents\QA Jobs\Test BL\TestingAPIBukalapak\JavaAPITesting\src\test\resources
2022-02-06 14:23:05,195 [Worker-33: Building] WARN  o.e.m.c.i.embedder.EclipseLogger - Using platform encoding (Cp1252 actually) to copy filtered resources, i.e. build is platform dependent!
2022-02-06 14:23:05,196 [Worker-33: Building] INFO  o.e.m.c.i.embedder.EclipseLogger - skip non existing resourceDirectory D:\Documents\QA Jobs\Test BL\TestingAPIBukalapak\JavaAPITesting\src\main\resources
2022-02-06 14:23:05,197 [Worker-33: Building] WARN  o.e.m.c.i.embedder.EclipseLogger - Using platform encoding (Cp1252 actually) to copy filtered resources, i.e. build is platform dependent!
2022-02-06 14:23:05,198 [Worker-33: Building] INFO  o.e.m.c.i.embedder.EclipseLogger - skip non existing resourceDirectory D:\Documents\QA Jobs\Test BL\TestingAPIBukalapak\JavaAPITesting\src\test\resources
2022-02-06 14:23:34,034 [Worker-30: Building] WARN  o.e.m.c.i.embedder.EclipseLogger - Using platform encoding (Cp1252 actually) to copy filtered resources, i.e. build is platform dependent!
2022-02-06 14:23:34,037 [Worker-30: Building] INFO  o.e.m.c.i.embedder.EclipseLogger - skip non existing resourceDirectory D:\Documents\QA Jobs\Test BL\TestingAPIBukalapak\JavaAPITesting\src\main\resources
2022-02-06 14:23:34,039 [Worker-30: Building] WARN  o.e.m.c.i.embedder.EclipseLogger - Using platform encoding (Cp1252 actually) to copy filtered resources, i.e. build is platform dependent!
2022-02-06 14:23:34,040 [Worker-30: Building] INFO  o.e.m.c.i.embedder.EclipseLogger - skip non existing resourceDirectory D:\Documents\QA Jobs\Test BL\TestingAPIBukalapak\JavaAPITesting\src\test\resources
2022-02-06 14:24:17,978 [Worker-34: Building] WARN  o.e.m.c.i.embedder.EclipseLogger - Using platform encoding (Cp1252 actually) to copy filtered resources, i.e. build is platform dependent!
2022-02-06 14:24:17,980 [Worker-34: Building] INFO  o.e.m.c.i.embedder.EclipseLogger - skip non existing resourceDirectory D:\Documents\QA Jobs\Test BL\TestingAPIBukalapak\JavaAPITesting\src\main\resources
2022-02-06 14:24:17,981 [Worker-34: Building] WARN  o.e.m.c.i.embedder.EclipseLogger - Using platform encoding (Cp1252 actually) to copy filtered resources, i.e. build is platform dependent!
2022-02-06 14:24:17,982 [Worker-34: Building] INFO  o.e.m.c.i.embedder.EclipseLogger - skip non existing resourceDirectory D:\Documents\QA Jobs\Test BL\TestingAPIBukalapak\JavaAPITesting\src\test\resources
2022-02-06 14:24:58,588 [Worker-34: Building] WARN  o.e.m.c.i.embedder.EclipseLogger - Using platform encoding (Cp1252 actually) to copy filtered resources, i.e. build is platform dependent!
2022-02-06 14:24:58,590 [Worker-34: Building] INFO  o.e.m.c.i.embedder.EclipseLogger - skip non existing resourceDirectory D:\Documents\QA Jobs\Test BL\TestingAPIBukalapak\JavaAPITesting\src\main\resources
2022-02-06 14:24:58,591 [Worker-34: Building] WARN  o.e.m.c.i.embedder.EclipseLogger - Using platform encoding (Cp1252 actually) to copy filtered resources, i.e. build is platform dependent!
2022-02-06 14:24:58,592 [Worker-34: Building] INFO  o.e.m.c.i.embedder.EclipseLogger - skip non existing resourceDirectory D:\Documents\QA Jobs\Test BL\TestingAPIBukalapak\JavaAPITesting\src\test\resources
2022-02-06 14:25:11,520 [Worker-33: Building] WARN  o.e.m.c.i.embedder.EclipseLogger - Using platform encoding (Cp1252 actually) to copy filtered resources, i.e. build is platform dependent!
2022-02-06 14:25:11,521 [Worker-33: Building] INFO  o.e.m.c.i.embedder.EclipseLogger - skip non existing resourceDirectory D:\Documents\QA Jobs\Test BL\TestingAPIBukalapak\JavaAPITesting\src\main\resources
2022-02-06 14:25:11,522 [Worker-33: Building] WARN  o.e.m.c.i.embedder.EclipseLogger - Using platform encoding (Cp1252 actually) to copy filtered resources, i.e. build is platform dependent!
2022-02-06 14:25:11,523 [Worker-33: Building] INFO  o.e.m.c.i.embedder.EclipseLogger - skip non existing resourceDirectory D:\Documents\QA Jobs\Test BL\TestingAPIBukalapak\JavaAPITesting\src\test\resources
2022-02-06 14:42:21,570 [Worker-42: Building] WARN  o.e.m.c.i.embedder.EclipseLogger - Using platform encoding (Cp1252 actually) to copy filtered resources, i.e. build is platform dependent!
2022-02-06 14:42:21,571 [Worker-42: Building] INFO  o.e.m.c.i.embedder.EclipseLogger - skip non existing resourceDirectory D:\Documents\QA Jobs\Test BL\TestingAPIBukalapak\JavaAPITesting\src\main\resources
2022-02-06 14:42:21,572 [Worker-42: Building] WARN  o.e.m.c.i.embedder.EclipseLogger - Using platform encoding (Cp1252 actually) to copy filtered resources, i.e. build is platform dependent!
2022-02-06 14:42:21,573 [Worker-42: Building] INFO  o.e.m.c.i.embedder.EclipseLogger - skip non existing resourceDirectory D:\Documents\QA Jobs\Test BL\TestingAPIBukalapak\JavaAPITesting\src\test\resources
2022-02-06 14:46:26,468 [Worker-30: Building] WARN  o.e.m.c.i.embedder.EclipseLogger - Using platform encoding (Cp1252 actually) to copy filtered resources, i.e. build is platform dependent!
2022-02-06 14:46:26,469 [Worker-30: Building] INFO  o.e.m.c.i.embedder.EclipseLogger - skip non existing resourceDirectory D:\Documents\QA Jobs\Test BL\TestingAPIBukalapak\JavaAPITesting\src\main\resources
2022-02-06 14:46:26,470 [Worker-30: Building] WARN  o.e.m.c.i.embedder.EclipseLogger - Using platform encoding (Cp1252 actually) to copy filtered resources, i.e. build is platform dependent!
2022-02-06 14:46:26,471 [Worker-30: Building] INFO  o.e.m.c.i.embedder.EclipseLogger - skip non existing resourceDirectory D:\Documents\QA Jobs\Test BL\TestingAPIBukalapak\JavaAPITesting\src\test\resources
2022-02-06 14:46:44,318 [Worker-39: Building] WARN  o.e.m.c.i.embedder.EclipseLogger - Using platform encoding (Cp1252 actually) to copy filtered resources, i.e. build is platform dependent!
2022-02-06 14:46:44,319 [Worker-39: Building] INFO  o.e.m.c.i.embedder.EclipseLogger - skip non existing resourceDirectory D:\Documents\QA Jobs\Test BL\TestingAPIBukalapak\JavaAPITesting\src\main\resources
2022-02-06 14:46:44,320 [Worker-39: Building] WARN  o.e.m.c.i.embedder.EclipseLogger - Using platform encoding (Cp1252 actually) to copy filtered resources, i.e. build is platform dependent!
2022-02-06 14:46:44,320 [Worker-39: Building] INFO  o.e.m.c.i.embedder.EclipseLogger - skip non existing resourceDirectory D:\Documents\QA Jobs\Test BL\TestingAPIBukalapak\JavaAPITesting\src\test\resources
2022-02-06 14:47:16,736 [Worker-43: Building] WARN  o.e.m.c.i.embedder.EclipseLogger - Using platform encoding (Cp1252 actually) to copy filtered resources, i.e. build is platform dependent!
2022-02-06 14:47:16,736 [Worker-43: Building] INFO  o.e.m.c.i.embedder.EclipseLogger - skip non existing resourceDirectory D:\Documents\QA Jobs\Test BL\TestingAPIBukalapak\JavaAPITesting\src\main\resources
2022-02-06 14:47:16,738 [Worker-43: Building] WARN  o.e.m.c.i.embedder.EclipseLogger - Using platform encoding (Cp1252 actually) to copy filtered resources, i.e. build is platform dependent!
2022-02-06 14:47:16,738 [Worker-43: Building] INFO  o.e.m.c.i.embedder.EclipseLogger - skip non existing resourceDirectory D:\Documents\QA Jobs\Test BL\TestingAPIBukalapak\JavaAPITesting\src\test\resources
2022-02-06 14:48:10,352 [Worker-44: Building] WARN  o.e.m.c.i.embedder.EclipseLogger - Using platform encoding (Cp1252 actually) to copy filtered resources, i.e. build is platform dependent!
2022-02-06 14:48:10,353 [Worker-44: Building] INFO  o.e.m.c.i.embedder.EclipseLogger - skip non existing resourceDirectory D:\Documents\QA Jobs\Test BL\TestingAPIBukalapak\JavaAPITesting\src\main\resources
2022-02-06 14:48:10,354 [Worker-44: Building] WARN  o.e.m.c.i.embedder.EclipseLogger - Using platform encoding (Cp1252 actually) to copy filtered resources, i.e. build is platform dependent!
2022-02-06 14:48:10,355 [Worker-44: Building] INFO  o.e.m.c.i.embedder.EclipseLogger - skip non existing resourceDirectory D:\Documents\QA Jobs\Test BL\TestingAPIBukalapak\JavaAPITesting\src\test\resources
2022-02-06 14:49:19,392 [Worker-44: Building] WARN  o.e.m.c.i.embedder.EclipseLogger - Using platform encoding (Cp1252 actually) to copy filtered resources, i.e. build is platform dependent!
2022-02-06 14:49:19,393 [Worker-44: Building] INFO  o.e.m.c.i.embedder.EclipseLogger - skip non existing resourceDirectory D:\Documents\QA Jobs\Test BL\TestingAPIBukalapak\JavaAPITesting\src\main\resources
2022-02-06 14:49:19,395 [Worker-44: Building] WARN  o.e.m.c.i.embedder.EclipseLogger - Using platform encoding (Cp1252 actually) to copy filtered resources, i.e. build is platform dependent!
2022-02-06 14:49:19,395 [Worker-44: Building] INFO  o.e.m.c.i.embedder.EclipseLogger - skip non existing resourceDirectory D:\Documents\QA Jobs\Test BL\TestingAPIBukalapak\JavaAPITesting\src\test\resources
2022-02-06 14:49:54,271 [Worker-47: Building] WARN  o.e.m.c.i.embedder.EclipseLogger - Using platform encoding (Cp1252 actually) to copy filtered resources, i.e. build is platform dependent!
2022-02-06 14:49:54,272 [Worker-47: Building] INFO  o.e.m.c.i.embedder.EclipseLogger - skip non existing resourceDirectory D:\Documents\QA Jobs\Test BL\TestingAPIBukalapak\JavaAPITesting\src\main\resources
2022-02-06 14:49:54,273 [Worker-47: Building] WARN  o.e.m.c.i.embedder.EclipseLogger - Using platform encoding (Cp1252 actually) to copy filtered resources, i.e. build is platform dependent!
2022-02-06 14:49:54,274 [Worker-47: Building] INFO  o.e.m.c.i.embedder.EclipseLogger - skip non existing resourceDirectory D:\Documents\QA Jobs\Test BL\TestingAPIBukalapak\JavaAPITesting\src\test\resources
2022-02-06 14:50:06,636 [Worker-43: Building] WARN  o.e.m.c.i.embedder.EclipseLogger - Using platform encoding (Cp1252 actually) to copy filtered resources, i.e. build is platform dependent!
2022-02-06 14:50:06,636 [Worker-43: Building] INFO  o.e.m.c.i.embedder.EclipseLogger - skip non existing resourceDirectory D:\Documents\QA Jobs\Test BL\TestingAPIBukalapak\JavaAPITesting\src\main\resources
2022-02-06 14:50:06,637 [Worker-43: Building] WARN  o.e.m.c.i.embedder.EclipseLogger - Using platform encoding (Cp1252 actually) to copy filtered resources, i.e. build is platform dependent!
2022-02-06 14:50:06,638 [Worker-43: Building] INFO  o.e.m.c.i.embedder.EclipseLogger - skip non existing resourceDirectory D:\Documents\QA Jobs\Test BL\TestingAPIBukalapak\JavaAPITesting\src\test\resources
2022-02-06 14:51:21,459 [Worker-43: Building] WARN  o.e.m.c.i.embedder.EclipseLogger - Using platform encoding (Cp1252 actually) to copy filtered resources, i.e. build is platform dependent!
2022-02-06 14:51:21,460 [Worker-43: Building] INFO  o.e.m.c.i.embedder.EclipseLogger - skip non existing resourceDirectory D:\Documents\QA Jobs\Test BL\TestingAPIBukalapak\JavaAPITesting\src\main\resources
2022-02-06 14:51:21,461 [Worker-43: Building] WARN  o.e.m.c.i.embedder.EclipseLogger - Using platform encoding (Cp1252 actually) to copy filtered resources, i.e. build is platform dependent!
2022-02-06 14:51:21,461 [Worker-43: Building] INFO  o.e.m.c.i.embedder.EclipseLogger - skip non existing resourceDirectory D:\Documents\QA Jobs\Test BL\TestingAPIBukalapak\JavaAPITesting\src\test\resources
2022-02-06 14:52:28,987 [Worker-30: Building] WARN  o.e.m.c.i.embedder.EclipseLogger - Using platform encoding (Cp1252 actually) to copy filtered resources, i.e. build is platform dependent!
2022-02-06 14:52:28,988 [Worker-30: Building] INFO  o.e.m.c.i.embedder.EclipseLogger - skip non existing resourceDirectory D:\Documents\QA Jobs\Test BL\TestingAPIBukalapak\JavaAPITesting\src\main\resources
2022-02-06 14:52:28,989 [Worker-30: Building] WARN  o.e.m.c.i.embedder.EclipseLogger - Using platform encoding (Cp1252 actually) to copy filtered resources, i.e. build is platform dependent!
2022-02-06 14:52:28,989 [Worker-30: Building] INFO  o.e.m.c.i.embedder.EclipseLogger - skip non existing resourceDirectory D:\Documents\QA Jobs\Test BL\TestingAPIBukalapak\JavaAPITesting\src\test\resources
2022-02-06 14:53:21,126 [Worker-47: Building] WARN  o.e.m.c.i.embedder.EclipseLogger - Using platform encoding (Cp1252 actually) to copy filtered resources, i.e. build is platform dependent!
2022-02-06 14:53:21,127 [Worker-47: Building] INFO  o.e.m.c.i.embedder.EclipseLogger - skip non existing resourceDirectory D:\Documents\QA Jobs\Test BL\TestingAPIBukalapak\JavaAPITesting\src\main\resources
2022-02-06 14:53:21,128 [Worker-47: Building] WARN  o.e.m.c.i.embedder.EclipseLogger - Using platform encoding (Cp1252 actually) to copy filtered resources, i.e. build is platform dependent!
2022-02-06 14:53:21,129 [Worker-47: Building] INFO  o.e.m.c.i.embedder.EclipseLogger - skip non existing resourceDirectory D:\Documents\QA Jobs\Test BL\TestingAPIBukalapak\JavaAPITesting\src\test\resources
2022-02-06 14:54:03,523 [Worker-45: Building] WARN  o.e.m.c.i.embedder.EclipseLogger - Using platform encoding (Cp1252 actually) to copy filtered resources, i.e. build is platform dependent!
2022-02-06 14:54:03,524 [Worker-45: Building] INFO  o.e.m.c.i.embedder.EclipseLogger - skip non existing resourceDirectory D:\Documents\QA Jobs\Test BL\TestingAPIBukalapak\JavaAPITesting\src\main\resources
2022-02-06 14:54:03,526 [Worker-45: Building] WARN  o.e.m.c.i.embedder.EclipseLogger - Using platform encoding (Cp1252 actually) to copy filtered resources, i.e. build is platform dependent!
2022-02-06 14:54:03,527 [Worker-45: Building] INFO  o.e.m.c.i.embedder.EclipseLogger - skip non existing resourceDirectory D:\Documents\QA Jobs\Test BL\TestingAPIBukalapak\JavaAPITesting\src\test\resources
2022-02-06 14:58:22,105 [Worker-48: Building] WARN  o.e.m.c.i.embedder.EclipseLogger - Using platform encoding (Cp1252 actually) to copy filtered resources, i.e. build is platform dependent!
2022-02-06 14:58:22,106 [Worker-48: Building] INFO  o.e.m.c.i.embedder.EclipseLogger - skip non existing resourceDirectory D:\Documents\QA Jobs\Test BL\TestingAPIBukalapak\JavaAPITesting\src\main\resources
2022-02-06 14:58:22,107 [Worker-48: Building] WARN  o.e.m.c.i.embedder.EclipseLogger - Using platform encoding (Cp1252 actually) to copy filtered resources, i.e. build is platform dependent!
2022-02-06 14:58:22,108 [Worker-48: Building] INFO  o.e.m.c.i.embedder.EclipseLogger - skip non existing resourceDirectory D:\Documents\QA Jobs\Test BL\TestingAPIBukalapak\JavaAPITesting\src\test\resources
2022-02-06 15:13:01,025 [Worker-55: Building] WARN  o.e.m.c.i.embedder.EclipseLogger - Using platform encoding (Cp1252 actually) to copy filtered resources, i.e. build is platform dependent!
2022-02-06 15:13:01,026 [Worker-55: Building] INFO  o.e.m.c.i.embedder.EclipseLogger - skip non existing resourceDirectory D:\Documents\QA Jobs\Test BL\TestingAPIBukalapak\JavaAPITesting\src\main\resources
2022-02-06 15:13:01,027 [Worker-55: Building] WARN  o.e.m.c.i.embedder.EclipseLogger - Using platform encoding (Cp1252 actually) to copy filtered resources, i.e. build is platform dependent!
2022-02-06 15:13:01,028 [Worker-55: Building] INFO  o.e.m.c.i.embedder.EclipseLogger - skip non existing resourceDirectory D:\Documents\QA Jobs\Test BL\TestingAPIBukalapak\JavaAPITesting\src\test\resources
2022-02-06 15:31:19,796 [Worker-52: Building] WARN  o.e.m.c.i.embedder.EclipseLogger - Using platform encoding (Cp1252 actually) to copy filtered resources, i.e. build is platform dependent!
2022-02-06 15:31:19,797 [Worker-52: Building] INFO  o.e.m.c.i.embedder.EclipseLogger - skip non existing resourceDirectory D:\Documents\QA Jobs\Test BL\TestingAPIBukalapak\JavaAPITesting\src\main\resources
2022-02-06 15:31:19,798 [Worker-52: Building] WARN  o.e.m.c.i.embedder.EclipseLogger - Using platform encoding (Cp1252 actually) to copy filtered resources, i.e. build is platform dependent!
2022-02-06 15:31:19,798 [Worker-52: Building] INFO  o.e.m.c.i.embedder.EclipseLogger - skip non existing resourceDirectory D:\Documents\QA Jobs\Test BL\TestingAPIBukalapak\JavaAPITesting\src\test\resources
2022-02-06 15:31:28,593 [Worker-57: Launching TS01_Get_Posting] WARN  o.e.m.c.i.embedder.EclipseLogger - Using platform encoding (Cp1252 actually) to copy filtered resources, i.e. build is platform dependent!
2022-02-06 15:31:28,594 [Worker-57: Launching TS01_Get_Posting] INFO  o.e.m.c.i.embedder.EclipseLogger - skip non existing resourceDirectory D:\Documents\QA Jobs\Test BL\TestingAPIBukalapak\JavaAPITesting\src\main\resources
2022-02-06 15:31:28,596 [Worker-57: Launching TS01_Get_Posting] WARN  o.e.m.c.i.embedder.EclipseLogger - Using platform encoding (Cp1252 actually) to copy filtered resources, i.e. build is platform dependent!
2022-02-06 15:31:28,597 [Worker-57: Launching TS01_Get_Posting] INFO  o.e.m.c.i.embedder.EclipseLogger - skip non existing resourceDirectory D:\Documents\QA Jobs\Test BL\TestingAPIBukalapak\JavaAPITesting\src\test\resources
2022-02-06 15:47:12,871 [Worker-60: Building] WARN  o.e.m.c.i.embedder.EclipseLogger - Using platform encoding (Cp1252 actually) to copy filtered resources, i.e. build is platform dependent!
2022-02-06 15:47:12,877 [Worker-60: Building] INFO  o.e.m.c.i.embedder.EclipseLogger - skip non existing resourceDirectory D:\Documents\QA Jobs\Test BL\TestingAPIBukalapak\JavaAPITesting\src\main\resources
2022-02-06 15:47:12,879 [Worker-60: Building] WARN  o.e.m.c.i.embedder.EclipseLogger - Using platform encoding (Cp1252 actually) to copy filtered resources, i.e. build is platform dependent!
2022-02-06 15:47:12,879 [Worker-60: Building] INFO  o.e.m.c.i.embedder.EclipseLogger - skip non existing resourceDirectory D:\Documents\QA Jobs\Test BL\TestingAPIBukalapak\JavaAPITesting\src\test\resources
2022-02-06 15:47:35,268 [Worker-59: Building] WARN  o.e.m.c.i.embedder.EclipseLogger - Using platform encoding (Cp1252 actually) to copy filtered resources, i.e. build is platform dependent!
2022-02-06 15:47:35,269 [Worker-59: Building] INFO  o.e.m.c.i.embedder.EclipseLogger - skip non existing resourceDirectory D:\Documents\QA Jobs\Test BL\TestingAPIBukalapak\JavaAPITesting\src\main\resources
2022-02-06 15:47:35,270 [Worker-59: Building] WARN  o.e.m.c.i.embedder.EclipseLogger - Using platform encoding (Cp1252 actually) to copy filtered resources, i.e. build is platform dependent!
2022-02-06 15:47:35,270 [Worker-59: Building] INFO  o.e.m.c.i.embedder.EclipseLogger - skip non existing resourceDirectory D:\Documents\QA Jobs\Test BL\TestingAPIBukalapak\JavaAPITesting\src\test\resources
2022-02-06 15:53:03,762 [Worker-64: Building] WARN  o.e.m.c.i.embedder.EclipseLogger - Using platform encoding (Cp1252 actually) to copy filtered resources, i.e. build is platform dependent!
2022-02-06 15:53:03,763 [Worker-64: Building] INFO  o.e.m.c.i.embedder.EclipseLogger - skip non existing resourceDirectory D:\Documents\QA Jobs\Test BL\TestingAPIBukalapak\JavaAPITesting\src\main\resources
2022-02-06 15:53:03,764 [Worker-64: Building] WARN  o.e.m.c.i.embedder.EclipseLogger - Using platform encoding (Cp1252 actually) to copy filtered resources, i.e. build is platform dependent!
2022-02-06 15:53:03,765 [Worker-64: Building] INFO  o.e.m.c.i.embedder.EclipseLogger - skip non existing resourceDirectory D:\Documents\QA Jobs\Test BL\TestingAPIBukalapak\JavaAPITesting\src\test\resources
2022-02-06 15:54:06,162 [Worker-64: Building] WARN  o.e.m.c.i.embedder.EclipseLogger - Using platform encoding (Cp1252 actually) to copy filtered resources, i.e. build is platform dependent!
2022-02-06 15:54:06,162 [Worker-64: Building] INFO  o.e.m.c.i.embedder.EclipseLogger - skip non existing resourceDirectory D:\Documents\QA Jobs\Test BL\TestingAPIBukalapak\JavaAPITesting\src\main\resources
2022-02-06 15:54:06,164 [Worker-64: Building] WARN  o.e.m.c.i.embedder.EclipseLogger - Using platform encoding (Cp1252 actually) to copy filtered resources, i.e. build is platform dependent!
2022-02-06 15:54:06,164 [Worker-64: Building] INFO  o.e.m.c.i.embedder.EclipseLogger - skip non existing resourceDirectory D:\Documents\QA Jobs\Test BL\TestingAPIBukalapak\JavaAPITesting\src\test\resources
2022-02-06 15:54:19,716 [Worker-59: Building] WARN  o.e.m.c.i.embedder.EclipseLogger - Using platform encoding (Cp1252 actually) to copy filtered resources, i.e. build is platform dependent!
2022-02-06 15:54:19,717 [Worker-59: Building] INFO  o.e.m.c.i.embedder.EclipseLogger - skip non existing resourceDirectory D:\Documents\QA Jobs\Test BL\TestingAPIBukalapak\JavaAPITesting\src\main\resources
2022-02-06 15:54:19,718 [Worker-59: Building] WARN  o.e.m.c.i.embedder.EclipseLogger - Using platform encoding (Cp1252 actually) to copy filtered resources, i.e. build is platform dependent!
2022-02-06 15:54:19,719 [Worker-59: Building] INFO  o.e.m.c.i.embedder.EclipseLogger - skip non existing resourceDirectory D:\Documents\QA Jobs\Test BL\TestingAPIBukalapak\JavaAPITesting\src\test\resources
2022-02-06 15:54:24,247 [Worker-59: Building] WARN  o.e.m.c.i.embedder.EclipseLogger - Using platform encoding (Cp1252 actually) to copy filtered resources, i.e. build is platform dependent!
2022-02-06 15:54:24,248 [Worker-59: Building] INFO  o.e.m.c.i.embedder.EclipseLogger - skip non existing resourceDirectory D:\Documents\QA Jobs\Test BL\TestingAPIBukalapak\JavaAPITesting\src\main\resources
2022-02-06 15:54:24,249 [Worker-59: Building] WARN  o.e.m.c.i.embedder.EclipseLogger - Using platform encoding (Cp1252 actually) to copy filtered resources, i.e. build is platform dependent!
2022-02-06 15:54:24,250 [Worker-59: Building] INFO  o.e.m.c.i.embedder.EclipseLogger - skip non existing resourceDirectory D:\Documents\QA Jobs\Test BL\TestingAPIBukalapak\JavaAPITesting\src\test\resources
2022-02-06 15:55:09,268 [Worker-66: Building] WARN  o.e.m.c.i.embedder.EclipseLogger - Using platform encoding (Cp1252 actually) to copy filtered resources, i.e. build is platform dependent!
2022-02-06 15:55:09,269 [Worker-66: Building] INFO  o.e.m.c.i.embedder.EclipseLogger - skip non existing resourceDirectory D:\Documents\QA Jobs\Test BL\TestingAPIBukalapak\JavaAPITesting\src\main\resources
2022-02-06 15:55:09,270 [Worker-66: Building] WARN  o.e.m.c.i.embedder.EclipseLogger - Using platform encoding (Cp1252 actually) to copy filtered resources, i.e. build is platform dependent!
2022-02-06 15:55:09,270 [Worker-66: Building] INFO  o.e.m.c.i.embedder.EclipseLogger - skip non existing resourceDirectory D:\Documents\QA Jobs\Test BL\TestingAPIBukalapak\JavaAPITesting\src\test\resources
2022-02-06 15:56:57,709 [Worker-59: Building] WARN  o.e.m.c.i.embedder.EclipseLogger - Using platform encoding (Cp1252 actually) to copy filtered resources, i.e. build is platform dependent!
2022-02-06 15:56:57,710 [Worker-59: Building] INFO  o.e.m.c.i.embedder.EclipseLogger - skip non existing resourceDirectory D:\Documents\QA Jobs\Test BL\TestingAPIBukalapak\JavaAPITesting\src\main\resources
2022-02-06 15:56:57,711 [Worker-59: Building] WARN  o.e.m.c.i.embedder.EclipseLogger - Using platform encoding (Cp1252 actually) to copy filtered resources, i.e. build is platform dependent!
2022-02-06 15:56:57,712 [Worker-59: Building] INFO  o.e.m.c.i.embedder.EclipseLogger - skip non existing resourceDirectory D:\Documents\QA Jobs\Test BL\TestingAPIBukalapak\JavaAPITesting\src\test\resources
2022-02-06 15:57:11,679 [Worker-67: Building] WARN  o.e.m.c.i.embedder.EclipseLogger - Using platform encoding (Cp1252 actually) to copy filtered resources, i.e. build is platform dependent!
2022-02-06 15:57:11,680 [Worker-67: Building] INFO  o.e.m.c.i.embedder.EclipseLogger - skip non existing resourceDirectory D:\Documents\QA Jobs\Test BL\TestingAPIBukalapak\JavaAPITesting\src\main\resources
2022-02-06 15:57:11,681 [Worker-67: Building] WARN  o.e.m.c.i.embedder.EclipseLogger - Using platform encoding (Cp1252 actually) to copy filtered resources, i.e. build is platform dependent!
2022-02-06 15:57:11,681 [Worker-67: Building] INFO  o.e.m.c.i.embedder.EclipseLogger - skip non existing resourceDirectory D:\Documents\QA Jobs\Test BL\TestingAPIBukalapak\JavaAPITesting\src\test\resources
2022-02-06 15:59:04,574 [Worker-68: Building] WARN  o.e.m.c.i.embedder.EclipseLogger - Using platform encoding (Cp1252 actually) to copy filtered resources, i.e. build is platform dependent!
2022-02-06 15:59:04,575 [Worker-68: Building] INFO  o.e.m.c.i.embedder.EclipseLogger - skip non existing resourceDirectory D:\Documents\QA Jobs\Test BL\TestingAPIBukalapak\JavaAPITesting\src\main\resources
2022-02-06 15:59:04,576 [Worker-68: Building] WARN  o.e.m.c.i.embedder.EclipseLogger - Using platform encoding (Cp1252 actually) to copy filtered resources, i.e. build is platform dependent!
2022-02-06 15:59:04,576 [Worker-68: Building] INFO  o.e.m.c.i.embedder.EclipseLogger - skip non existing resourceDirectory D:\Documents\QA Jobs\Test BL\TestingAPIBukalapak\JavaAPITesting\src\test\resources
2022-02-06 15:59:27,250 [Worker-59: Building] WARN  o.e.m.c.i.embedder.EclipseLogger - Using platform encoding (Cp1252 actually) to copy filtered resources, i.e. build is platform dependent!
2022-02-06 15:59:27,251 [Worker-59: Building] INFO  o.e.m.c.i.embedder.EclipseLogger - skip non existing resourceDirectory D:\Documents\QA Jobs\Test BL\TestingAPIBukalapak\JavaAPITesting\src\main\resources
2022-02-06 15:59:27,252 [Worker-59: Building] WARN  o.e.m.c.i.embedder.EclipseLogger - Using platform encoding (Cp1252 actually) to copy filtered resources, i.e. build is platform dependent!
2022-02-06 15:59:27,252 [Worker-59: Building] INFO  o.e.m.c.i.embedder.EclipseLogger - skip non existing resourceDirectory D:\Documents\QA Jobs\Test BL\TestingAPIBukalapak\JavaAPITesting\src\test\resources
2022-02-06 16:01:11,232 [Worker-67: Building] WARN  o.e.m.c.i.embedder.EclipseLogger - Using platform encoding (Cp1252 actually) to copy filtered resources, i.e. build is platform dependent!
2022-02-06 16:01:11,232 [Worker-67: Building] INFO  o.e.m.c.i.embedder.EclipseLogger - skip non existing resourceDirectory D:\Documents\QA Jobs\Test BL\TestingAPIBukalapak\JavaAPITesting\src\main\resources
2022-02-06 16:01:11,233 [Worker-67: Building] WARN  o.e.m.c.i.embedder.EclipseLogger - Using platform encoding (Cp1252 actually) to copy filtered resources, i.e. build is platform dependent!
2022-02-06 16:01:11,234 [Worker-67: Building] INFO  o.e.m.c.i.embedder.EclipseLogger - skip non existing resourceDirectory D:\Documents\QA Jobs\Test BL\TestingAPIBukalapak\JavaAPITesting\src\test\resources
2022-02-06 16:03:27,934 [Worker-63: Building] WARN  o.e.m.c.i.embedder.EclipseLogger - Using platform encoding (Cp1252 actually) to copy filtered resources, i.e. build is platform dependent!
2022-02-06 16:03:27,935 [Worker-63: Building] INFO  o.e.m.c.i.embedder.EclipseLogger - skip non existing resourceDirectory D:\Documents\QA Jobs\Test BL\TestingAPIBukalapak\JavaAPITesting\src\main\resources
2022-02-06 16:03:27,936 [Worker-63: Building] WARN  o.e.m.c.i.embedder.EclipseLogger - Using platform encoding (Cp1252 actually) to copy filtered resources, i.e. build is platform dependent!
2022-02-06 16:03:27,937 [Worker-63: Building] INFO  o.e.m.c.i.embedder.EclipseLogger - skip non existing resourceDirectory D:\Documents\QA Jobs\Test BL\TestingAPIBukalapak\JavaAPITesting\src\test\resources
2022-02-06 16:05:28,768 [Worker-69: Building] WARN  o.e.m.c.i.embedder.EclipseLogger - Using platform encoding (Cp1252 actually) to copy filtered resources, i.e. build is platform dependent!
2022-02-06 16:05:28,769 [Worker-69: Building] INFO  o.e.m.c.i.embedder.EclipseLogger - skip non existing resourceDirectory D:\Documents\QA Jobs\Test BL\TestingAPIBukalapak\JavaAPITesting\src\main\resources
2022-02-06 16:05:28,770 [Worker-69: Building] WARN  o.e.m.c.i.embedder.EclipseLogger - Using platform encoding (Cp1252 actually) to copy filtered resources, i.e. build is platform dependent!
2022-02-06 16:05:28,771 [Worker-69: Building] INFO  o.e.m.c.i.embedder.EclipseLogger - skip non existing resourceDirectory D:\Documents\QA Jobs\Test BL\TestingAPIBukalapak\JavaAPITesting\src\test\resources
2022-02-06 16:06:29,140 [Worker-64: Building] WARN  o.e.m.c.i.embedder.EclipseLogger - Using platform encoding (Cp1252 actually) to copy filtered resources, i.e. build is platform dependent!
2022-02-06 16:06:29,141 [Worker-64: Building] INFO  o.e.m.c.i.embedder.EclipseLogger - skip non existing resourceDirectory D:\Documents\QA Jobs\Test BL\TestingAPIBukalapak\JavaAPITesting\src\main\resources
2022-02-06 16:06:29,142 [Worker-64: Building] WARN  o.e.m.c.i.embedder.EclipseLogger - Using platform encoding (Cp1252 actually) to copy filtered resources, i.e. build is platform dependent!
2022-02-06 16:06:29,143 [Worker-64: Building] INFO  o.e.m.c.i.embedder.EclipseLogger - skip non existing resourceDirectory D:\Documents\QA Jobs\Test BL\TestingAPIBukalapak\JavaAPITesting\src\test\resources
2022-02-06 16:07:51,216 [Worker-63: Building] WARN  o.e.m.c.i.embedder.EclipseLogger - Using platform encoding (Cp1252 actually) to copy filtered resources, i.e. build is platform dependent!
2022-02-06 16:07:51,217 [Worker-63: Building] INFO  o.e.m.c.i.embedder.EclipseLogger - skip non existing resourceDirectory D:\Documents\QA Jobs\Test BL\TestingAPIBukalapak\JavaAPITesting\src\main\resources
2022-02-06 16:07:51,218 [Worker-63: Building] WARN  o.e.m.c.i.embedder.EclipseLogger - Using platform encoding (Cp1252 actually) to copy filtered resources, i.e. build is platform dependent!
2022-02-06 16:07:51,219 [Worker-63: Building] INFO  o.e.m.c.i.embedder.EclipseLogger - skip non existing resourceDirectory D:\Documents\QA Jobs\Test BL\TestingAPIBukalapak\JavaAPITesting\src\test\resources
2022-02-06 16:08:28,493 [Worker-63: Building] WARN  o.e.m.c.i.embedder.EclipseLogger - Using platform encoding (Cp1252 actually) to copy filtered resources, i.e. build is platform dependent!
2022-02-06 16:08:28,494 [Worker-63: Building] INFO  o.e.m.c.i.embedder.EclipseLogger - skip non existing resourceDirectory D:\Documents\QA Jobs\Test BL\TestingAPIBukalapak\JavaAPITesting\src\main\resources
2022-02-06 16:08:28,495 [Worker-63: Building] WARN  o.e.m.c.i.embedder.EclipseLogger - Using platform encoding (Cp1252 actually) to copy filtered resources, i.e. build is platform dependent!
2022-02-06 16:08:28,496 [Worker-63: Building] INFO  o.e.m.c.i.embedder.EclipseLogger - skip non existing resourceDirectory D:\Documents\QA Jobs\Test BL\TestingAPIBukalapak\JavaAPITesting\src\test\resources
2022-02-06 16:09:13,920 [Worker-70: Building] WARN  o.e.m.c.i.embedder.EclipseLogger - Using platform encoding (Cp1252 actually) to copy filtered resources, i.e. build is platform dependent!
2022-02-06 16:09:13,920 [Worker-70: Building] INFO  o.e.m.c.i.embedder.EclipseLogger - skip non existing resourceDirectory D:\Documents\QA Jobs\Test BL\TestingAPIBukalapak\JavaAPITesting\src\main\resources
2022-02-06 16:09:13,922 [Worker-70: Building] WARN  o.e.m.c.i.embedder.EclipseLogger - Using platform encoding (Cp1252 actually) to copy filtered resources, i.e. build is platform dependent!
2022-02-06 16:09:13,922 [Worker-70: Building] INFO  o.e.m.c.i.embedder.EclipseLogger - skip non existing resourceDirectory D:\Documents\QA Jobs\Test BL\TestingAPIBukalapak\JavaAPITesting\src\test\resources
2022-02-06 16:12:10,359 [Worker-64: Building] WARN  o.e.m.c.i.embedder.EclipseLogger - Using platform encoding (Cp1252 actually) to copy filtered resources, i.e. build is platform dependent!
2022-02-06 16:12:10,359 [Worker-64: Building] INFO  o.e.m.c.i.embedder.EclipseLogger - skip non existing resourceDirectory D:\Documents\QA Jobs\Test BL\TestingAPIBukalapak\JavaAPITesting\src\main\resources
2022-02-06 16:12:10,360 [Worker-64: Building] WARN  o.e.m.c.i.embedder.EclipseLogger - Using platform encoding (Cp1252 actually) to copy filtered resources, i.e. build is platform dependent!
2022-02-06 16:12:10,361 [Worker-64: Building] INFO  o.e.m.c.i.embedder.EclipseLogger - skip non existing resourceDirectory D:\Documents\QA Jobs\Test BL\TestingAPIBukalapak\JavaAPITesting\src\test\resources
2022-02-06 16:13:30,789 [Worker-71: Building] WARN  o.e.m.c.i.embedder.EclipseLogger - Using platform encoding (Cp1252 actually) to copy filtered resources, i.e. build is platform dependent!
2022-02-06 16:13:30,790 [Worker-71: Building] INFO  o.e.m.c.i.embedder.EclipseLogger - skip non existing resourceDirectory D:\Documents\QA Jobs\Test BL\TestingAPIBukalapak\JavaAPITesting\src\main\resources
2022-02-06 16:13:30,791 [Worker-71: Building] WARN  o.e.m.c.i.embedder.EclipseLogger - Using platform encoding (Cp1252 actually) to copy filtered resources, i.e. build is platform dependent!
2022-02-06 16:13:30,791 [Worker-71: Building] INFO  o.e.m.c.i.embedder.EclipseLogger - skip non existing resourceDirectory D:\Documents\QA Jobs\Test BL\TestingAPIBukalapak\JavaAPITesting\src\test\resources
2022-02-06 16:14:10,304 [Worker-71: Building] WARN  o.e.m.c.i.embedder.EclipseLogger - Using platform encoding (Cp1252 actually) to copy filtered resources, i.e. build is platform dependent!
2022-02-06 16:14:10,305 [Worker-71: Building] INFO  o.e.m.c.i.embedder.EclipseLogger - skip non existing resourceDirectory D:\Documents\QA Jobs\Test BL\TestingAPIBukalapak\JavaAPITesting\src\main\resources
2022-02-06 16:14:10,306 [Worker-71: Building] WARN  o.e.m.c.i.embedder.EclipseLogger - Using platform encoding (Cp1252 actually) to copy filtered resources, i.e. build is platform dependent!
2022-02-06 16:14:10,307 [Worker-71: Building] INFO  o.e.m.c.i.embedder.EclipseLogger - skip non existing resourceDirectory D:\Documents\QA Jobs\Test BL\TestingAPIBukalapak\JavaAPITesting\src\test\resources
2022-02-06 16:14:40,758 [Worker-72: Building] WARN  o.e.m.c.i.embedder.EclipseLogger - Using platform encoding (Cp1252 actually) to copy filtered resources, i.e. build is platform dependent!
2022-02-06 16:14:40,759 [Worker-72: Building] INFO  o.e.m.c.i.embedder.EclipseLogger - skip non existing resourceDirectory D:\Documents\QA Jobs\Test BL\TestingAPIBukalapak\JavaAPITesting\src\main\resources
2022-02-06 16:14:40,760 [Worker-72: Building] WARN  o.e.m.c.i.embedder.EclipseLogger - Using platform encoding (Cp1252 actually) to copy filtered resources, i.e. build is platform dependent!
2022-02-06 16:14:40,760 [Worker-72: Building] INFO  o.e.m.c.i.embedder.EclipseLogger - skip non existing resourceDirectory D:\Documents\QA Jobs\Test BL\TestingAPIBukalapak\JavaAPITesting\src\test\resources
2022-02-06 16:15:10,670 [Worker-69: Building] WARN  o.e.m.c.i.embedder.EclipseLogger - Using platform encoding (Cp1252 actually) to copy filtered resources, i.e. build is platform dependent!
2022-02-06 16:15:10,671 [Worker-69: Building] INFO  o.e.m.c.i.embedder.EclipseLogger - skip non existing resourceDirectory D:\Documents\QA Jobs\Test BL\TestingAPIBukalapak\JavaAPITesting\src\main\resources
2022-02-06 16:15:10,672 [Worker-69: Building] WARN  o.e.m.c.i.embedder.EclipseLogger - Using platform encoding (Cp1252 actually) to copy filtered resources, i.e. build is platform dependent!
2022-02-06 16:15:10,673 [Worker-69: Building] INFO  o.e.m.c.i.embedder.EclipseLogger - skip non existing resourceDirectory D:\Documents\QA Jobs\Test BL\TestingAPIBukalapak\JavaAPITesting\src\test\resources
2022-02-06 16:16:00,779 [Worker-64: Building] WARN  o.e.m.c.i.embedder.EclipseLogger - Using platform encoding (Cp1252 actually) to copy filtered resources, i.e. build is platform dependent!
2022-02-06 16:16:00,779 [Worker-64: Building] INFO  o.e.m.c.i.embedder.EclipseLogger - skip non existing resourceDirectory D:\Documents\QA Jobs\Test BL\TestingAPIBukalapak\JavaAPITesting\src\main\resources
2022-02-06 16:16:00,780 [Worker-64: Building] WARN  o.e.m.c.i.embedder.EclipseLogger - Using platform encoding (Cp1252 actually) to copy filtered resources, i.e. build is platform dependent!
2022-02-06 16:16:00,781 [Worker-64: Building] INFO  o.e.m.c.i.embedder.EclipseLogger - skip non existing resourceDirectory D:\Documents\QA Jobs\Test BL\TestingAPIBukalapak\JavaAPITesting\src\test\resources
2022-02-06 16:17:33,633 [Worker-72: Building] WARN  o.e.m.c.i.embedder.EclipseLogger - Using platform encoding (Cp1252 actually) to copy filtered resources, i.e. build is platform dependent!
2022-02-06 16:17:33,634 [Worker-72: Building] INFO  o.e.m.c.i.embedder.EclipseLogger - skip non existing resourceDirectory D:\Documents\QA Jobs\Test BL\TestingAPIBukalapak\JavaAPITesting\src\main\resources
2022-02-06 16:17:33,635 [Worker-72: Building] WARN  o.e.m.c.i.embedder.EclipseLogger - Using platform encoding (Cp1252 actually) to copy filtered resources, i.e. build is platform dependent!
2022-02-06 16:17:33,635 [Worker-72: Building] INFO  o.e.m.c.i.embedder.EclipseLogger - skip non existing resourceDirectory D:\Documents\QA Jobs\Test BL\TestingAPIBukalapak\JavaAPITesting\src\test\resources
2022-02-06 16:17:38,326 [Worker-69: Building] WARN  o.e.m.c.i.embedder.EclipseLogger - Using platform encoding (Cp1252 actually) to copy filtered resources, i.e. build is platform dependent!
2022-02-06 16:17:38,327 [Worker-69: Building] INFO  o.e.m.c.i.embedder.EclipseLogger - skip non existing resourceDirectory D:\Documents\QA Jobs\Test BL\TestingAPIBukalapak\JavaAPITesting\src\main\resources
2022-02-06 16:17:38,328 [Worker-69: Building] WARN  o.e.m.c.i.embedder.EclipseLogger - Using platform encoding (Cp1252 actually) to copy filtered resources, i.e. build is platform dependent!
2022-02-06 16:17:38,329 [Worker-69: Building] INFO  o.e.m.c.i.embedder.EclipseLogger - skip non existing resourceDirectory D:\Documents\QA Jobs\Test BL\TestingAPIBukalapak\JavaAPITesting\src\test\resources
2022-02-06 16:18:18,269 [Worker-69: Building] WARN  o.e.m.c.i.embedder.EclipseLogger - Using platform encoding (Cp1252 actually) to copy filtered resources, i.e. build is platform dependent!
2022-02-06 16:18:18,270 [Worker-69: Building] INFO  o.e.m.c.i.embedder.EclipseLogger - skip non existing resourceDirectory D:\Documents\QA Jobs\Test BL\TestingAPIBukalapak\JavaAPITesting\src\main\resources
2022-02-06 16:18:18,271 [Worker-69: Building] WARN  o.e.m.c.i.embedder.EclipseLogger - Using platform encoding (Cp1252 actually) to copy filtered resources, i.e. build is platform dependent!
2022-02-06 16:18:18,271 [Worker-69: Building] INFO  o.e.m.c.i.embedder.EclipseLogger - skip non existing resourceDirectory D:\Documents\QA Jobs\Test BL\TestingAPIBukalapak\JavaAPITesting\src\test\resources
2022-02-06 16:21:40,227 [Worker-70: Building] WARN  o.e.m.c.i.embedder.EclipseLogger - Using platform encoding (Cp1252 actually) to copy filtered resources, i.e. build is platform dependent!
2022-02-06 16:21:40,228 [Worker-70: Building] INFO  o.e.m.c.i.embedder.EclipseLogger - skip non existing resourceDirectory D:\Documents\QA Jobs\Test BL\TestingAPIBukalapak\JavaAPITesting\src\main\resources
2022-02-06 16:21:40,229 [Worker-70: Building] WARN  o.e.m.c.i.embedder.EclipseLogger - Using platform encoding (Cp1252 actually) to copy filtered resources, i.e. build is platform dependent!
2022-02-06 16:21:40,230 [Worker-70: Building] INFO  o.e.m.c.i.embedder.EclipseLogger - skip non existing resourceDirectory D:\Documents\QA Jobs\Test BL\TestingAPIBukalapak\JavaAPITesting\src\test\resources
2022-02-06 16:22:05,089 [Worker-74: Building] WARN  o.e.m.c.i.embedder.EclipseLogger - Using platform encoding (Cp1252 actually) to copy filtered resources, i.e. build is platform dependent!
2022-02-06 16:22:05,091 [Worker-74: Building] INFO  o.e.m.c.i.embedder.EclipseLogger - skip non existing resourceDirectory D:\Documents\QA Jobs\Test BL\TestingAPIBukalapak\JavaAPITesting\src\main\resources
2022-02-06 16:22:05,092 [Worker-74: Building] WARN  o.e.m.c.i.embedder.EclipseLogger - Using platform encoding (Cp1252 actually) to copy filtered resources, i.e. build is platform dependent!
2022-02-06 16:22:05,093 [Worker-74: Building] INFO  o.e.m.c.i.embedder.EclipseLogger - skip non existing resourceDirectory D:\Documents\QA Jobs\Test BL\TestingAPIBukalapak\JavaAPITesting\src\test\resources
2022-02-06 16:22:09,222 [Worker-72: Building] WARN  o.e.m.c.i.embedder.EclipseLogger - Using platform encoding (Cp1252 actually) to copy filtered resources, i.e. build is platform dependent!
2022-02-06 16:22:09,222 [Worker-72: Building] INFO  o.e.m.c.i.embedder.EclipseLogger - skip non existing resourceDirectory D:\Documents\QA Jobs\Test BL\TestingAPIBukalapak\JavaAPITesting\src\main\resources
2022-02-06 16:22:09,223 [Worker-72: Building] WARN  o.e.m.c.i.embedder.EclipseLogger - Using platform encoding (Cp1252 actually) to copy filtered resources, i.e. build is platform dependent!
2022-02-06 16:22:09,224 [Worker-72: Building] INFO  o.e.m.c.i.embedder.EclipseLogger - skip non existing resourceDirectory D:\Documents\QA Jobs\Test BL\TestingAPIBukalapak\JavaAPITesting\src\test\resources
2022-02-06 16:25:32,671 [Worker-74: Building] WARN  o.e.m.c.i.embedder.EclipseLogger - Using platform encoding (Cp1252 actually) to copy filtered resources, i.e. build is platform dependent!
2022-02-06 16:25:32,671 [Worker-74: Building] INFO  o.e.m.c.i.embedder.EclipseLogger - skip non existing resourceDirectory D:\Documents\QA Jobs\Test BL\TestingAPIBukalapak\JavaAPITesting\src\main\resources
2022-02-06 16:25:32,672 [Worker-74: Building] WARN  o.e.m.c.i.embedder.EclipseLogger - Using platform encoding (Cp1252 actually) to copy filtered resources, i.e. build is platform dependent!
2022-02-06 16:25:32,673 [Worker-74: Building] INFO  o.e.m.c.i.embedder.EclipseLogger - skip non existing resourceDirectory D:\Documents\QA Jobs\Test BL\TestingAPIBukalapak\JavaAPITesting\src\test\resources
2022-02-06 16:27:51,599 [Worker-75: Building] WARN  o.e.m.c.i.embedder.EclipseLogger - Using platform encoding (Cp1252 actually) to copy filtered resources, i.e. build is platform dependent!
2022-02-06 16:27:51,600 [Worker-75: Building] INFO  o.e.m.c.i.embedder.EclipseLogger - skip non existing resourceDirectory D:\Documents\QA Jobs\Test BL\TestingAPIBukalapak\JavaAPITesting\src\main\resources
2022-02-06 16:27:51,601 [Worker-75: Building] WARN  o.e.m.c.i.embedder.EclipseLogger - Using platform encoding (Cp1252 actually) to copy filtered resources, i.e. build is platform dependent!
2022-02-06 16:27:51,602 [Worker-75: Building] INFO  o.e.m.c.i.embedder.EclipseLogger - skip non existing resourceDirectory D:\Documents\QA Jobs\Test BL\TestingAPIBukalapak\JavaAPITesting\src\test\resources
2022-02-06 16:28:12,553 [Worker-81: Building] WARN  o.e.m.c.i.embedder.EclipseLogger - Using platform encoding (Cp1252 actually) to copy filtered resources, i.e. build is platform dependent!
2022-02-06 16:28:12,554 [Worker-81: Building] INFO  o.e.m.c.i.embedder.EclipseLogger - skip non existing resourceDirectory D:\Documents\QA Jobs\Test BL\TestingAPIBukalapak\JavaAPITesting\src\main\resources
2022-02-06 16:28:12,555 [Worker-81: Building] WARN  o.e.m.c.i.embedder.EclipseLogger - Using platform encoding (Cp1252 actually) to copy filtered resources, i.e. build is platform dependent!
2022-02-06 16:28:12,556 [Worker-81: Building] INFO  o.e.m.c.i.embedder.EclipseLogger - skip non existing resourceDirectory D:\Documents\QA Jobs\Test BL\TestingAPIBukalapak\JavaAPITesting\src\test\resources
2022-02-06 16:32:13,619 [Worker-83: Building] WARN  o.e.m.c.i.embedder.EclipseLogger - Using platform encoding (Cp1252 actually) to copy filtered resources, i.e. build is platform dependent!
2022-02-06 16:32:13,620 [Worker-83: Building] INFO  o.e.m.c.i.embedder.EclipseLogger - skip non existing resourceDirectory D:\Documents\QA Jobs\Test BL\TestingAPIBukalapak\JavaAPITesting\src\main\resources
2022-02-06 16:32:13,621 [Worker-83: Building] WARN  o.e.m.c.i.embedder.EclipseLogger - Using platform encoding (Cp1252 actually) to copy filtered resources, i.e. build is platform dependent!
2022-02-06 16:32:13,621 [Worker-83: Building] INFO  o.e.m.c.i.embedder.EclipseLogger - skip non existing resourceDirectory D:\Documents\QA Jobs\Test BL\TestingAPIBukalapak\JavaAPITesting\src\test\resources
2022-02-06 16:32:54,488 [Worker-84: Building] WARN  o.e.m.c.i.embedder.EclipseLogger - Using platform encoding (Cp1252 actually) to copy filtered resources, i.e. build is platform dependent!
2022-02-06 16:32:54,489 [Worker-84: Building] INFO  o.e.m.c.i.embedder.EclipseLogger - skip non existing resourceDirectory D:\Documents\QA Jobs\Test BL\TestingAPIBukalapak\JavaAPITesting\src\main\resources
2022-02-06 16:32:54,491 [Worker-84: Building] WARN  o.e.m.c.i.embedder.EclipseLogger - Using platform encoding (Cp1252 actually) to copy filtered resources, i.e. build is platform dependent!
2022-02-06 16:32:54,491 [Worker-84: Building] INFO  o.e.m.c.i.embedder.EclipseLogger - skip non existing resourceDirectory D:\Documents\QA Jobs\Test BL\TestingAPIBukalapak\JavaAPITesting\src\test\resources
2022-02-06 16:36:55,778 [Worker-85: Building] WARN  o.e.m.c.i.embedder.EclipseLogger - Using platform encoding (Cp1252 actually) to copy filtered resources, i.e. build is platform dependent!
2022-02-06 16:36:55,779 [Worker-85: Building] INFO  o.e.m.c.i.embedder.EclipseLogger - skip non existing resourceDirectory D:\Documents\QA Jobs\Test BL\TestingAPIBukalapak\JavaAPITesting\src\main\resources
2022-02-06 16:36:55,780 [Worker-85: Building] WARN  o.e.m.c.i.embedder.EclipseLogger - Using platform encoding (Cp1252 actually) to copy filtered resources, i.e. build is platform dependent!
2022-02-06 16:36:55,781 [Worker-85: Building] INFO  o.e.m.c.i.embedder.EclipseLogger - skip non existing resourceDirectory D:\Documents\QA Jobs\Test BL\TestingAPIBukalapak\JavaAPITesting\src\test\resources
2022-02-06 16:38:49,586 [Worker-81: Building] WARN  o.e.m.c.i.embedder.EclipseLogger - Using platform encoding (Cp1252 actually) to copy filtered resources, i.e. build is platform dependent!
2022-02-06 16:38:49,587 [Worker-81: Building] INFO  o.e.m.c.i.embedder.EclipseLogger - skip non existing resourceDirectory D:\Documents\QA Jobs\Test BL\TestingAPIBukalapak\JavaAPITesting\src\main\resources
2022-02-06 16:38:49,588 [Worker-81: Building] WARN  o.e.m.c.i.embedder.EclipseLogger - Using platform encoding (Cp1252 actually) to copy filtered resources, i.e. build is platform dependent!
2022-02-06 16:38:49,589 [Worker-81: Building] INFO  o.e.m.c.i.embedder.EclipseLogger - skip non existing resourceDirectory D:\Documents\QA Jobs\Test BL\TestingAPIBukalapak\JavaAPITesting\src\test\resources
2022-02-06 16:39:13,757 [Worker-85: Building] WARN  o.e.m.c.i.embedder.EclipseLogger - Using platform encoding (Cp1252 actually) to copy filtered resources, i.e. build is platform dependent!
2022-02-06 16:39:13,758 [Worker-85: Building] INFO  o.e.m.c.i.embedder.EclipseLogger - skip non existing resourceDirectory D:\Documents\QA Jobs\Test BL\TestingAPIBukalapak\JavaAPITesting\src\main\resources
2022-02-06 16:39:13,759 [Worker-85: Building] WARN  o.e.m.c.i.embedder.EclipseLogger - Using platform encoding (Cp1252 actually) to copy filtered resources, i.e. build is platform dependent!
2022-02-06 16:39:13,760 [Worker-85: Building] INFO  o.e.m.c.i.embedder.EclipseLogger - skip non existing resourceDirectory D:\Documents\QA Jobs\Test BL\TestingAPIBukalapak\JavaAPITesting\src\test\resources
2022-02-06 16:41:13,820 [Worker-87: Building] WARN  o.e.m.c.i.embedder.EclipseLogger - Using platform encoding (Cp1252 actually) to copy filtered resources, i.e. build is platform dependent!
2022-02-06 16:41:13,821 [Worker-87: Building] INFO  o.e.m.c.i.embedder.EclipseLogger - skip non existing resourceDirectory D:\Documents\QA Jobs\Test BL\TestingAPIBukalapak\JavaAPITesting\src\main\resources
2022-02-06 16:41:13,822 [Worker-87: Building] WARN  o.e.m.c.i.embedder.EclipseLogger - Using platform encoding (Cp1252 actually) to copy filtered resources, i.e. build is platform dependent!
2022-02-06 16:41:13,822 [Worker-87: Building] INFO  o.e.m.c.i.embedder.EclipseLogger - skip non existing resourceDirectory D:\Documents\QA Jobs\Test BL\TestingAPIBukalapak\JavaAPITesting\src\test\resources
2022-02-06 16:41:54,484 [Worker-93: Building] WARN  o.e.m.c.i.embedder.EclipseLogger - Using platform encoding (Cp1252 actually) to copy filtered resources, i.e. build is platform dependent!
2022-02-06 16:41:54,485 [Worker-93: Building] INFO  o.e.m.c.i.embedder.EclipseLogger - skip non existing resourceDirectory D:\Documents\QA Jobs\Test BL\TestingAPIBukalapak\JavaAPITesting\src\main\resources
2022-02-06 16:41:54,486 [Worker-93: Building] WARN  o.e.m.c.i.embedder.EclipseLogger - Using platform encoding (Cp1252 actually) to copy filtered resources, i.e. build is platform dependent!
2022-02-06 16:41:54,487 [Worker-93: Building] INFO  o.e.m.c.i.embedder.EclipseLogger - skip non existing resourceDirectory D:\Documents\QA Jobs\Test BL\TestingAPIBukalapak\JavaAPITesting\src\test\resources
2022-02-06 16:42:38,815 [Worker-87: Building] WARN  o.e.m.c.i.embedder.EclipseLogger - Using platform encoding (Cp1252 actually) to copy filtered resources, i.e. build is platform dependent!
2022-02-06 16:42:38,816 [Worker-87: Building] INFO  o.e.m.c.i.embedder.EclipseLogger - skip non existing resourceDirectory D:\Documents\QA Jobs\Test BL\TestingAPIBukalapak\JavaAPITesting\src\main\resources
2022-02-06 16:42:38,817 [Worker-87: Building] WARN  o.e.m.c.i.embedder.EclipseLogger - Using platform encoding (Cp1252 actually) to copy filtered resources, i.e. build is platform dependent!
2022-02-06 16:42:38,818 [Worker-87: Building] INFO  o.e.m.c.i.embedder.EclipseLogger - skip non existing resourceDirectory D:\Documents\QA Jobs\Test BL\TestingAPIBukalapak\JavaAPITesting\src\test\resources
2022-02-06 16:44:22,616 [Worker-85: Building] WARN  o.e.m.c.i.embedder.EclipseLogger - Using platform encoding (Cp1252 actually) to copy filtered resources, i.e. build is platform dependent!
2022-02-06 16:44:22,617 [Worker-85: Building] INFO  o.e.m.c.i.embedder.EclipseLogger - skip non existing resourceDirectory D:\Documents\QA Jobs\Test BL\TestingAPIBukalapak\JavaAPITesting\src\main\resources
2022-02-06 16:44:22,618 [Worker-85: Building] WARN  o.e.m.c.i.embedder.EclipseLogger - Using platform encoding (Cp1252 actually) to copy filtered resources, i.e. build is platform dependent!
2022-02-06 16:44:22,618 [Worker-85: Building] INFO  o.e.m.c.i.embedder.EclipseLogger - skip non existing resourceDirectory D:\Documents\QA Jobs\Test BL\TestingAPIBukalapak\JavaAPITesting\src\test\resources
2022-02-06 16:46:23,576 [Worker-95: Building] WARN  o.e.m.c.i.embedder.EclipseLogger - Using platform encoding (Cp1252 actually) to copy filtered resources, i.e. build is platform dependent!
2022-02-06 16:46:23,577 [Worker-95: Building] INFO  o.e.m.c.i.embedder.EclipseLogger - skip non existing resourceDirectory D:\Documents\QA Jobs\Test BL\TestingAPIBukalapak\JavaAPITesting\src\main\resources
2022-02-06 16:46:23,578 [Worker-95: Building] WARN  o.e.m.c.i.embedder.EclipseLogger - Using platform encoding (Cp1252 actually) to copy filtered resources, i.e. build is platform dependent!
2022-02-06 16:46:23,578 [Worker-95: Building] INFO  o.e.m.c.i.embedder.EclipseLogger - skip non existing resourceDirectory D:\Documents\QA Jobs\Test BL\TestingAPIBukalapak\JavaAPITesting\src\test\resources
2022-02-06 16:47:05,565 [Worker-96: Building] WARN  o.e.m.c.i.embedder.EclipseLogger - Using platform encoding (Cp1252 actually) to copy filtered resources, i.e. build is platform dependent!
2022-02-06 16:47:05,566 [Worker-96: Building] INFO  o.e.m.c.i.embedder.EclipseLogger - skip non existing resourceDirectory D:\Documents\QA Jobs\Test BL\TestingAPIBukalapak\JavaAPITesting\src\main\resources
2022-02-06 16:47:05,567 [Worker-96: Building] WARN  o.e.m.c.i.embedder.EclipseLogger - Using platform encoding (Cp1252 actually) to copy filtered resources, i.e. build is platform dependent!
2022-02-06 16:47:05,568 [Worker-96: Building] INFO  o.e.m.c.i.embedder.EclipseLogger - skip non existing resourceDirectory D:\Documents\QA Jobs\Test BL\TestingAPIBukalapak\JavaAPITesting\src\test\resources
2022-02-06 16:47:48,095 [Worker-97: Building] WARN  o.e.m.c.i.embedder.EclipseLogger - Using platform encoding (Cp1252 actually) to copy filtered resources, i.e. build is platform dependent!
2022-02-06 16:47:48,096 [Worker-97: Building] INFO  o.e.m.c.i.embedder.EclipseLogger - skip non existing resourceDirectory D:\Documents\QA Jobs\Test BL\TestingAPIBukalapak\JavaAPITesting\src\main\resources
2022-02-06 16:47:48,097 [Worker-97: Building] WARN  o.e.m.c.i.embedder.EclipseLogger - Using platform encoding (Cp1252 actually) to copy filtered resources, i.e. build is platform dependent!
2022-02-06 16:47:48,098 [Worker-97: Building] INFO  o.e.m.c.i.embedder.EclipseLogger - skip non existing resourceDirectory D:\Documents\QA Jobs\Test BL\TestingAPIBukalapak\JavaAPITesting\src\test\resources
2022-02-06 16:48:02,937 [Worker-99: Building] WARN  o.e.m.c.i.embedder.EclipseLogger - Using platform encoding (Cp1252 actually) to copy filtered resources, i.e. build is platform dependent!
2022-02-06 16:48:02,938 [Worker-99: Building] INFO  o.e.m.c.i.embedder.EclipseLogger - skip non existing resourceDirectory D:\Documents\QA Jobs\Test BL\TestingAPIBukalapak\JavaAPITesting\src\main\resources
2022-02-06 16:48:02,939 [Worker-99: Building] WARN  o.e.m.c.i.embedder.EclipseLogger - Using platform encoding (Cp1252 actually) to copy filtered resources, i.e. build is platform dependent!
2022-02-06 16:48:02,939 [Worker-99: Building] INFO  o.e.m.c.i.embedder.EclipseLogger - skip non existing resourceDirectory D:\Documents\QA Jobs\Test BL\TestingAPIBukalapak\JavaAPITesting\src\test\resources
2022-02-06 16:49:33,172 [Worker-97: Building] WARN  o.e.m.c.i.embedder.EclipseLogger - Using platform encoding (Cp1252 actually) to copy filtered resources, i.e. build is platform dependent!
2022-02-06 16:49:33,172 [Worker-97: Building] INFO  o.e.m.c.i.embedder.EclipseLogger - skip non existing resourceDirectory D:\Documents\QA Jobs\Test BL\TestingAPIBukalapak\JavaAPITesting\src\main\resources
2022-02-06 16:49:33,173 [Worker-97: Building] WARN  o.e.m.c.i.embedder.EclipseLogger - Using platform encoding (Cp1252 actually) to copy filtered resources, i.e. build is platform dependent!
2022-02-06 16:49:33,174 [Worker-97: Building] INFO  o.e.m.c.i.embedder.EclipseLogger - skip non existing resourceDirectory D:\Documents\QA Jobs\Test BL\TestingAPIBukalapak\JavaAPITesting\src\test\resources
2022-02-06 16:50:13,157 [Worker-95: Building] WARN  o.e.m.c.i.embedder.EclipseLogger - Using platform encoding (Cp1252 actually) to copy filtered resources, i.e. build is platform dependent!
2022-02-06 16:50:13,158 [Worker-95: Building] INFO  o.e.m.c.i.embedder.EclipseLogger - skip non existing resourceDirectory D:\Documents\QA Jobs\Test BL\TestingAPIBukalapak\JavaAPITesting\src\main\resources
2022-02-06 16:50:13,159 [Worker-95: Building] WARN  o.e.m.c.i.embedder.EclipseLogger - Using platform encoding (Cp1252 actually) to copy filtered resources, i.e. build is platform dependent!
2022-02-06 16:50:13,160 [Worker-95: Building] INFO  o.e.m.c.i.embedder.EclipseLogger - skip non existing resourceDirectory D:\Documents\QA Jobs\Test BL\TestingAPIBukalapak\JavaAPITesting\src\test\resources
2022-02-06 16:50:57,153 [Worker-99: Building] WARN  o.e.m.c.i.embedder.EclipseLogger - Using platform encoding (Cp1252 actually) to copy filtered resources, i.e. build is platform dependent!
2022-02-06 16:50:57,154 [Worker-99: Building] INFO  o.e.m.c.i.embedder.EclipseLogger - skip non existing resourceDirectory D:\Documents\QA Jobs\Test BL\TestingAPIBukalapak\JavaAPITesting\src\main\resources
2022-02-06 16:50:57,155 [Worker-99: Building] WARN  o.e.m.c.i.embedder.EclipseLogger - Using platform encoding (Cp1252 actually) to copy filtered resources, i.e. build is platform dependent!
2022-02-06 16:50:57,156 [Worker-99: Building] INFO  o.e.m.c.i.embedder.EclipseLogger - skip non existing resourceDirectory D:\Documents\QA Jobs\Test BL\TestingAPIBukalapak\JavaAPITesting\src\test\resources
2022-02-06 16:52:59,850 [Worker-99: Building] WARN  o.e.m.c.i.embedder.EclipseLogger - Using platform encoding (Cp1252 actually) to copy filtered resources, i.e. build is platform dependent!
2022-02-06 16:52:59,851 [Worker-99: Building] INFO  o.e.m.c.i.embedder.EclipseLogger - skip non existing resourceDirectory D:\Documents\QA Jobs\Test BL\TestingAPIBukalapak\JavaAPITesting\src\main\resources
2022-02-06 16:52:59,852 [Worker-99: Building] WARN  o.e.m.c.i.embedder.EclipseLogger - Using platform encoding (Cp1252 actually) to copy filtered resources, i.e. build is platform dependent!
2022-02-06 16:52:59,853 [Worker-99: Building] INFO  o.e.m.c.i.embedder.EclipseLogger - skip non existing resourceDirectory D:\Documents\QA Jobs\Test BL\TestingAPIBukalapak\JavaAPITesting\src\test\resources
2022-02-06 16:58:47,474 [Worker-101: Building] WARN  o.e.m.c.i.embedder.EclipseLogger - Using platform encoding (Cp1252 actually) to copy filtered resources, i.e. build is platform dependent!
2022-02-06 16:58:47,474 [Worker-101: Building] INFO  o.e.m.c.i.embedder.EclipseLogger - skip non existing resourceDirectory D:\Documents\QA Jobs\Test BL\TestingAPIBukalapak\JavaAPITesting\src\main\resources
2022-02-06 16:58:47,475 [Worker-101: Building] WARN  o.e.m.c.i.embedder.EclipseLogger - Using platform encoding (Cp1252 actually) to copy filtered resources, i.e. build is platform dependent!
2022-02-06 16:58:47,476 [Worker-101: Building] INFO  o.e.m.c.i.embedder.EclipseLogger - skip non existing resourceDirectory D:\Documents\QA Jobs\Test BL\TestingAPIBukalapak\JavaAPITesting\src\test\resources
2022-02-06 17:01:22,740 [Worker-106: Building] WARN  o.e.m.c.i.embedder.EclipseLogger - Using platform encoding (Cp1252 actually) to copy filtered resources, i.e. build is platform dependent!
2022-02-06 17:01:22,741 [Worker-106: Building] INFO  o.e.m.c.i.embedder.EclipseLogger - skip non existing resourceDirectory D:\Documents\QA Jobs\Test BL\TestingAPIBukalapak\JavaAPITesting\src\main\resources
2022-02-06 17:01:22,742 [Worker-106: Building] WARN  o.e.m.c.i.embedder.EclipseLogger - Using platform encoding (Cp1252 actually) to copy filtered resources, i.e. build is platform dependent!
2022-02-06 17:01:22,743 [Worker-106: Building] INFO  o.e.m.c.i.embedder.EclipseLogger - skip non existing resourceDirectory D:\Documents\QA Jobs\Test BL\TestingAPIBukalapak\JavaAPITesting\src\test\resources
2022-02-06 17:14:00,139 [Worker-111: Building] WARN  o.e.m.c.i.embedder.EclipseLogger - Using platform encoding (Cp1252 actually) to copy filtered resources, i.e. build is platform dependent!
2022-02-06 17:14:00,140 [Worker-111: Building] INFO  o.e.m.c.i.embedder.EclipseLogger - skip non existing resourceDirectory D:\Documents\QA Jobs\Test BL\TestingAPIBukalapak\JavaAPITesting\src\main\resources
2022-02-06 17:14:00,141 [Worker-111: Building] WARN  o.e.m.c.i.embedder.EclipseLogger - Using platform encoding (Cp1252 actually) to copy filtered resources, i.e. build is platform dependent!
2022-02-06 17:14:00,142 [Worker-111: Building] INFO  o.e.m.c.i.embedder.EclipseLogger - skip non existing resourceDirectory D:\Documents\QA Jobs\Test BL\TestingAPIBukalapak\JavaAPITesting\src\test\resources
2022-02-06 17:14:36,696 [Worker-111: Building] WARN  o.e.m.c.i.embedder.EclipseLogger - Using platform encoding (Cp1252 actually) to copy filtered resources, i.e. build is platform dependent!
2022-02-06 17:14:36,696 [Worker-111: Building] INFO  o.e.m.c.i.embedder.EclipseLogger - skip non existing resourceDirectory D:\Documents\QA Jobs\Test BL\TestingAPIBukalapak\JavaAPITesting\src\main\resources
2022-02-06 17:14:36,697 [Worker-111: Building] WARN  o.e.m.c.i.embedder.EclipseLogger - Using platform encoding (Cp1252 actually) to copy filtered resources, i.e. build is platform dependent!
2022-02-06 17:14:36,698 [Worker-111: Building] INFO  o.e.m.c.i.embedder.EclipseLogger - skip non existing resourceDirectory D:\Documents\QA Jobs\Test BL\TestingAPIBukalapak\JavaAPITesting\src\test\resources
2022-02-06 17:16:41,544 [Worker-112: Building] WARN  o.e.m.c.i.embedder.EclipseLogger - Using platform encoding (Cp1252 actually) to copy filtered resources, i.e. build is platform dependent!
2022-02-06 17:16:41,545 [Worker-112: Building] INFO  o.e.m.c.i.embedder.EclipseLogger - skip non existing resourceDirectory D:\Documents\QA Jobs\Test BL\TestingAPIBukalapak\JavaAPITesting\src\main\resources
2022-02-06 17:16:41,546 [Worker-112: Building] WARN  o.e.m.c.i.embedder.EclipseLogger - Using platform encoding (Cp1252 actually) to copy filtered resources, i.e. build is platform dependent!
2022-02-06 17:16:41,547 [Worker-112: Building] INFO  o.e.m.c.i.embedder.EclipseLogger - skip non existing resourceDirectory D:\Documents\QA Jobs\Test BL\TestingAPIBukalapak\JavaAPITesting\src\test\resources
2022-02-06 17:17:11,553 [Worker-109: Building] WARN  o.e.m.c.i.embedder.EclipseLogger - Using platform encoding (Cp1252 actually) to copy filtered resources, i.e. build is platform dependent!
2022-02-06 17:17:11,554 [Worker-109: Building] INFO  o.e.m.c.i.embedder.EclipseLogger - skip non existing resourceDirectory D:\Documents\QA Jobs\Test BL\TestingAPIBukalapak\JavaAPITesting\src\main\resources
2022-02-06 17:17:11,555 [Worker-109: Building] WARN  o.e.m.c.i.embedder.EclipseLogger - Using platform encoding (Cp1252 actually) to copy filtered resources, i.e. build is platform dependent!
2022-02-06 17:17:11,556 [Worker-109: Building] INFO  o.e.m.c.i.embedder.EclipseLogger - skip non existing resourceDirectory D:\Documents\QA Jobs\Test BL\TestingAPIBukalapak\JavaAPITesting\src\test\resources
2022-02-06 17:17:19,054 [Worker-106: Building] WARN  o.e.m.c.i.embedder.EclipseLogger - Using platform encoding (Cp1252 actually) to copy filtered resources, i.e. build is platform dependent!
2022-02-06 17:17:19,055 [Worker-106: Building] INFO  o.e.m.c.i.embedder.EclipseLogger - skip non existing resourceDirectory D:\Documents\QA Jobs\Test BL\TestingAPIBukalapak\JavaAPITesting\src\main\resources
2022-02-06 17:17:19,056 [Worker-106: Building] WARN  o.e.m.c.i.embedder.EclipseLogger - Using platform encoding (Cp1252 actually) to copy filtered resources, i.e. build is platform dependent!
2022-02-06 17:17:19,057 [Worker-106: Building] INFO  o.e.m.c.i.embedder.EclipseLogger - skip non existing resourceDirectory D:\Documents\QA Jobs\Test BL\TestingAPIBukalapak\JavaAPITesting\src\test\resources
2022-02-06 17:17:49,571 [Worker-106: Building] WARN  o.e.m.c.i.embedder.EclipseLogger - Using platform encoding (Cp1252 actually) to copy filtered resources, i.e. build is platform dependent!
2022-02-06 17:17:49,572 [Worker-106: Building] INFO  o.e.m.c.i.embedder.EclipseLogger - skip non existing resourceDirectory D:\Documents\QA Jobs\Test BL\TestingAPIBukalapak\JavaAPITesting\src\main\resources
2022-02-06 17:17:49,573 [Worker-106: Building] WARN  o.e.m.c.i.embedder.EclipseLogger - Using platform encoding (Cp1252 actually) to copy filtered resources, i.e. build is platform dependent!
2022-02-06 17:17:49,573 [Worker-106: Building] INFO  o.e.m.c.i.embedder.EclipseLogger - skip non existing resourceDirectory D:\Documents\QA Jobs\Test BL\TestingAPIBukalapak\JavaAPITesting\src\test\resources
2022-02-06 17:18:00,895 [Worker-112: Building] WARN  o.e.m.c.i.embedder.EclipseLogger - Using platform encoding (Cp1252 actually) to copy filtered resources, i.e. build is platform dependent!
2022-02-06 17:18:00,896 [Worker-112: Building] INFO  o.e.m.c.i.embedder.EclipseLogger - skip non existing resourceDirectory D:\Documents\QA Jobs\Test BL\TestingAPIBukalapak\JavaAPITesting\src\main\resources
2022-02-06 17:18:00,897 [Worker-112: Building] WARN  o.e.m.c.i.embedder.EclipseLogger - Using platform encoding (Cp1252 actually) to copy filtered resources, i.e. build is platform dependent!
2022-02-06 17:18:00,897 [Worker-112: Building] INFO  o.e.m.c.i.embedder.EclipseLogger - skip non existing resourceDirectory D:\Documents\QA Jobs\Test BL\TestingAPIBukalapak\JavaAPITesting\src\test\resources
2022-02-06 17:18:14,170 [Worker-112: Building] WARN  o.e.m.c.i.embedder.EclipseLogger - Using platform encoding (Cp1252 actually) to copy filtered resources, i.e. build is platform dependent!
2022-02-06 17:18:14,170 [Worker-112: Building] INFO  o.e.m.c.i.embedder.EclipseLogger - skip non existing resourceDirectory D:\Documents\QA Jobs\Test BL\TestingAPIBukalapak\JavaAPITesting\src\main\resources
2022-02-06 17:18:14,171 [Worker-112: Building] WARN  o.e.m.c.i.embedder.EclipseLogger - Using platform encoding (Cp1252 actually) to copy filtered resources, i.e. build is platform dependent!
2022-02-06 17:18:14,172 [Worker-112: Building] INFO  o.e.m.c.i.embedder.EclipseLogger - skip non existing resourceDirectory D:\Documents\QA Jobs\Test BL\TestingAPIBukalapak\JavaAPITesting\src\test\resources
2022-02-06 17:19:01,213 [Worker-109: Building] WARN  o.e.m.c.i.embedder.EclipseLogger - Using platform encoding (Cp1252 actually) to copy filtered resources, i.e. build is platform dependent!
2022-02-06 17:19:01,214 [Worker-109: Building] INFO  o.e.m.c.i.embedder.EclipseLogger - skip non existing resourceDirectory D:\Documents\QA Jobs\Test BL\TestingAPIBukalapak\JavaAPITesting\src\main\resources
2022-02-06 17:19:01,215 [Worker-109: Building] WARN  o.e.m.c.i.embedder.EclipseLogger - Using platform encoding (Cp1252 actually) to copy filtered resources, i.e. build is platform dependent!
2022-02-06 17:19:01,215 [Worker-109: Building] INFO  o.e.m.c.i.embedder.EclipseLogger - skip non existing resourceDirectory D:\Documents\QA Jobs\Test BL\TestingAPIBukalapak\JavaAPITesting\src\test\resources
2022-02-06 17:19:21,333 [Worker-111: Building] WARN  o.e.m.c.i.embedder.EclipseLogger - Using platform encoding (Cp1252 actually) to copy filtered resources, i.e. build is platform dependent!
2022-02-06 17:19:21,334 [Worker-111: Building] INFO  o.e.m.c.i.embedder.EclipseLogger - skip non existing resourceDirectory D:\Documents\QA Jobs\Test BL\TestingAPIBukalapak\JavaAPITesting\src\main\resources
2022-02-06 17:19:21,335 [Worker-111: Building] WARN  o.e.m.c.i.embedder.EclipseLogger - Using platform encoding (Cp1252 actually) to copy filtered resources, i.e. build is platform dependent!
2022-02-06 17:19:21,335 [Worker-111: Building] INFO  o.e.m.c.i.embedder.EclipseLogger - skip non existing resourceDirectory D:\Documents\QA Jobs\Test BL\TestingAPIBukalapak\JavaAPITesting\src\test\resources
2022-02-06 17:19:44,166 [Worker-109: Building] WARN  o.e.m.c.i.embedder.EclipseLogger - Using platform encoding (Cp1252 actually) to copy filtered resources, i.e. build is platform dependent!
2022-02-06 17:19:44,167 [Worker-109: Building] INFO  o.e.m.c.i.embedder.EclipseLogger - skip non existing resourceDirectory D:\Documents\QA Jobs\Test BL\TestingAPIBukalapak\JavaAPITesting\src\main\resources
2022-02-06 17:19:44,168 [Worker-109: Building] WARN  o.e.m.c.i.embedder.EclipseLogger - Using platform encoding (Cp1252 actually) to copy filtered resources, i.e. build is platform dependent!
2022-02-06 17:19:44,169 [Worker-109: Building] INFO  o.e.m.c.i.embedder.EclipseLogger - skip non existing resourceDirectory D:\Documents\QA Jobs\Test BL\TestingAPIBukalapak\JavaAPITesting\src\test\resources
2022-02-06 17:20:04,800 [Worker-113: Building] WARN  o.e.m.c.i.embedder.EclipseLogger - Using platform encoding (Cp1252 actually) to copy filtered resources, i.e. build is platform dependent!
2022-02-06 17:20:04,801 [Worker-113: Building] INFO  o.e.m.c.i.embedder.EclipseLogger - skip non existing resourceDirectory D:\Documents\QA Jobs\Test BL\TestingAPIBukalapak\JavaAPITesting\src\main\resources
2022-02-06 17:20:04,802 [Worker-113: Building] WARN  o.e.m.c.i.embedder.EclipseLogger - Using platform encoding (Cp1252 actually) to copy filtered resources, i.e. build is platform dependent!
2022-02-06 17:20:04,802 [Worker-113: Building] INFO  o.e.m.c.i.embedder.EclipseLogger - skip non existing resourceDirectory D:\Documents\QA Jobs\Test BL\TestingAPIBukalapak\JavaAPITesting\src\test\resources
2022-02-06 17:20:39,458 [Worker-113: Building] WARN  o.e.m.c.i.embedder.EclipseLogger - Using platform encoding (Cp1252 actually) to copy filtered resources, i.e. build is platform dependent!
2022-02-06 17:20:39,459 [Worker-113: Building] INFO  o.e.m.c.i.embedder.EclipseLogger - skip non existing resourceDirectory D:\Documents\QA Jobs\Test BL\TestingAPIBukalapak\JavaAPITesting\src\main\resources
2022-02-06 17:20:39,460 [Worker-113: Building] WARN  o.e.m.c.i.embedder.EclipseLogger - Using platform encoding (Cp1252 actually) to copy filtered resources, i.e. build is platform dependent!
2022-02-06 17:20:39,461 [Worker-113: Building] INFO  o.e.m.c.i.embedder.EclipseLogger - skip non existing resourceDirectory D:\Documents\QA Jobs\Test BL\TestingAPIBukalapak\JavaAPITesting\src\test\resources
2022-02-06 17:21:00,940 [Worker-106: Building] WARN  o.e.m.c.i.embedder.EclipseLogger - Using platform encoding (Cp1252 actually) to copy filtered resources, i.e. build is platform dependent!
2022-02-06 17:21:00,941 [Worker-106: Building] INFO  o.e.m.c.i.embedder.EclipseLogger - skip non existing resourceDirectory D:\Documents\QA Jobs\Test BL\TestingAPIBukalapak\JavaAPITesting\src\main\resources
2022-02-06 17:21:00,942 [Worker-106: Building] WARN  o.e.m.c.i.embedder.EclipseLogger - Using platform encoding (Cp1252 actually) to copy filtered resources, i.e. build is platform dependent!
2022-02-06 17:21:00,943 [Worker-106: Building] INFO  o.e.m.c.i.embedder.EclipseLogger - skip non existing resourceDirectory D:\Documents\QA Jobs\Test BL\TestingAPIBukalapak\JavaAPITesting\src\test\resources
2022-02-06 17:21:22,456 [Worker-113: Building] WARN  o.e.m.c.i.embedder.EclipseLogger - Using platform encoding (Cp1252 actually) to copy filtered resources, i.e. build is platform dependent!
2022-02-06 17:21:22,457 [Worker-113: Building] INFO  o.e.m.c.i.embedder.EclipseLogger - skip non existing resourceDirectory D:\Documents\QA Jobs\Test BL\TestingAPIBukalapak\JavaAPITesting\src\main\resources
2022-02-06 17:21:22,498 [Worker-113: Building] WARN  o.e.m.c.i.embedder.EclipseLogger - Using platform encoding (Cp1252 actually) to copy filtered resources, i.e. build is platform dependent!
2022-02-06 17:21:22,499 [Worker-113: Building] INFO  o.e.m.c.i.embedder.EclipseLogger - skip non existing resourceDirectory D:\Documents\QA Jobs\Test BL\TestingAPIBukalapak\JavaAPITesting\src\test\resources
2022-02-06 17:22:04,689 [Worker-111: Building] WARN  o.e.m.c.i.embedder.EclipseLogger - Using platform encoding (Cp1252 actually) to copy filtered resources, i.e. build is platform dependent!
2022-02-06 17:22:04,690 [Worker-111: Building] INFO  o.e.m.c.i.embedder.EclipseLogger - skip non existing resourceDirectory D:\Documents\QA Jobs\Test BL\TestingAPIBukalapak\JavaAPITesting\src\main\resources
2022-02-06 17:22:04,690 [Worker-111: Building] WARN  o.e.m.c.i.embedder.EclipseLogger - Using platform encoding (Cp1252 actually) to copy filtered resources, i.e. build is platform dependent!
2022-02-06 17:22:04,691 [Worker-111: Building] INFO  o.e.m.c.i.embedder.EclipseLogger - skip non existing resourceDirectory D:\Documents\QA Jobs\Test BL\TestingAPIBukalapak\JavaAPITesting\src\test\resources
2022-02-06 17:23:38,952 [Worker-112: Building] WARN  o.e.m.c.i.embedder.EclipseLogger - Using platform encoding (Cp1252 actually) to copy filtered resources, i.e. build is platform dependent!
2022-02-06 17:23:38,953 [Worker-112: Building] INFO  o.e.m.c.i.embedder.EclipseLogger - skip non existing resourceDirectory D:\Documents\QA Jobs\Test BL\TestingAPIBukalapak\JavaAPITesting\src\main\resources
2022-02-06 17:23:38,954 [Worker-112: Building] WARN  o.e.m.c.i.embedder.EclipseLogger - Using platform encoding (Cp1252 actually) to copy filtered resources, i.e. build is platform dependent!
2022-02-06 17:23:38,955 [Worker-112: Building] INFO  o.e.m.c.i.embedder.EclipseLogger - skip non existing resourceDirectory D:\Documents\QA Jobs\Test BL\TestingAPIBukalapak\JavaAPITesting\src\test\resources
2022-02-06 17:25:28,540 [Worker-113: Building] WARN  o.e.m.c.i.embedder.EclipseLogger - Using platform encoding (Cp1252 actually) to copy filtered resources, i.e. build is platform dependent!
2022-02-06 17:25:28,541 [Worker-113: Building] INFO  o.e.m.c.i.embedder.EclipseLogger - skip non existing resourceDirectory D:\Documents\QA Jobs\Test BL\TestingAPIBukalapak\JavaAPITesting\src\main\resources
2022-02-06 17:25:28,542 [Worker-113: Building] WARN  o.e.m.c.i.embedder.EclipseLogger - Using platform encoding (Cp1252 actually) to copy filtered resources, i.e. build is platform dependent!
2022-02-06 17:25:28,543 [Worker-113: Building] INFO  o.e.m.c.i.embedder.EclipseLogger - skip non existing resourceDirectory D:\Documents\QA Jobs\Test BL\TestingAPIBukalapak\JavaAPITesting\src\test\resources
2022-02-06 17:25:42,742 [Worker-113: Building] WARN  o.e.m.c.i.embedder.EclipseLogger - Using platform encoding (Cp1252 actually) to copy filtered resources, i.e. build is platform dependent!
2022-02-06 17:25:42,743 [Worker-113: Building] INFO  o.e.m.c.i.embedder.EclipseLogger - skip non existing resourceDirectory D:\Documents\QA Jobs\Test BL\TestingAPIBukalapak\JavaAPITesting\src\main\resources
2022-02-06 17:25:42,744 [Worker-113: Building] WARN  o.e.m.c.i.embedder.EclipseLogger - Using platform encoding (Cp1252 actually) to copy filtered resources, i.e. build is platform dependent!
2022-02-06 17:25:42,744 [Worker-113: Building] INFO  o.e.m.c.i.embedder.EclipseLogger - skip non existing resourceDirectory D:\Documents\QA Jobs\Test BL\TestingAPIBukalapak\JavaAPITesting\src\test\resources
2022-02-06 17:30:30,617 [Worker-111: Building] WARN  o.e.m.c.i.embedder.EclipseLogger - Using platform encoding (Cp1252 actually) to copy filtered resources, i.e. build is platform dependent!
2022-02-06 17:30:30,618 [Worker-111: Building] INFO  o.e.m.c.i.embedder.EclipseLogger - skip non existing resourceDirectory D:\Documents\QA Jobs\Test BL\TestingAPIBukalapak\JavaAPITesting\src\main\resources
2022-02-06 17:30:30,620 [Worker-111: Building] WARN  o.e.m.c.i.embedder.EclipseLogger - Using platform encoding (Cp1252 actually) to copy filtered resources, i.e. build is platform dependent!
2022-02-06 17:30:30,621 [Worker-111: Building] INFO  o.e.m.c.i.embedder.EclipseLogger - skip non existing resourceDirectory D:\Documents\QA Jobs\Test BL\TestingAPIBukalapak\JavaAPITesting\src\test\resources
2022-02-06 17:35:40,575 [Worker-117: Building] WARN  o.e.m.c.i.embedder.EclipseLogger - Using platform encoding (Cp1252 actually) to copy filtered resources, i.e. build is platform dependent!
2022-02-06 17:35:40,575 [Worker-117: Building] INFO  o.e.m.c.i.embedder.EclipseLogger - skip non existing resourceDirectory D:\Documents\QA Jobs\Test BL\TestingAPIBukalapak\JavaAPITesting\src\main\resources
2022-02-06 17:35:40,576 [Worker-117: Building] WARN  o.e.m.c.i.embedder.EclipseLogger - Using platform encoding (Cp1252 actually) to copy filtered resources, i.e. build is platform dependent!
2022-02-06 17:35:40,577 [Worker-117: Building] INFO  o.e.m.c.i.embedder.EclipseLogger - skip non existing resourceDirectory D:\Documents\QA Jobs\Test BL\TestingAPIBukalapak\JavaAPITesting\src\test\resources
2022-02-06 17:37:08,911 [Worker-120: Building] WARN  o.e.m.c.i.embedder.EclipseLogger - Using platform encoding (Cp1252 actually) to copy filtered resources, i.e. build is platform dependent!
2022-02-06 17:37:08,911 [Worker-120: Building] INFO  o.e.m.c.i.embedder.EclipseLogger - skip non existing resourceDirectory D:\Documents\QA Jobs\Test BL\TestingAPIBukalapak\JavaAPITesting\src\main\resources
2022-02-06 17:37:08,913 [Worker-120: Building] WARN  o.e.m.c.i.embedder.EclipseLogger - Using platform encoding (Cp1252 actually) to copy filtered resources, i.e. build is platform dependent!
2022-02-06 17:37:08,913 [Worker-120: Building] INFO  o.e.m.c.i.embedder.EclipseLogger - skip non existing resourceDirectory D:\Documents\QA Jobs\Test BL\TestingAPIBukalapak\JavaAPITesting\src\test\resources
2022-02-06 17:37:37,717 [Worker-118: Building] WARN  o.e.m.c.i.embedder.EclipseLogger - Using platform encoding (Cp1252 actually) to copy filtered resources, i.e. build is platform dependent!
2022-02-06 17:37:37,718 [Worker-118: Building] INFO  o.e.m.c.i.embedder.EclipseLogger - skip non existing resourceDirectory D:\Documents\QA Jobs\Test BL\TestingAPIBukalapak\JavaAPITesting\src\main\resources
2022-02-06 17:37:37,719 [Worker-118: Building] WARN  o.e.m.c.i.embedder.EclipseLogger - Using platform encoding (Cp1252 actually) to copy filtered resources, i.e. build is platform dependent!
2022-02-06 17:37:37,719 [Worker-118: Building] INFO  o.e.m.c.i.embedder.EclipseLogger - skip non existing resourceDirectory D:\Documents\QA Jobs\Test BL\TestingAPIBukalapak\JavaAPITesting\src\test\resources
2022-02-06 17:43:17,683 [Worker-123: Building] WARN  o.e.m.c.i.embedder.EclipseLogger - Using platform encoding (Cp1252 actually) to copy filtered resources, i.e. build is platform dependent!
2022-02-06 17:43:17,684 [Worker-123: Building] INFO  o.e.m.c.i.embedder.EclipseLogger - skip non existing resourceDirectory D:\Documents\QA Jobs\Test BL\TestingAPIBukalapak\JavaAPITesting\src\main\resources
2022-02-06 17:43:17,685 [Worker-123: Building] WARN  o.e.m.c.i.embedder.EclipseLogger - Using platform encoding (Cp1252 actually) to copy filtered resources, i.e. build is platform dependent!
2022-02-06 17:43:17,686 [Worker-123: Building] INFO  o.e.m.c.i.embedder.EclipseLogger - skip non existing resourceDirectory D:\Documents\QA Jobs\Test BL\TestingAPIBukalapak\JavaAPITesting\src\test\resources
2022-02-06 17:43:23,831 [Worker-121: Building] WARN  o.e.m.c.i.embedder.EclipseLogger - Using platform encoding (Cp1252 actually) to copy filtered resources, i.e. build is platform dependent!
2022-02-06 17:43:23,832 [Worker-121: Building] INFO  o.e.m.c.i.embedder.EclipseLogger - skip non existing resourceDirectory D:\Documents\QA Jobs\Test BL\TestingAPIBukalapak\JavaAPITesting\src\main\resources
2022-02-06 17:43:23,832 [Worker-121: Building] WARN  o.e.m.c.i.embedder.EclipseLogger - Using platform encoding (Cp1252 actually) to copy filtered resources, i.e. build is platform dependent!
2022-02-06 17:43:23,833 [Worker-121: Building] INFO  o.e.m.c.i.embedder.EclipseLogger - skip non existing resourceDirectory D:\Documents\QA Jobs\Test BL\TestingAPIBukalapak\JavaAPITesting\src\test\resources
2022-02-06 17:43:56,705 [Worker-118: Building] WARN  o.e.m.c.i.embedder.EclipseLogger - Using platform encoding (Cp1252 actually) to copy filtered resources, i.e. build is platform dependent!
2022-02-06 17:43:56,706 [Worker-118: Building] INFO  o.e.m.c.i.embedder.EclipseLogger - skip non existing resourceDirectory D:\Documents\QA Jobs\Test BL\TestingAPIBukalapak\JavaAPITesting\src\main\resources
2022-02-06 17:43:56,707 [Worker-118: Building] WARN  o.e.m.c.i.embedder.EclipseLogger - Using platform encoding (Cp1252 actually) to copy filtered resources, i.e. build is platform dependent!
2022-02-06 17:43:56,708 [Worker-118: Building] INFO  o.e.m.c.i.embedder.EclipseLogger - skip non existing resourceDirectory D:\Documents\QA Jobs\Test BL\TestingAPIBukalapak\JavaAPITesting\src\test\resources
2022-02-06 17:44:15,968 [Worker-124: Building] WARN  o.e.m.c.i.embedder.EclipseLogger - Using platform encoding (Cp1252 actually) to copy filtered resources, i.e. build is platform dependent!
2022-02-06 17:44:15,969 [Worker-124: Building] INFO  o.e.m.c.i.embedder.EclipseLogger - skip non existing resourceDirectory D:\Documents\QA Jobs\Test BL\TestingAPIBukalapak\JavaAPITesting\src\main\resources
2022-02-06 17:44:15,970 [Worker-124: Building] WARN  o.e.m.c.i.embedder.EclipseLogger - Using platform encoding (Cp1252 actually) to copy filtered resources, i.e. build is platform dependent!
2022-02-06 17:44:15,971 [Worker-124: Building] INFO  o.e.m.c.i.embedder.EclipseLogger - skip non existing resourceDirectory D:\Documents\QA Jobs\Test BL\TestingAPIBukalapak\JavaAPITesting\src\test\resources
2022-02-06 17:44:22,680 [Worker-122: Building] WARN  o.e.m.c.i.embedder.EclipseLogger - Using platform encoding (Cp1252 actually) to copy filtered resources, i.e. build is platform dependent!
2022-02-06 17:44:22,681 [Worker-122: Building] INFO  o.e.m.c.i.embedder.EclipseLogger - skip non existing resourceDirectory D:\Documents\QA Jobs\Test BL\TestingAPIBukalapak\JavaAPITesting\src\main\resources
2022-02-06 17:44:22,682 [Worker-122: Building] WARN  o.e.m.c.i.embedder.EclipseLogger - Using platform encoding (Cp1252 actually) to copy filtered resources, i.e. build is platform dependent!
2022-02-06 17:44:22,682 [Worker-122: Building] INFO  o.e.m.c.i.embedder.EclipseLogger - skip non existing resourceDirectory D:\Documents\QA Jobs\Test BL\TestingAPIBukalapak\JavaAPITesting\src\test\resources
2022-02-06 17:44:39,649 [Worker-121: Building] WARN  o.e.m.c.i.embedder.EclipseLogger - Using platform encoding (Cp1252 actually) to copy filtered resources, i.e. build is platform dependent!
2022-02-06 17:44:39,650 [Worker-121: Building] INFO  o.e.m.c.i.embedder.EclipseLogger - skip non existing resourceDirectory D:\Documents\QA Jobs\Test BL\TestingAPIBukalapak\JavaAPITesting\src\main\resources
2022-02-06 17:44:39,651 [Worker-121: Building] WARN  o.e.m.c.i.embedder.EclipseLogger - Using platform encoding (Cp1252 actually) to copy filtered resources, i.e. build is platform dependent!
2022-02-06 17:44:39,652 [Worker-121: Building] INFO  o.e.m.c.i.embedder.EclipseLogger - skip non existing resourceDirectory D:\Documents\QA Jobs\Test BL\TestingAPIBukalapak\JavaAPITesting\src\test\resources
2022-02-06 17:49:29,768 [Worker-123: Building] WARN  o.e.m.c.i.embedder.EclipseLogger - Using platform encoding (Cp1252 actually) to copy filtered resources, i.e. build is platform dependent!
2022-02-06 17:49:29,769 [Worker-123: Building] INFO  o.e.m.c.i.embedder.EclipseLogger - skip non existing resourceDirectory D:\Documents\QA Jobs\Test BL\TestingAPIBukalapak\JavaAPITesting\src\main\resources
2022-02-06 17:49:29,770 [Worker-123: Building] WARN  o.e.m.c.i.embedder.EclipseLogger - Using platform encoding (Cp1252 actually) to copy filtered resources, i.e. build is platform dependent!
2022-02-06 17:49:29,771 [Worker-123: Building] INFO  o.e.m.c.i.embedder.EclipseLogger - skip non existing resourceDirectory D:\Documents\QA Jobs\Test BL\TestingAPIBukalapak\JavaAPITesting\src\test\resources
2022-02-06 17:56:09,055 [Worker-127: Building] WARN  o.e.m.c.i.embedder.EclipseLogger - Using platform encoding (Cp1252 actually) to copy filtered resources, i.e. build is platform dependent!
2022-02-06 17:56:09,056 [Worker-127: Building] INFO  o.e.m.c.i.embedder.EclipseLogger - skip non existing resourceDirectory D:\Documents\QA Jobs\Test BL\TestingAPIBukalapak\JavaAPITesting\src\main\resources
2022-02-06 17:56:09,057 [Worker-127: Building] WARN  o.e.m.c.i.embedder.EclipseLogger - Using platform encoding (Cp1252 actually) to copy filtered resources, i.e. build is platform dependent!
2022-02-06 17:56:09,058 [Worker-127: Building] INFO  o.e.m.c.i.embedder.EclipseLogger - skip non existing resourceDirectory D:\Documents\QA Jobs\Test BL\TestingAPIBukalapak\JavaAPITesting\src\test\resources
2022-02-06 17:58:00,265 [Worker-129: Building] WARN  o.e.m.c.i.embedder.EclipseLogger - Using platform encoding (Cp1252 actually) to copy filtered resources, i.e. build is platform dependent!
2022-02-06 17:58:00,266 [Worker-129: Building] INFO  o.e.m.c.i.embedder.EclipseLogger - skip non existing resourceDirectory D:\Documents\QA Jobs\Test BL\TestingAPIBukalapak\JavaAPITesting\src\main\resources
2022-02-06 17:58:00,267 [Worker-129: Building] WARN  o.e.m.c.i.embedder.EclipseLogger - Using platform encoding (Cp1252 actually) to copy filtered resources, i.e. build is platform dependent!
2022-02-06 17:58:00,268 [Worker-129: Building] INFO  o.e.m.c.i.embedder.EclipseLogger - skip non existing resourceDirectory D:\Documents\QA Jobs\Test BL\TestingAPIBukalapak\JavaAPITesting\src\test\resources
2022-02-06 18:03:12,557 [Worker-123: Building] WARN  o.e.m.c.i.embedder.EclipseLogger - Using platform encoding (Cp1252 actually) to copy filtered resources, i.e. build is platform dependent!
2022-02-06 18:03:12,558 [Worker-123: Building] INFO  o.e.m.c.i.embedder.EclipseLogger - skip non existing resourceDirectory D:\Documents\QA Jobs\Test BL\TestingAPIBukalapak\JavaAPITesting\src\main\resources
2022-02-06 18:03:12,559 [Worker-123: Building] WARN  o.e.m.c.i.embedder.EclipseLogger - Using platform encoding (Cp1252 actually) to copy filtered resources, i.e. build is platform dependent!
2022-02-06 18:03:12,559 [Worker-123: Building] INFO  o.e.m.c.i.embedder.EclipseLogger - skip non existing resourceDirectory D:\Documents\QA Jobs\Test BL\TestingAPIBukalapak\JavaAPITesting\src\test\resources
2022-02-06 18:04:16,277 [Worker-129: Building] WARN  o.e.m.c.i.embedder.EclipseLogger - Using platform encoding (Cp1252 actually) to copy filtered resources, i.e. build is platform dependent!
2022-02-06 18:04:16,278 [Worker-129: Building] INFO  o.e.m.c.i.embedder.EclipseLogger - skip non existing resourceDirectory D:\Documents\QA Jobs\Test BL\TestingAPIBukalapak\JavaAPITesting\src\main\resources
2022-02-06 18:04:16,279 [Worker-129: Building] WARN  o.e.m.c.i.embedder.EclipseLogger - Using platform encoding (Cp1252 actually) to copy filtered resources, i.e. build is platform dependent!
2022-02-06 18:04:16,280 [Worker-129: Building] INFO  o.e.m.c.i.embedder.EclipseLogger - skip non existing resourceDirectory D:\Documents\QA Jobs\Test BL\TestingAPIBukalapak\JavaAPITesting\src\test\resources
2022-02-06 18:04:18,904 [Worker-130: Building] WARN  o.e.m.c.i.embedder.EclipseLogger - Using platform encoding (Cp1252 actually) to copy filtered resources, i.e. build is platform dependent!
2022-02-06 18:04:18,905 [Worker-130: Building] INFO  o.e.m.c.i.embedder.EclipseLogger - skip non existing resourceDirectory D:\Documents\QA Jobs\Test BL\TestingAPIBukalapak\JavaAPITesting\src\main\resources
2022-02-06 18:04:18,906 [Worker-130: Building] WARN  o.e.m.c.i.embedder.EclipseLogger - Using platform encoding (Cp1252 actually) to copy filtered resources, i.e. build is platform dependent!
2022-02-06 18:04:18,907 [Worker-130: Building] INFO  o.e.m.c.i.embedder.EclipseLogger - skip non existing resourceDirectory D:\Documents\QA Jobs\Test BL\TestingAPIBukalapak\JavaAPITesting\src\test\resources
